Vehicle_ID,Total_Frames,First_Frame,Last_Frame,Max_Speed_mph,Min_Speed_mph,Avg_Speed_mph,Total_Distance_m,Duration_seconds
6,20,1,20,40.0,18.0,34.0,9.633744223311409,0.6333333333333333
11,20,1,20,40.0,16.0,34.63157894736842,9.993433741592966,0.6333333333333333
29,20,1,20,31.0,14.0,28.263157894736842,8.305878487684694,0.6333333333333333
36,13,1,13,34.0,14.0,29.25,5.580705539791573,0.4
13,10,11,20,37.0,25.0,33.333333333333336,4.607000280923634,0.3
57,2,15,16,31.0,31.0,31.0,0.46574511926798573,0.03333333333333333
