Vehicle_ID,Class_Name,Lane_ID,Is_Emergency_Lane,Is_Speeding,Frame,Timestamp,Speed_mph,Image_X,Image_Y,World_X,World_Y,Image_Trace_Length,World_Trace_Length
4,car,10,True,False,1,2026-03-02 15:52:50.053,0.0,619.8006591796875,138.96035766601562,13.384811401367188,20.199462890625,1,1
4,car,10,True,False,2,2026-03-02 15:52:50.424,45.0,615.951171875,137.84146118164062,13.353106498718262,19.347816467285156,2,2
4,car,10,True,False,3,2026-03-02 15:52:50.796,43.0,613.4653930664062,136.71009826660156,13.370217323303223,18.562591552734375,3,3
4,car,10,True,False,4,2026-03-02 15:52:51.170,42.0,610.5468139648438,135.93685913085938,13.338781356811523,17.94131851196289,4,4
4,car,10,True,False,5,2026-03-02 15:52:51.528,37.0,608.2925415039062,135.4400177001953,13.30490493774414,17.514278411865234,5,5
4,car,10,True,False,6,2026-03-02 15:52:51.877,42.0,603.1642456054688,133.76138305664062,13.278374671936035,16.211069107055664,6,6
4,car,10,True,False,7,2026-03-02 15:52:52.222,43.0,599.59375,132.54754638671875,13.263813972473145,15.258830070495605,7,7
4,car,10,True,False,8,2026-03-02 15:52:52.574,42.0,597.321533203125,131.8987579345703,13.242645263671875,14.719130516052246,8,8
4,car,10,True,False,9,2026-03-02 15:52:52.924,38.0,595.1331176757812,131.04263305664062,13.244172096252441,14.05349063873291,9,9
4,car,10,True,False,10,2026-03-02 15:52:53.272,42.0,590.824951171875,129.01809692382812,13.280149459838867,12.50665283203125,10,10
4,car,10,True,False,11,2026-03-02 15:52:53.616,43.0,586.5682373046875,127.94137573242188,13.225921630859375,11.53082275390625,11,11
4,car,10,True,False,12,2026-03-02 15:52:53.964,42.0,583.8614501953125,127.12004852294922,13.204386711120605,10.813498497009277,12,12
4,car,10,True,False,13,2026-03-02 15:52:54.310,40.0,581.8128662109375,126.32710266113281,13.204808235168457,10.152310371398926,13,13
4,car,9,False,False,14,2026-03-02 15:52:54.664,38.0,579.29541015625,125.6455078125,13.17628288269043,9.524608612060547,14,14
4,car,9,False,False,15,2026-03-02 15:52:55.013,40.0,575.61279296875,124.66172790527344,13.132708549499512,8.603801727294922,15,15
4,car,9,False,False,16,2026-03-02 15:52:55.357,42.0,572.792236328125,123.78984832763672,13.11072063446045,7.808134078979492,16,16
4,car,9,False,False,17,2026-03-02 15:52:55.707,40.0,570.8676147460938,123.23695373535156,13.091337203979492,7.2883620262146,17,17
5,car,9,False,False,1,2026-03-02 15:52:50.053,0.0,692.9183349609375,173.52816772460938,12.877602577209473,39.21535873413086,1,1
5,car,9,False,False,2,2026-03-02 15:52:50.424,42.0,688.0765380859375,171.95794677734375,12.852889060974121,38.43031692504883,2,2
5,car,9,False,False,3,2026-03-02 15:52:50.796,43.0,683.982177734375,170.1553955078125,12.86648941040039,37.58366012573242,3,3
5,car,9,False,False,4,2026-03-02 15:52:51.170,42.0,680.1610717773438,168.89990234375,12.847786903381348,36.936431884765625,4,4
5,car,9,False,False,5,2026-03-02 15:52:51.528,38.0,676.8526611328125,167.58563232421875,12.84829330444336,36.283485412597656,5,5
5,car,9,False,False,6,2026-03-02 15:52:51.877,42.0,669.4912109375,164.9508819580078,12.827544212341309,34.908565521240234,6,6
5,car,9,False,False,7,2026-03-02 15:52:52.223,43.0,664.7415771484375,163.37008666992188,12.804755210876465,34.04671096801758,7,7
5,car,9,False,False,8,2026-03-02 15:52:52.574,42.0,660.5901489257812,161.96327209472656,12.786417007446289,33.27034378051758,8,8
5,car,9,False,False,9,2026-03-02 15:52:52.925,41.0,657.3509521484375,160.943359375,12.765913963317871,32.68755340576172,9,9
5,car,9,False,False,10,2026-03-02 15:52:53.272,42.0,651.1240844726562,158.0044403076172,12.802148818969727,31.134620666503906,10,10
5,car,9,False,False,11,2026-03-02 15:52:53.617,43.0,646.6967163085938,156.4131317138672,12.789134979248047,30.21449851989746,11,11
5,car,9,False,False,12,2026-03-02 15:52:53.964,42.0,642.74365234375,155.302978515625,12.752575874328613,29.515045166015625,12,12
5,car,9,False,False,13,2026-03-02 15:52:54.310,41.0,639.3837890625,153.96768188476562,12.752418518066406,28.73798942565918,13,13
5,car,9,False,False,14,2026-03-02 15:52:54.664,41.0,636.135009765625,153.1929168701172,12.710701942443848,28.209278106689453,14,14
5,car,9,False,False,15,2026-03-02 15:52:55.013,41.0,630.1563720703125,151.28744506835938,12.67159652709961,27.00015640258789,15,15
5,car,9,False,False,16,2026-03-02 15:52:55.357,42.0,625.9382934570312,149.63912963867188,12.668264389038086,25.98546600341797,16,16
5,car,9,False,False,17,2026-03-02 15:52:55.707,43.0,622.7937622070312,148.28733825683594,12.67587661743164,25.156015396118164,17,17
5,car,9,False,False,18,2026-03-02 15:52:56.053,44.0,620.0948486328125,146.86947631835938,12.703965187072754,24.30609893798828,18,18
5,car,9,False,False,19,2026-03-02 15:52:56.397,45.0,616.023681640625,145.5438232421875,12.678682327270508,23.406457901000977,19,19
5,car,9,False,False,20,2026-03-02 15:52:56.745,45.0,611.609375,144.1231689453125,12.649364471435547,22.422138214111328,20,20
5,car,9,False,False,21,2026-03-02 15:52:57.097,45.0,608.2991943359375,142.76535034179688,12.651931762695312,21.519344329833984,21,21
5,car,9,False,False,22,2026-03-02 15:52:57.457,45.0,604.9005126953125,141.39822387695312,12.652291297912598,20.590330123901367,22,22
5,car,9,False,False,23,2026-03-02 15:52:57.814,45.0,601.5302124023438,140.3543701171875,12.625627517700195,19.82188606262207,23,23
5,car,9,False,False,24,2026-03-02 15:52:58.170,45.0,598.6767578125,138.8174285888672,12.65972900390625,18.80308723449707,24,24
5,car,9,False,False,25,2026-03-02 15:52:58.524,46.0,593.2432861328125,137.1743927001953,12.61238956451416,17.539743423461914,24,24
5,car,9,False,False,26,2026-03-02 15:52:58.880,48.0,589.4779663085938,135.95263671875,12.586338996887207,16.599525451660156,24,24
5,car,9,False,False,27,2026-03-02 15:52:59.231,48.0,585.884765625,134.68336486816406,12.570316314697266,15.626733779907227,24,24
5,car,9,False,False,28,2026-03-02 15:52:59.588,48.0,583.1318359375,133.8668975830078,12.5438232421875,14.963013648986816,24,24
5,car,9,False,False,29,2026-03-02 15:52:59.942,48.0,580.9409790039062,133.00827026367188,12.541369438171387,14.303418159484863,24,24
5,car,9,False,False,30,2026-03-02 15:53:00.302,48.0,577.1793212890625,131.8378143310547,12.509420394897461,13.339786529541016,24,24
5,car,9,False,False,31,2026-03-02 15:53:00.657,48.0,574.2537841796875,131.05384826660156,12.472677230834961,12.658013343811035,24,24
5,car,9,False,False,32,2026-03-02 15:53:01.011,48.0,572.02392578125,130.2967071533203,12.458992958068848,12.032697677612305,24,24
5,car,9,False,False,33,2026-03-02 15:53:01.361,48.0,570.269775390625,129.77772521972656,12.441085815429688,11.5847749710083,24,24
5,car,9,False,False,34,2026-03-02 15:53:01.713,48.0,566.2952880859375,128.3653564453125,12.42187786102295,10.404040336608887,24,24
5,car,9,False,False,35,2026-03-02 15:53:02.063,48.0,562.509033203125,127.28675842285156,12.378337860107422,9.433588981628418,24,24
5,car,9,False,False,36,2026-03-02 15:53:02.408,48.0,560.4737548828125,126.56954956054688,12.367478370666504,8.813745498657227,24,24
5,car,9,False,False,37,2026-03-02 15:53:02.759,48.0,558.5177001953125,125.80316925048828,12.364174842834473,8.15979290008545,24,24
5,car,9,False,False,38,2026-03-02 15:53:03.108,48.0,556.3525390625,124.73020935058594,12.381738662719727,7.273155212402344,24,24
12,car,4,False,False,1,2026-03-02 15:52:50.053,0.0,420.15087890625,172.55267333984375,4.771157741546631,25.188610076904297,1,1
12,car,4,False,False,2,2026-03-02 15:52:50.424,46.0,422.1602478027344,174.31146240234375,4.774538516998291,26.059837341308594,2,2
12,car,4,False,False,3,2026-03-02 15:52:50.796,43.0,423.691162109375,175.85903930664062,4.770145416259766,26.80082893371582,3,3
12,car,4,False,False,4,2026-03-02 15:52:51.170,39.0,425.33026123046875,177.40829467773438,4.769078731536865,27.5360164642334,4,4
12,car,4,False,False,5,2026-03-02 15:52:51.528,39.0,427.06231689453125,178.95321655273438,4.770992279052734,28.262252807617188,5,5
12,car,4,False,False,6,2026-03-02 15:52:51.877,39.0,430.46112060546875,182.09356689453125,4.771147727966309,29.697002410888672,6,6
12,car,4,False,False,7,2026-03-02 15:52:52.223,43.0,432.8202209472656,184.3789520263672,4.767881870269775,30.7069149017334,7,7
12,car,4,False,False,8,2026-03-02 15:52:52.574,42.0,434.96051025390625,186.16513061523438,4.774055004119873,31.494342803955078,8,8
12,car,4,False,False,9,2026-03-02 15:52:52.925,41.0,436.86865234375,187.48611450195312,4.788000583648682,32.083099365234375,9,9
12,car,4,False,False,10,2026-03-02 15:52:53.272,42.0,440.1950988769531,190.48422241210938,4.790228366851807,33.343868255615234,10,10
12,car,4,False,False,11,2026-03-02 15:52:53.617,44.0,442.74798583984375,192.9628143310547,4.786445140838623,34.349403381347656,11,11
12,car,4,False,False,12,2026-03-02 15:52:53.964,46.0,444.73394775390625,195.19219970703125,4.774436950683594,35.219390869140625,12,12
12,car,4,False,False,13,2026-03-02 15:52:54.310,44.0,446.8134765625,196.87466430664062,4.781665325164795,35.88982391357422,13,13
12,car,4,False,False,14,2026-03-02 15:52:54.664,43.0,448.93463134765625,199.00064086914062,4.776714324951172,36.699302673339844,14,14
12,car,4,False,False,15,2026-03-02 15:52:55.013,45.0,452.76922607421875,202.92262268066406,4.765717506408691,38.14754104614258,15,15
12,car,4,False,False,16,2026-03-02 15:52:55.357,46.0,455.5729675292969,205.69247436523438,4.760735511779785,39.14324188232422,16,16
12,car,4,False,False,17,2026-03-02 15:52:55.708,45.0,458.10504150390625,207.71591186523438,4.769949913024902,39.875213623046875,17,17
12,car,4,False,False,18,2026-03-02 15:52:56.053,46.0,460.884033203125,210.2567138671875,4.7708306312561035,40.75886917114258,18,18
12,car,4,False,False,19,2026-03-02 15:52:56.397,45.0,463.26220703125,212.66705322265625,4.7649827003479,41.568214416503906,19,19
12,car,4,False,False,20,2026-03-02 15:52:56.745,46.0,467.19976806640625,216.53973388671875,4.75880241394043,42.837791442871094,20,20
12,car,4,False,False,21,2026-03-02 15:52:57.097,45.0,470.13909912109375,219.10906982421875,4.76302433013916,43.669681549072266,21,21
12,car,4,False,False,22,2026-03-02 15:52:57.457,46.0,473.36468505859375,221.87083435058594,4.769100189208984,44.546119689941406,22,22
12,car,4,False,False,23,2026-03-02 15:52:57.814,45.0,476.05230712890625,224.60910034179688,4.7624640464782715,45.375389099121094,23,23
12,car,4,False,False,24,2026-03-02 15:52:58.170,44.0,478.28936767578125,227.22454833984375,4.748259544372559,46.13740921020508,24,24
12,car,4,False,False,25,2026-03-02 15:52:58.524,44.0,484.23675537109375,232.91204833984375,4.744073390960693,47.778709411621094,24,24
12,car,4,False,False,26,2026-03-02 15:52:58.880,46.0,488.6143798828125,237.46583557128906,4.731915473937988,49.02540969848633,24,24
12,car,4,False,False,27,2026-03-02 15:52:59.231,47.0,491.98809814453125,240.8721923828125,4.725381374359131,49.9323616027832,24,24
12,car,4,False,False,28,2026-03-02 15:52:59.588,47.0,495.28167724609375,244.02850341796875,4.723280906677246,50.75716781616211,24,24
12,car,4,False,False,29,2026-03-02 15:52:59.942,46.0,497.9598388671875,246.67593383789062,4.719663619995117,51.4306640625,24,24
12,car,4,False,False,30,2026-03-02 15:53:00.303,46.0,503.1758117675781,252.01791381835938,4.708446502685547,52.74248504638672,24,24
12,car,4,False,False,31,2026-03-02 15:53:00.657,47.0,507.30096435546875,256.3081359863281,4.698375701904297,53.75638961791992,24,24
12,car,4,False,False,32,2026-03-02 15:53:01.011,47.0,510.6319885253906,259.6562805175781,4.693124771118164,54.5291862487793,24,24
12,car,4,False,False,33,2026-03-02 15:53:01.361,46.0,513.93310546875,262.5207824707031,4.698287010192871,55.18988037109375,24,24
12,car,4,False,False,34,2026-03-02 15:53:01.713,46.0,520.1160888671875,268.9932861328125,4.683169841766357,56.593666076660156,24,24
12,car,4,False,False,35,2026-03-02 15:53:02.063,47.0,524.7781372070312,273.85723876953125,4.6725754737854,57.60753631591797,24,24
12,car,4,False,False,36,2026-03-02 15:53:02.408,47.0,528.9532470703125,277.80810546875,4.6720194816589355,58.41781234741211,24,24
12,car,4,False,False,37,2026-03-02 15:53:02.759,47.0,532.634765625,281.2011413574219,4.673455238342285,59.09915542602539,24,24
12,car,4,False,False,38,2026-03-02 15:53:03.108,44.0,536.6881103515625,285.3614501953125,4.666162967681885,59.90007781982422,24,24
12,car,4,False,False,39,2026-03-02 15:53:03.456,44.0,543.7576904296875,292.3419189453125,4.6595048904418945,61.20262145996094,24,24
12,car,4,False,False,40,2026-03-02 15:53:03.804,47.0,549.174560546875,297.37420654296875,4.660912990570068,62.11421203613281,24,24
12,car,4,False,False,41,2026-03-02 15:53:04.148,44.0,553.6043701171875,301.9751892089844,4.652475833892822,62.90800857543945,24,24
12,car,4,False,False,42,2026-03-02 15:53:04.494,44.0,558.46142578125,306.75537109375,4.648614883422852,63.715396881103516,24,24
12,car,4,False,False,43,2026-03-02 15:53:04.836,44.0,563.3593139648438,311.79852294921875,4.640596866607666,64.53556823730469,24,24
12,car,4,False,False,44,2026-03-02 15:53:05.180,44.0,571.2328491210938,319.64276123046875,4.633086681365967,65.76851654052734,24,24
12,car,4,False,False,45,2026-03-02 15:53:05.543,44.0,577.2721557617188,325.0755615234375,4.638210296630859,66.60358428955078,24,24
12,car,4,False,False,46,2026-03-02 15:53:05.892,44.0,582.5858154296875,330.6348876953125,4.628570079803467,67.40955352783203,24,24
12,car,4,False,False,47,2026-03-02 15:53:06.244,44.0,588.3239135742188,336.187744140625,4.62644624710083,68.19939422607422,24,24
12,car,4,False,False,48,2026-03-02 15:53:06.595,44.0,594.212646484375,342.2589416503906,4.617872714996338,69.02569580078125,24,24
12,car,4,False,False,49,2026-03-02 15:53:06.943,44.0,606.048095703125,353.8682861328125,4.611418724060059,70.5428466796875,24,24
12,car,4,False,False,50,2026-03-02 15:53:07.288,44.0,614.7578735351562,362.6423034667969,4.603149890899658,71.6221694946289,24,24
12,car,4,False,False,51,2026-03-02 15:53:07.633,44.0,622.4169311523438,369.38336181640625,4.611827373504639,72.43869018554688,24,24
12,car,4,False,False,52,2026-03-02 15:53:07.979,44.0,628.677001953125,376.01190185546875,4.600985527038574,73.18708801269531,24,24
12,car,4,False,False,53,2026-03-02 15:53:08.331,43.0,634.9805908203125,382.2103576660156,4.597820281982422,73.87361907958984,24,24
12,car,4,False,False,54,2026-03-02 15:53:08.678,43.0,646.9363403320312,394.6087341308594,4.582421779632568,75.17122650146484,24,24
12,car,4,False,False,55,2026-03-02 15:53:09.064,44.0,655.4473876953125,403.3934326171875,4.572625160217285,76.04478454589844,24,24
12,car,4,False,False,56,2026-03-02 15:53:09.417,44.0,663.7431030273438,411.3660888671875,4.571950912475586,76.8172836303711,24,24
12,car,4,False,False,57,2026-03-02 15:53:09.764,43.0,670.9310302734375,418.50933837890625,4.56805419921875,77.48059844970703,24,24
12,car,4,False,False,58,2026-03-02 15:53:10.151,43.0,679.3964233398438,426.7273864746094,4.566330909729004,78.22069549560547,24,24
12,car,4,False,False,59,2026-03-02 15:53:10.579,43.0,694.2447509765625,441.76812744140625,4.555049419403076,79.4946517944336,24,24
22,car,3,False,False,1,2026-03-02 15:52:50.053,0.0,466.11358642578125,263.37042236328125,3.664090156555176,53.823360443115234,1,1
22,car,3,False,False,2,2026-03-02 15:52:50.424,52.0,469.42498779296875,267.90899658203125,3.6486127376556396,54.806861877441406,2,2
22,car,3,False,False,3,2026-03-02 15:52:50.796,48.0,472.31610107421875,271.8773193359375,3.6353940963745117,55.64113235473633,3,3
22,car,3,False,False,4,2026-03-02 15:52:51.170,49.0,475.77099609375,276.39117431640625,3.6241891384124756,56.56748962402344,4,4
22,car,3,False,False,5,2026-03-02 15:52:51.528,47.0,478.91082763671875,279.74609375,3.6276159286499023,57.25472640991211,5,5
22,car,3,False,False,6,2026-03-02 15:52:51.877,49.0,486.54119873046875,287.97393798828125,3.634324073791504,58.873199462890625,6,6
22,car,3,False,False,7,2026-03-02 15:52:52.223,51.0,491.5513000488281,293.86566162109375,3.6301794052124023,59.9659309387207,7,7
22,car,3,False,False,8,2026-03-02 15:52:52.574,49.0,495.7649230957031,299.000732421875,3.6237990856170654,60.88047790527344,8,8
22,car,3,False,False,9,2026-03-02 15:52:52.925,49.0,499.33782958984375,302.420654296875,3.6340105533599854,61.494083404541016,9,9
22,car,3,False,False,10,2026-03-02 15:52:53.272,49.0,507.1473388671875,310.43475341796875,3.646817207336426,62.8659553527832,10,10
22,car,3,False,False,11,2026-03-02 15:52:53.617,51.0,512.8675537109375,318.12554931640625,3.6269028186798096,64.07408142089844,11,11
22,car,3,False,False,12,2026-03-02 15:52:53.964,49.0,517.807861328125,324.16680908203125,3.6197192668914795,64.99592590332031,12,12
22,car,3,False,False,13,2026-03-02 15:52:54.310,49.0,522.5745849609375,329.4131164550781,3.6219005584716797,65.781982421875,13,13
22,car,3,False,False,14,2026-03-02 15:52:54.664,49.0,527.9374389648438,335.68353271484375,3.6187610626220703,66.68231964111328,14,14
22,car,3,False,False,15,2026-03-02 15:52:55.013,49.0,537.6603393554688,346.21917724609375,3.6254353523254395,68.14109802246094,15,15
22,car,3,False,False,16,2026-03-02 15:52:55.357,49.0,544.8309326171875,354.3388671875,3.6251320838928223,69.20085906982422,16,16
22,car,3,False,False,17,2026-03-02 15:52:55.708,49.0,550.7437744140625,360.7317199707031,3.6291232109069824,70.00883483886719,17,17
22,car,3,False,False,18,2026-03-02 15:52:56.053,49.0,557.3468017578125,367.8592224121094,3.6335809230804443,70.87789154052734,18,18
22,car,3,False,False,19,2026-03-02 15:52:56.397,49.0,563.7857666015625,374.96319580078125,3.6356964111328125,71.70923614501953,19,19
22,car,3,False,False,20,2026-03-02 15:52:56.745,49.0,574.6781005859375,387.93096923828125,3.6266815662384033,73.13304901123047,20,20
22,car,3,False,False,21,2026-03-02 15:52:57.097,49.0,582.720703125,396.8165283203125,3.6291751861572266,74.068359375,21,21
22,car,3,False,False,22,2026-03-02 15:52:57.457,49.0,591.0226440429688,405.11676025390625,3.6425485610961914,74.92162322998047,22,22
22,truck,3,False,False,23,2026-03-02 15:52:57.814,49.0,598.0120849609375,414.01226806640625,3.629932165145874,75.76260375976562,23,23
22,truck,3,False,False,24,2026-03-02 15:52:58.170,49.0,605.9566040039062,422.6924133300781,3.6333489418029785,76.57128143310547,24,24
22,truck,3,False,False,25,2026-03-02 15:52:58.524,49.0,623.234130859375,441.4752197265625,3.6414191722869873,78.21691131591797,24,24
22,truck,3,False,False,26,2026-03-02 15:52:58.880,49.0,636.3504638671875,455.34210205078125,3.651507616043091,79.35330200195312,24,24
2,car,8,False,False,2,2026-03-02 15:52:50.424,0.0,1102.99853515625,352.57794189453125,12.235352516174316,81.22345733642578,1,1
2,car,8,False,False,3,2026-03-02 15:52:50.796,35.0,1090.19677734375,347.1864013671875,12.238664627075195,80.55606842041016,2,2
2,car,8,False,False,4,2026-03-02 15:52:51.170,38.0,1076.43603515625,341.1853332519531,12.249855041503906,79.7999496459961,3,3
2,car,8,False,False,5,2026-03-02 15:52:51.528,40.0,1062.4918212890625,335.4299011230469,12.249467849731445,79.033935546875,4,4
2,car,8,False,False,6,2026-03-02 15:52:51.877,40.0,1038.158203125,325.58880615234375,12.241012573242188,77.65264129638672,5,5
2,car,8,False,False,7,2026-03-02 15:52:52.222,41.0,1022.5399169921875,318.99896240234375,12.245980262756348,76.69766235351562,6,6
2,car,8,False,False,8,2026-03-02 15:52:52.574,43.0,1009.9280395507812,313.1684875488281,12.270357131958008,75.84942626953125,7,7
2,car,8,False,False,9,2026-03-02 15:52:52.924,41.0,998.2977294921875,308.69085693359375,12.25729751586914,75.13011932373047,8,8
2,car,8,False,False,10,2026-03-02 15:52:53.272,43.0,979.500732421875,299.90338134765625,12.299515724182129,73.7593765258789,9,9
2,car,8,False,False,11,2026-03-02 15:52:53.616,45.0,966.04150390625,295.1165771484375,12.267569541931152,72.89781951904297,10,10
2,car,8,False,False,12,2026-03-02 15:52:53.964,43.0,955.2408447265625,290.669189453125,12.267035484313965,72.11708068847656,11,11
2,car,8,False,False,13,2026-03-02 15:52:54.310,41.0,945.775634765625,286.82537841796875,12.264232635498047,71.42020416259766,12,12
2,car,8,False,False,14,2026-03-02 15:52:54.664,43.0,936.0146484375,282.08343505859375,12.295437812805176,70.58706665039062,13,13
2,car,8,False,False,15,2026-03-02 15:52:55.013,44.0,919.9483642578125,275.5252685546875,12.29265308380127,69.3192367553711,14,14
2,car,8,False,False,16,2026-03-02 15:52:55.357,45.0,908.6922607421875,270.29766845703125,12.319637298583984,68.31045532226562,15,15
2,car,8,False,False,17,2026-03-02 15:52:55.707,44.0,899.6077880859375,266.42724609375,12.325885772705078,67.51789093017578,16,16
2,car,8,False,False,18,2026-03-02 15:52:56.053,43.0,890.8502197265625,262.6531066894531,12.3341064453125,66.72662353515625,17,17
2,car,8,False,False,19,2026-03-02 15:52:56.397,43.0,881.755615234375,258.9140319824219,12.334240913391113,65.90869903564453,18,18
2,car,9,False,False,20,2026-03-02 15:52:56.745,44.0,868.6002807617188,253.30130004882812,12.344428062438965,64.65298461914062,19,19
2,car,9,False,False,21,2026-03-02 15:52:57.097,44.0,859.253173828125,249.20046997070312,12.3575439453125,63.70988082885742,20,20
2,car,9,False,False,22,2026-03-02 15:52:57.457,45.0,850.4761352539062,245.6779327392578,12.35367202758789,62.85237503051758,21,21
2,car,9,False,False,23,2026-03-02 15:52:57.813,44.0,842.608642578125,242.37078857421875,12.357749938964844,62.0377311706543,22,22
2,car,9,False,False,24,2026-03-02 15:52:58.170,44.0,835.2655029296875,239.51559448242188,12.349687576293945,61.29935073852539,23,23
2,car,9,False,False,25,2026-03-02 15:52:58.524,44.0,820.0494995117188,233.04881286621094,12.361513137817383,59.61103820800781,24,24
2,car,9,False,False,26,2026-03-02 15:52:58.880,45.0,809.947021484375,229.06336975097656,12.353096008300781,58.5008659362793,24,24
2,car,9,False,False,27,2026-03-02 15:52:59.231,46.0,801.8355712890625,225.64971923828125,12.357802391052246,57.539363861083984,24,24
2,car,9,False,False,28,2026-03-02 15:52:59.588,46.0,795.4340209960938,223.13348388671875,12.351787567138672,56.79790496826172,24,24
2,car,9,False,False,29,2026-03-02 15:52:59.942,45.0,789.722412109375,220.93438720703125,12.343751907348633,56.13261413574219,24,24
2,car,9,False,False,30,2026-03-02 15:53:00.302,45.0,779.371826171875,216.09515380859375,12.377312660217285,54.70508575439453,24,24
2,car,9,False,False,31,2026-03-02 15:53:00.657,46.0,771.4736328125,213.13433837890625,12.361534118652344,53.74329376220703,24,24
2,car,9,False,False,32,2026-03-02 15:53:01.011,46.0,765.19189453125,210.94412231445312,12.339099884033203,52.99871826171875,24,24
2,car,9,False,False,33,2026-03-02 15:53:01.361,44.0,760.2220458984375,208.7081298828125,12.350560188293457,52.27859878540039,24,24
2,car,9,False,False,34,2026-03-02 15:53:01.713,44.0,750.63623046875,204.99307250976562,12.337520599365234,50.99763870239258,24,24
2,car,9,False,False,35,2026-03-02 15:53:02.063,46.0,742.790771484375,202.25827026367188,12.30802059173584,49.994869232177734,24,24
2,car,9,False,False,36,2026-03-02 15:53:02.408,46.0,737.64404296875,200.25473022460938,12.301005363464355,49.2679443359375,24,24
2,car,9,False,False,37,2026-03-02 15:53:02.759,46.0,733.1666259765625,198.4283905029297,12.29991340637207,48.60199737548828,24,24
2,car,9,False,False,38,2026-03-02 15:53:03.108,43.0,728.0164794921875,196.72183227539062,12.274210929870605,47.929412841796875,24,24
2,car,9,False,False,39,2026-03-02 15:53:03.456,43.0,718.9935302734375,193.1260986328125,12.266143798828125,46.55226135253906,24,24
2,car,9,False,False,40,2026-03-02 15:53:03.804,46.0,713.2943115234375,190.59915161132812,12.277179718017578,45.582767486572266,24,24
2,car,9,False,False,41,2026-03-02 15:53:04.148,46.0,708.4989624023438,188.82662963867188,12.263927459716797,44.853782653808594,24,24
2,car,9,False,False,42,2026-03-02 15:53:04.494,46.0,704.054931640625,186.79006958007812,12.276965141296387,44.04686737060547,24,24
2,car,9,False,False,43,2026-03-02 15:53:04.836,43.0,698.9993896484375,184.94309997558594,12.261293411254883,43.25531768798828,24,24
2,car,9,False,False,44,2026-03-02 15:53:05.180,43.0,691.1981201171875,181.81996154785156,12.254655838012695,41.9162712097168,24,24
2,car,9,False,False,45,2026-03-02 15:53:05.543,43.0,686.1094970703125,179.48924255371094,12.269956588745117,40.9223747253418,24,24
2,car,9,False,False,46,2026-03-02 15:53:05.892,43.0,681.788818359375,177.8839569091797,12.257829666137695,40.18586349487305,24,24
2,car,9,False,False,47,2026-03-02 15:53:06.244,45.0,677.45263671875,176.0171356201172,12.26296615600586,39.34596252441406,24,24
2,car,9,False,False,48,2026-03-02 15:53:06.595,43.0,673.2967529296875,174.7371063232422,12.232815742492676,38.70419692993164,24,24
2,car,9,False,False,49,2026-03-02 15:53:06.943,43.0,664.5491333007812,171.49234008789062,12.206376075744629,37.123504638671875,24,24
2,car,9,False,False,50,2026-03-02 15:53:07.288,43.0,658.8320922851562,169.29623413085938,12.193922996520996,36.03154373168945,24,24
2,car,9,False,False,51,2026-03-02 15:53:07.633,45.0,654.3856201171875,167.66156005859375,12.178791046142578,35.19186019897461,24,24
2,car,9,False,False,52,2026-03-02 15:53:07.979,45.0,650.7200927734375,166.2633056640625,12.169748306274414,34.46833419799805,24,24
2,car,9,False,False,53,2026-03-02 15:53:08.331,43.0,647.7901611328125,165.3138885498047,12.150270462036133,33.948089599609375,24,24
2,car,9,False,False,54,2026-03-02 15:53:08.678,43.0,641.2949829101562,162.50747680664062,12.157593727111816,32.489349365234375,24,24
2,car,9,False,False,55,2026-03-02 15:53:09.064,45.0,636.7130126953125,160.79226684570312,12.143301963806152,31.54244041442871,24,24
2,car,9,False,False,56,2026-03-02 15:53:09.417,45.0,633.2929077148438,159.58615112304688,12.12692642211914,30.854694366455078,24,24
2,car,9,False,False,57,2026-03-02 15:53:09.764,43.0,630.4476318359375,158.5020294189453,12.11916446685791,30.240428924560547,24,24
2,car,9,False,False,58,2026-03-02 15:53:10.151,42.0,627.4293212890625,157.2969970703125,12.114964485168457,29.556230545043945,24,24
2,car,9,False,False,59,2026-03-02 15:53:10.578,43.0,621.486083984375,155.05328369140625,12.09666633605957,28.238265991210938,24,24
2,car,9,False,False,60,2026-03-02 15:53:10.931,43.0,617.2542114257812,153.89529418945312,12.049592971801758,27.479318618774414,24,24
2,car,9,False,False,61,2026-03-02 15:53:11.280,45.0,614.2899169921875,152.37596130371094,12.070791244506836,26.61259651184082,24,24
2,car,9,False,False,62,2026-03-02 15:53:11.624,43.0,611.2999267578125,151.26025390625,12.060046195983887,25.91986656188965,24,24
2,car,9,False,False,63,2026-03-02 15:53:11.971,43.0,607.62841796875,149.9637451171875,12.040886878967285,25.091552734375,24,24
2,car,9,False,False,64,2026-03-02 15:53:12.320,44.0,603.19970703125,148.24603271484375,12.029521942138672,23.998737335205078,24,24
2,car,9,False,False,65,2026-03-02 15:53:12.666,44.0,599.75927734375,147.12063598632812,12.003877639770508,23.238283157348633,24,24
2,car,9,False,False,66,2026-03-02 15:53:13.012,45.0,596.5158081054688,145.7911834716797,12.000861167907715,22.374605178833008,24,24
2,car,9,False,False,67,2026-03-02 15:53:13.363,45.0,593.38916015625,144.48243713378906,12.000102043151855,21.514110565185547,24,24
2,car,8,False,False,68,2026-03-02 15:53:13.713,44.0,590.2491455078125,143.6456756591797,11.960495948791504,20.887279510498047,24,24
2,car,8,False,False,69,2026-03-02 15:53:14.063,45.0,586.13427734375,141.99000549316406,11.953564643859863,19.75525665283203,24,24
2,car,8,False,False,70,2026-03-02 15:53:14.413,44.0,583.01171875,140.811767578125,11.941756248474121,18.922714233398438,24,24
2,car,8,False,False,71,2026-03-02 15:53:14.763,44.0,579.5538330078125,139.78271484375,11.90559196472168,18.139183044433594,24,24
2,car,8,False,False,72,2026-03-02 15:53:15.114,44.0,576.886474609375,138.98104858398438,11.878005027770996,17.52288246154785,24,24
2,car,8,False,False,73,2026-03-02 15:53:15.471,44.0,571.406494140625,137.39151000976562,11.815572738647461,16.268627166748047,24,24
2,car,8,False,False,74,2026-03-02 15:53:15.820,44.0,568.1663208007812,135.72726440429688,11.83908748626709,15.088343620300293,24,24
2,car,8,False,False,75,2026-03-02 15:53:16.171,44.0,564.8699951171875,134.66726684570312,11.809439659118652,14.241908073425293,24,24
2,car,8,False,False,76,2026-03-02 15:53:16.525,44.0,562.6848754882812,134.1363525390625,11.774889945983887,13.777979850769043,24,24
2,car,8,False,False,77,2026-03-02 15:53:16.875,44.0,560.6741943359375,133.07281494140625,11.792110443115234,12.995915412902832,24,24
2,car,8,False,False,78,2026-03-02 15:53:17.225,44.0,556.569091796875,131.66378784179688,11.761695861816406,11.844915390014648,24,24
2,car,8,False,False,79,2026-03-02 15:53:17.575,44.0,553.199951171875,130.71725463867188,11.718011856079102,11.017086029052734,24,24
2,car,8,False,False,80,2026-03-02 15:53:17.928,44.0,550.764404296875,129.85467529296875,11.701618194580078,10.296477317810059,24,24
2,car,8,False,False,81,2026-03-02 15:53:18.278,44.0,548.4703369140625,129.14414978027344,11.677051544189453,9.676275253295898,24,24
2,car,8,False,False,82,2026-03-02 15:53:18.631,44.0,546.419921875,128.3831329345703,11.665959358215332,9.033307075500488,24,24
2,car,8,False,False,83,2026-03-02 15:53:18.984,44.0,542.344970703125,126.88020324707031,11.642709732055664,7.740922451019287,24,24
2,car,8,False,False,84,2026-03-02 15:53:19.342,44.0,539.4437255859375,126.14665222167969,11.595824241638184,7.034712314605713,24,24
2,car,8,False,False,85,2026-03-02 15:53:19.692,44.0,537.656982421875,125.40022277832031,11.59300708770752,6.3919358253479,24,24
2,car,8,False,False,86,2026-03-02 15:53:20.040,42.0,535.75732421875,125.02900695800781,11.552079200744629,5.99661922454834,24,24
2,car,8,False,False,87,2026-03-02 15:53:20.392,42.0,532.9249267578125,124.21683502197266,11.513788223266602,5.2201337814331055,24,24
10,car,4,False,False,27,2026-03-02 15:52:59.231,0.0,379.9213562011719,139.38235473632812,4.603454113006592,4.827028274536133,1,1
10,car,4,False,False,28,2026-03-02 15:52:59.588,33.0,380.7683410644531,140.2299041748047,4.6017560958862305,5.445209980010986,2,2
10,car,4,False,False,29,2026-03-02 15:52:59.942,26.0,381.73321533203125,140.71804809570312,4.618895530700684,5.830380916595459,3,3
10,car,4,False,False,30,2026-03-02 15:53:00.303,33.0,383.4888916015625,142.188232421875,4.626612186431885,6.898717880249023,4,4
10,car,4,False,False,31,2026-03-02 15:53:00.657,36.0,384.8773193359375,143.22576904296875,4.637548923492432,7.650391578674316,5,5
10,car,4,False,False,32,2026-03-02 15:53:01.011,34.0,385.9718017578125,144.12677001953125,4.642799377441406,8.287740707397461,6,6
10,car,4,False,False,33,2026-03-02 15:53:01.361,33.0,386.9869384765625,144.7982177734375,4.65404748916626,8.77095890045166,7,7
10,car,4,False,False,34,2026-03-02 15:53:01.713,34.0,388.3790283203125,145.89268493652344,4.662537097930908,9.53278636932373,8,8
10,car,4,False,False,35,2026-03-02 15:53:02.063,33.0,389.46417236328125,146.7694091796875,4.668159008026123,10.133556365966797,9,9
10,car,4,False,False,36,2026-03-02 15:53:02.408,34.0,390.6429443359375,147.75973510742188,4.672730922698975,10.801267623901367,10,10
10,car,4,False,False,37,2026-03-02 15:53:02.759,33.0,391.88677978515625,148.36846923828125,4.694275379180908,11.240448951721191,11,11
10,car,4,False,False,38,2026-03-02 15:53:03.108,34.0,393.06976318359375,149.58309936523438,4.6902008056640625,12.025360107421875,12,12
10,car,4,False,False,39,2026-03-02 15:53:03.456,35.0,394.5721435546875,151.086669921875,4.686590194702148,12.983305931091309,13,13
10,car,4,False,False,40,2026-03-02 15:53:03.804,35.0,395.69537353515625,152.18240356445312,4.685000896453857,13.672202110290527,14,14
10,car,4,False,False,41,2026-03-02 15:53:04.148,35.0,396.76806640625,153.2484588623047,4.682769775390625,14.33252239227295,15,15
10,car,4,False,False,42,2026-03-02 15:53:04.494,35.0,397.98443603515625,154.17218017578125,4.690865993499756,14.915196418762207,16,16
10,car,4,False,False,43,2026-03-02 15:53:04.836,34.0,399.19805908203125,155.1944122314453,4.69512939453125,15.544572830200195,17,17
10,car,4,False,False,44,2026-03-02 15:53:05.180,35.0,400.8907165527344,156.2921600341797,4.7130584716796875,16.235050201416016,18,18
10,car,4,False,False,45,2026-03-02 15:53:05.543,34.0,402.0411376953125,156.89405822753906,4.730416774749756,16.622922897338867,19,19
10,car,4,False,False,46,2026-03-02 15:53:05.892,35.0,403.348388671875,158.17723083496094,4.728017330169678,17.373565673828125,20,20
10,car,4,False,False,47,2026-03-02 15:53:06.244,35.0,404.73089599609375,159.37356567382812,4.731348037719727,18.072851181030273,21,21
10,car,4,False,False,48,2026-03-02 15:53:06.595,35.0,405.9913635253906,160.71356201171875,4.725359916687012,18.82814598083496,22,22
10,car,4,False,False,49,2026-03-02 15:53:06.943,36.0,408.1596374511719,162.53359985351562,4.7325215339660645,19.861438751220703,23,23
10,car,4,False,False,50,2026-03-02 15:53:07.288,36.0,409.8604736328125,163.95358276367188,4.738308429718018,20.6533203125,24,24
10,car,4,False,False,51,2026-03-02 15:53:07.633,36.0,410.97723388671875,165.2082061767578,4.7307209968566895,21.321063995361328,24,24
10,car,4,False,False,52,2026-03-02 15:53:07.979,36.0,412.3143005371094,166.16903686523438,4.740654468536377,21.852676391601562,24,24
10,car,4,False,False,53,2026-03-02 15:53:08.331,35.0,413.543212890625,167.0742645263672,4.748919486999512,22.346603393554688,24,24
10,car,4,False,False,54,2026-03-02 15:53:08.678,35.0,415.66351318359375,169.12184143066406,4.746211051940918,23.410076141357422,24,24
10,car,4,False,False,55,2026-03-02 15:53:09.064,36.0,417.3807678222656,170.43679809570312,4.755799293518066,24.099517822265625,24,24
10,car,4,False,False,56,2026-03-02 15:53:09.417,36.0,418.73651123046875,171.51675415039062,4.761847019195557,24.655460357666016,24,24
10,car,4,False,False,57,2026-03-02 15:53:09.764,35.0,419.90869140625,172.527587890625,4.764403820037842,25.16484260559082,24,24
10,car,4,False,False,58,2026-03-02 15:53:10.151,35.0,421.7047424316406,173.80258178710938,4.777492523193359,25.81600570678711,24,24
10,car,4,False,False,59,2026-03-02 15:53:10.579,36.0,423.696533203125,176.05555725097656,4.763767242431641,26.884363174438477,24,24
10,car,4,False,False,60,2026-03-02 15:53:10.931,37.0,425.30731201171875,177.52737426757812,4.7644429206848145,27.584468841552734,24,24
10,car,4,False,False,61,2026-03-02 15:53:11.280,36.0,426.7985534667969,178.70677185058594,4.7710700035095215,28.1478214263916,24,24
10,car,4,False,False,62,2026-03-02 15:53:11.624,35.0,428.54998779296875,179.90707397460938,4.784790515899658,28.725727081298828,24,24
10,car,4,False,False,63,2026-03-02 15:53:11.971,35.0,430.6046447753906,181.53018188476562,4.793678283691406,29.480234146118164,24,24
10,car,4,False,False,64,2026-03-02 15:53:12.320,37.0,432.67431640625,183.44012451171875,4.7936272621154785,30.33504867553711,24,24
10,car,4,False,False,65,2026-03-02 15:53:12.666,37.0,434.431640625,184.93569946289062,4.797609806060791,30.9995059967041,24,24
10,car,4,False,False,66,2026-03-02 15:53:13.012,37.0,436.0783386230469,186.2163848876953,4.80511999130249,31.567344665527344,24,24
10,car,4,False,False,67,2026-03-02 15:53:13.364,35.0,437.60992431640625,187.53433227539062,4.808013916015625,32.13634490966797,24,24
10,car,4,False,False,68,2026-03-02 15:53:13.713,35.0,439.36358642578125,189.09713745117188,4.809596061706543,32.798492431640625,24,24
10,car,4,False,False,69,2026-03-02 15:53:14.063,35.0,441.4820556640625,190.94183349609375,4.812817096710205,33.56926345825195,24,24
10,car,4,False,False,70,2026-03-02 15:53:14.413,35.0,443.7371520996094,192.75375366210938,4.820857048034668,34.32087707519531,24,24
10,car,4,False,False,71,2026-03-02 15:53:14.763,35.0,445.6513366699219,194.47752380371094,4.82188606262207,35.013179779052734,24,24
10,car,4,False,False,72,2026-03-02 15:53:15.114,35.0,447.5816650390625,195.97357177734375,4.83026123046875,35.616886138916016,24,24
10,car,4,False,False,73,2026-03-02 15:53:15.471,35.0,450.82586669921875,198.96524047851562,4.829735279083252,36.77119064331055,24,24
10,car,4,False,False,74,2026-03-02 15:53:15.820,35.0,453.732666015625,200.97860717773438,4.8490753173828125,37.561485290527344,24,24
10,car,4,False,False,75,2026-03-02 15:53:16.171,37.0,455.9549560546875,203.05331420898438,4.847795009613037,38.32693099975586,24,24
10,car,4,False,False,76,2026-03-02 15:53:16.525,37.0,457.72625732421875,204.61729431152344,4.8494157791137695,38.89842224121094,24,24
10,car,4,False,False,77,2026-03-02 15:53:16.875,35.0,459.35992431640625,205.8904571533203,4.8558173179626465,39.365753173828125,24,24
10,car,4,False,False,78,2026-03-02 15:53:17.226,35.0,462.5211486816406,209.00534057617188,4.849256992340088,40.45155715942383,24,24
10,car,4,False,False,79,2026-03-02 15:53:17.576,37.0,465.09588623046875,211.17059326171875,4.8546013832092285,41.20415115356445,24,24
10,car,4,False,False,80,2026-03-02 15:53:17.928,37.0,467.1513366699219,212.6571502685547,4.865634441375732,41.72421646118164,24,24
10,car,4,False,False,81,2026-03-02 15:53:18.278,37.0,468.79046630859375,214.02597045898438,4.869164943695068,42.18674850463867,24,24
10,car,4,False,False,82,2026-03-02 15:53:18.631,35.0,470.94940185546875,215.8567657470703,4.872971057891846,42.79536819458008,24,24
10,car,4,False,False,83,2026-03-02 15:53:18.984,35.0,474.858154296875,218.82638549804688,4.889231204986572,43.77815628051758,24,24
10,car,4,False,False,84,2026-03-02 15:53:19.342,37.0,477.15863037109375,221.052978515625,4.8854804039001465,44.4740104675293,24,24
10,car,4,False,False,85,2026-03-02 15:53:19.692,37.0,479.36236572265625,222.8446044921875,4.891215801239014,45.03803253173828,24,24
10,car,4,False,False,86,2026-03-02 15:53:20.041,36.0,482.015869140625,225.03135681152344,4.897212505340576,45.71352005004883,24,24
10,car,4,False,False,87,2026-03-02 15:53:20.392,35.0,484.5308837890625,227.18226623535156,4.900702953338623,46.3623161315918,24,24
10,car,4,False,False,88,2026-03-02 15:53:20.755,36.0,487.77386474609375,229.94961547851562,4.905273914337158,47.18040084838867,24,24
10,car,4,False,False,89,2026-03-02 15:53:21.134,36.0,490.1883544921875,232.05276489257812,4.907488822937012,47.78791427612305,24,24
10,car,4,False,False,90,2026-03-02 15:53:21.488,36.0,492.98980712890625,234.1991424560547,4.917649745941162,48.40952682495117,24,24
10,car,4,False,False,91,2026-03-02 15:53:21.841,37.0,495.8439025878906,236.85174560546875,4.915805816650391,49.14107131958008,24,24
10,car,4,False,False,92,2026-03-02 15:53:22.195,36.0,498.050537109375,238.97689819335938,4.912510395050049,49.713218688964844,24,24
10,car,4,False,False,93,2026-03-02 15:53:22.549,36.0,501.4276123046875,241.57711791992188,4.9240288734436035,50.424068450927734,24,24
10,car,4,False,False,94,2026-03-02 15:53:22.904,36.0,504.66986083984375,244.2679443359375,4.92999267578125,51.1357307434082,24,24
10,car,4,False,False,95,2026-03-02 15:53:23.254,36.0,507.4889221191406,246.60853576660156,4.93505334854126,51.74270248413086,24,24
10,car,4,False,False,96,2026-03-02 15:53:23.603,34.0,510.0173645019531,248.78985595703125,4.937492847442627,52.29522705078125,24,24
10,car,4,False,False,97,2026-03-02 15:53:23.955,34.0,514.8416748046875,253.29110717773438,4.933810234069824,53.393699645996094,24,24
10,car,4,False,False,98,2026-03-02 15:53:24.308,34.0,518.8123168945312,257.2523498535156,4.924753189086914,54.32121658325195,24,24
10,car,4,False,False,99,2026-03-02 15:53:24.672,36.0,522.5067749023438,260.25616455078125,4.93261194229126,55.02867126464844,24,24
10,car,4,False,False,100,2026-03-02 15:53:25.033,36.0,525.1011352539062,262.7984313964844,4.92789888381958,55.59842300415039,24,24
10,car,4,False,False,101,2026-03-02 15:53:25.386,34.0,527.580322265625,264.9397277832031,4.930150032043457,56.079505920410156,24,24
10,car,4,False,False,102,2026-03-02 15:53:25.749,34.0,532.345947265625,269.381591796875,4.926940441131592,57.04253005981445,24,24
10,car,4,False,False,103,2026-03-02 15:53:26.106,36.0,535.9053344726562,272.58697509765625,4.927138328552246,57.72256851196289,24,24
10,car,4,False,False,104,2026-03-02 15:53:26.459,36.0,538.916748046875,275.026611328125,4.9333930015563965,58.23912048339844,24,24
10,car,4,False,False,105,2026-03-02 15:53:26.815,36.0,541.7060546875,277.1083068847656,4.943052291870117,58.67955780029297,24,24
10,car,4,False,False,106,2026-03-02 15:53:27.171,34.0,545.100341796875,280.1075134277344,4.944334983825684,59.28462600708008,24,24
10,car,4,False,False,107,2026-03-02 15:53:27.528,34.0,550.6480712890625,284.9056701660156,4.948627948760986,60.230674743652344,24,24
10,car,4,False,False,108,2026-03-02 15:53:27.931,36.0,554.2451171875,288.6334533691406,4.938117027282715,60.9245719909668,24,24
10,car,4,False,False,109,2026-03-02 15:53:28.287,34.0,557.586669921875,291.695556640625,4.937060832977295,61.49281311035156,24,24
10,car,4,False,False,110,2026-03-02 15:53:28.643,33.0,561.50048828125,294.6390075683594,4.949334621429443,62.04790496826172,24,24
10,car,4,False,False,111,2026-03-02 15:53:28.991,33.0,565.234130859375,298.4108581542969,4.940782070159912,62.70865249633789,24,24
10,car,4,False,False,112,2026-03-02 15:53:29.341,35.0,570.830078125,303.0046081542969,4.949946880340576,63.520416259765625,24,24
10,car,4,False,False,113,2026-03-02 15:53:29.695,35.0,575.19775390625,306.88092041015625,4.9510321617126465,64.17781066894531,24,24
10,car,4,False,False,114,2026-03-02 15:53:30.045,35.0,579.3126220703125,310.59063720703125,4.950876712799072,64.79049682617188,24,24
10,car,4,False,False,115,2026-03-02 15:53:30.397,35.0,583.2679443359375,314.140380859375,4.951049327850342,65.36422729492188,24,24
10,car,4,False,False,116,2026-03-02 15:53:30.750,32.0,586.81884765625,317.79669189453125,4.942023277282715,65.92897033691406,24,24
10,car,4,False,False,117,2026-03-02 15:53:31.101,32.0,592.5020751953125,323.2432861328125,4.935751438140869,66.7574234008789,24,24
10,car,4,False,False,118,2026-03-02 15:53:31.455,35.0,597.4990844726562,327.68804931640625,4.936914443969727,67.4227523803711,24,24
10,car,4,False,False,119,2026-03-02 15:53:31.813,35.0,602.0888061523438,332.12548828125,4.931318759918213,68.06021881103516,24,24
10,car,4,False,False,120,2026-03-02 15:53:32.164,34.0,606.375732421875,336.180419921875,4.9278764724731445,68.63082885742188,24,24
10,car,4,False,False,121,2026-03-02 15:53:32.515,34.0,616.50048828125,344.10321044921875,4.949865818023682,69.74911499023438,24,24
10,car,4,False,False,122,2026-03-02 15:53:32.868,34.0,623.740966796875,350.15142822265625,4.9581756591796875,70.55865478515625,24,24
10,car,4,False,False,123,2026-03-02 15:53:33.220,35.0,629.6074829101562,355.541748046875,4.95609712600708,71.24455261230469,24,24
10,car,4,False,False,124,2026-03-02 15:53:33.573,35.0,634.8055419921875,359.58343505859375,4.9670562744140625,71.7635269165039,24,24
10,car,4,False,False,125,2026-03-02 15:53:33.923,34.0,639.3167114257812,363.24139404296875,4.973782062530518,72.2193374633789,24,24
10,car,4,False,False,126,2026-03-02 15:53:34.273,34.0,649.0668334960938,371.83514404296875,4.976263046264648,73.23793029785156,24,24
10,car,4,False,False,127,2026-03-02 15:53:34.627,35.0,656.1421508789062,377.9261169433594,4.980405807495117,73.93618774414062,24,24
10,car,4,False,False,128,2026-03-02 15:53:34.979,35.0,662.1220703125,383.185791015625,4.981976509094238,74.51919555664062,24,24
10,car,4,False,False,129,2026-03-02 15:53:35.336,35.0,667.3464965820312,387.40350341796875,4.989438533782959,74.98435974121094,24,24
10,car,4,False,False,130,2026-03-02 15:53:35.690,34.0,673.55517578125,392.4365539550781,4.9977707862854,75.5262222290039,24,24
10,car,4,False,False,131,2026-03-02 15:53:36.043,34.0,684.292236328125,401.76287841796875,5.001913070678711,76.48045349121094,24,24
10,car,4,False,False,132,2026-03-02 15:53:36.396,35.0,692.0447998046875,408.8611145019531,4.999162673950195,77.17040252685547,24,24
10,car,4,False,False,133,2026-03-02 15:53:36.751,35.0,698.464111328125,414.5940856933594,4.999155044555664,77.71392059326172,24,24
10,car,4,False,False,134,2026-03-02 15:53:37.107,34.0,704.9635620117188,420.80084228515625,4.993109703063965,78.27782440185547,24,24
10,car,4,False,False,135,2026-03-02 15:53:37.458,32.0,712.194580078125,427.02825927734375,4.9965972900390625,78.84059143066406,24,24
10,car,4,False,False,136,2026-03-02 15:53:37.814,32.0,724.0277099609375,437.47528076171875,4.998391151428223,79.74443817138672,24,24
10,car,4,False,False,137,2026-03-02 15:53:38.168,33.0,732.845947265625,444.92926025390625,5.004385471343994,80.37065124511719,24,24
15,car,3,False,False,42,2026-03-02 15:53:04.494,0.0,352.578125,143.7786865234375,3.4056594371795654,5.859950065612793,1,1
15,car,3,False,False,43,2026-03-02 15:53:04.836,49.0,353.859375,145.08981323242188,3.411983013153076,6.782461166381836,2,2
15,car,3,False,False,44,2026-03-02 15:53:05.180,48.0,355.0311584472656,146.36502075195312,3.415274143218994,7.660245895385742,3,3
15,car,3,False,False,45,2026-03-02 15:53:05.544,47.0,355.86572265625,147.01947021484375,3.425558567047119,8.120414733886719,4,4
15,car,3,False,False,46,2026-03-02 15:53:05.892,43.0,356.9790344238281,148.13815307617188,3.4314510822296143,8.878121376037598,5,5
15,car,3,False,False,47,2026-03-02 15:53:06.244,40.0,358.0759582519531,149.15225219726562,3.4399189949035645,9.561511039733887,6,6
15,car,3,False,False,48,2026-03-02 15:53:06.595,38.0,359.02191162109375,150.16268920898438,3.442925453186035,10.224645614624023,7,7
15,car,3,False,False,49,2026-03-02 15:53:06.943,40.0,360.8175354003906,151.71453857421875,3.4597716331481934,11.248612403869629,8,8
15,car,3,False,False,50,2026-03-02 15:53:07.288,43.0,362.3565673828125,153.1478271484375,3.470802068710327,12.169851303100586,9,9
15,car,3,False,False,51,2026-03-02 15:53:07.633,40.0,363.48956298828125,154.15696716308594,3.4802005290985107,12.811958312988281,10,10
15,car,3,False,False,52,2026-03-02 15:53:07.979,38.0,364.3608093261719,155.22415161132812,3.4785337448120117,13.462737083435059,11,11
15,car,3,False,False,53,2026-03-02 15:53:08.331,36.0,365.15118408203125,155.864501953125,3.4869067668914795,13.86543083190918,12,12
15,car,3,False,False,54,2026-03-02 15:53:08.678,38.0,366.8373718261719,158.06338500976562,3.479679584503174,15.164093971252441,13,13
15,car,3,False,False,55,2026-03-02 15:53:09.064,40.0,368.271728515625,159.6259307861328,3.4827380180358887,16.08074378967285,14,14
15,car,3,False,False,56,2026-03-02 15:53:09.417,38.0,369.63232421875,160.76901245117188,3.4955248832702637,16.758947372436523,15,15
15,car,3,False,False,57,2026-03-02 15:53:09.764,36.0,370.6673583984375,161.67849731445312,3.5039710998535156,17.28941535949707,16,16
15,car,3,False,False,58,2026-03-02 15:53:10.152,36.0,371.6448669433594,162.84519958496094,3.50291109085083,17.941789627075195,17,17
15,car,3,False,False,59,2026-03-02 15:53:10.579,36.0,373.3486633300781,164.82164001464844,3.502737283706665,19.030134201049805,18,18
15,car,3,False,False,60,2026-03-02 15:53:10.932,38.0,374.3580322265625,166.33932495117188,3.492757558822632,19.83294105529785,19,19
15,car,3,False,False,61,2026-03-02 15:53:11.280,36.0,375.49505615234375,167.16880798339844,3.5065689086914062,20.298452377319336,20,20
15,car,3,False,False,62,2026-03-02 15:53:11.624,38.0,376.7592468261719,168.56802368164062,3.5083069801330566,21.038084030151367,21,21
15,car,3,False,False,63,2026-03-02 15:53:11.971,39.0,378.2943115234375,170.41888427734375,3.5061469078063965,21.991695404052734,22,22
15,car,3,False,False,64,2026-03-02 15:53:12.320,40.0,380.08148193359375,172.35211181640625,3.5097944736480713,22.977258682250977,23,23
15,car,3,False,False,65,2026-03-02 15:53:12.666,40.0,381.66790771484375,173.82025146484375,3.519761085510254,23.72418212890625,24,24
15,car,3,False,False,66,2026-03-02 15:53:13.012,39.0,382.8792419433594,175.14614868164062,3.5216777324676514,24.3770809173584,24,24
15,car,3,False,False,67,2026-03-02 15:53:13.364,38.0,384.12603759765625,176.6424560546875,3.520063877105713,25.096696853637695,24,24
15,car,3,False,False,68,2026-03-02 15:53:13.713,38.0,385.5,178.1232147216797,3.522822380065918,25.804946899414062,24,24
15,car,3,False,False,69,2026-03-02 15:53:14.063,38.0,387.22918701171875,179.977294921875,3.52648663520813,26.676864624023438,24,24
15,car,3,False,False,70,2026-03-02 15:53:14.413,39.0,388.8442077636719,181.67037963867188,3.5308632850646973,27.46034812927246,24,24
15,car,3,False,False,71,2026-03-02 15:53:14.763,39.0,390.70953369140625,183.1402587890625,3.548548936843872,28.152509689331055,24,24
15,car,3,False,False,72,2026-03-02 15:53:15.114,38.0,392.1266174316406,184.66348266601562,3.5511837005615234,28.8334903717041,24,24
15,car,3,False,False,73,2026-03-02 15:53:15.471,38.0,394.544189453125,187.06912231445312,3.5605621337890625,29.896501541137695,24,24
15,car,3,False,False,74,2026-03-02 15:53:15.820,39.0,396.43072509765625,189.10812377929688,3.563586473464966,30.769872665405273,24,24
15,car,3,False,False,75,2026-03-02 15:53:16.171,40.0,397.92535400390625,190.99508666992188,3.5590596199035645,31.550718307495117,24,24
15,car,3,False,False,76,2026-03-02 15:53:16.525,40.0,399.3699951171875,192.67929077148438,3.5582644939422607,32.24075698852539,24,24
15,car,3,False,False,77,2026-03-02 15:53:16.875,39.0,400.59320068359375,193.95948791503906,3.5612382888793945,32.763553619384766,24,24
15,car,3,False,False,78,2026-03-02 15:53:17.226,39.0,403.411865234375,196.95709228515625,3.566779851913452,33.96063995361328,24,24
15,car,3,False,False,79,2026-03-02 15:53:17.576,40.0,405.3696594238281,199.15309143066406,3.5677590370178223,34.81131362915039,24,24
15,car,3,False,False,80,2026-03-02 15:53:17.928,40.0,406.96356201171875,201.14462280273438,3.56362247467041,35.55965805053711,24,24
15,car,3,False,False,81,2026-03-02 15:53:18.278,40.0,408.3863525390625,202.73818969726562,3.564401388168335,36.15501022338867,24,24
15,car,3,False,False,82,2026-03-02 15:53:18.631,40.0,410.29547119140625,204.33563232421875,3.5782885551452637,36.7640266418457,24,24
15,car,3,False,False,83,2026-03-02 15:53:18.985,40.0,413.1593322753906,207.3509979248047,3.584129810333252,37.857749938964844,24,24
15,car,3,False,False,84,2026-03-02 15:53:19.342,40.0,415.44287109375,209.97653198242188,3.5835249423980713,38.77711486816406,24,24
15,car,3,False,False,85,2026-03-02 15:53:19.692,40.0,417.3143310546875,211.72084045410156,3.592439889907837,39.39079666137695,24,24
15,car,3,False,False,86,2026-03-02 15:53:20.041,40.0,419.4750671386719,213.8723602294922,3.599405527114868,40.12860107421875,24,24
15,car,3,False,False,87,2026-03-02 15:53:20.392,39.0,421.4534912109375,216.07369995117188,3.600409984588623,40.85966110229492,24,24
15,car,3,False,False,88,2026-03-02 15:53:20.755,39.0,424.1252136230469,219.16409301757812,3.59909987449646,41.85836410522461,24,24
15,car,3,False,False,89,2026-03-02 15:53:21.134,39.0,426.4698486328125,221.31900024414062,3.610339641571045,42.55820083618164,24,24
15,car,3,False,False,90,2026-03-02 15:53:21.488,39.0,428.48248291015625,223.1273193359375,3.6207399368286133,43.1373291015625,24,24
15,car,3,False,False,91,2026-03-02 15:53:21.841,40.0,430.60406494140625,225.9842529296875,3.6107189655303955,43.99354934692383,24,24
15,car,3,False,False,92,2026-03-02 15:53:22.196,39.0,432.53680419921875,228.06661987304688,3.613023519515991,44.61963653564453,24,24
15,car,3,False,False,93,2026-03-02 15:53:22.549,39.0,435.4093933105469,230.69873046875,3.626283645629883,45.411834716796875,24,24
15,car,3,False,False,94,2026-03-02 15:53:22.905,40.0,437.77734375,233.3590087890625,3.626572608947754,46.17536163330078,24,24
15,car,3,False,False,95,2026-03-02 15:53:23.254,40.0,439.9493408203125,235.66961669921875,3.629554510116577,46.82950210571289,24,24
15,car,3,False,False,96,2026-03-02 15:53:23.603,39.0,442.01483154296875,237.67025756835938,3.636443614959717,47.39284896850586,24,24
15,car,3,False,False,97,2026-03-02 15:53:23.955,39.0,445.6077880859375,241.45718383789062,3.6418423652648926,48.42355728149414,24,24
15,car,3,False,False,98,2026-03-02 15:53:24.308,39.0,448.60113525390625,244.65487670898438,3.6453487873077393,49.26884460449219,24,24
15,car,3,False,False,99,2026-03-02 15:53:24.672,39.0,450.6674499511719,246.917236328125,3.646608829498291,49.85252380371094,24,24
15,car,3,False,False,100,2026-03-02 15:53:25.033,39.0,452.458984375,248.7085723876953,3.651095151901245,50.3128662109375,24,24
15,car,3,False,False,101,2026-03-02 15:53:25.386,39.0,454.30316162109375,250.5408172607422,3.6558830738067627,50.77762985229492,24,24
15,car,3,False,False,102,2026-03-02 15:53:25.749,39.0,457.57745361328125,254.3013458251953,3.6542320251464844,51.694393157958984,24,24
15,car,3,False,False,103,2026-03-02 15:53:26.106,37.0,459.9193115234375,257.11944580078125,3.6505813598632812,52.360992431640625,24,24
15,car,3,False,False,104,2026-03-02 15:53:26.459,37.0,461.8570556640625,259.54205322265625,3.645869731903076,52.92058563232422,24,24
15,car,3,False,False,105,2026-03-02 15:53:26.815,37.0,463.5221862792969,261.5722351074219,3.6428720951080322,53.3832893371582,24,24
15,car,3,False,False,106,2026-03-02 15:53:27.171,35.0,465.394287109375,263.86846923828125,3.6392948627471924,53.89811706542969,24,24
15,car,3,False,False,107,2026-03-02 15:53:27.528,35.0,468.30474853515625,267.59112548828125,3.6309990882873535,54.71097183227539,24,24
15,car,3,False,False,108,2026-03-02 15:53:27.931,35.0,470.4857177734375,270.4863586425781,3.6229777336120605,55.32588195800781,24,24
15,car,3,False,False,109,2026-03-02 15:53:28.287,35.0,472.16326904296875,272.4525146484375,3.6216847896575928,55.742462158203125,24,24
15,car,3,False,False,110,2026-03-02 15:53:28.643,33.0,473.9349670410156,274.6370544433594,3.618377208709717,56.195823669433594,24,24
15,car,3,False,False,111,2026-03-02 15:53:28.991,33.0,475.8204345703125,277.04168701171875,3.613476514816284,56.68502426147461,24,24
15,car,3,False,False,112,2026-03-02 15:53:29.341,33.0,478.17926025390625,280.6752014160156,3.5963690280914307,57.394447326660156,24,24
15,car,3,False,False,113,2026-03-02 15:53:29.695,33.0,480.0853271484375,283.2874755859375,3.5885159969329834,57.900028228759766,24,24
15,car,3,False,False,114,2026-03-02 15:53:30.045,31.0,481.7372131347656,285.85467529296875,3.576559066772461,58.3818473815918,24,24
15,car,3,False,False,115,2026-03-02 15:53:30.397,30.0,482.9865417480469,288.7076721191406,3.5520269870758057,58.89080047607422,24,24
15,car,3,False,False,116,2026-03-02 15:53:30.750,30.0,484.028076171875,291.23577880859375,3.5293948650360107,59.332061767578125,24,24
15,car,3,False,False,117,2026-03-02 15:53:31.101,30.0,484.7459411621094,295.00213623046875,3.4803543090820312,59.95267868041992,24,24
15,car,3,False,False,118,2026-03-02 15:53:31.455,27.0,484.96136474609375,298.21478271484375,3.4318976402282715,60.459373474121094,24,24
15,car,3,False,False,119,2026-03-02 15:53:31.813,27.0,484.3804626464844,301.2847900390625,3.3716788291931152,60.912445068359375,24,24
15,car,3,False,False,120,2026-03-02 15:53:32.164,27.0,484.0191650390625,304.08734130859375,3.3208465576171875,61.32325744628906,24,24
15,car,3,False,False,121,2026-03-02 15:53:32.515,27.0,483.43804931640625,309.08050537109375,3.233556032180786,62.039695739746094,24,24
15,car,3,False,False,122,2026-03-02 15:53:32.868,27.0,482.9202575683594,312.593017578125,3.171719789505005,62.528038024902344,24,24
15,car,3,False,False,123,2026-03-02 15:53:33.220,27.0,482.42022705078125,315.40167236328125,3.1216423511505127,62.90898513793945,24,24
15,car,3,False,False,124,2026-03-02 15:53:33.573,27.0,481.92626953125,318.0899963378906,3.074205160140991,63.26734924316406,24,24
15,car,3,False,False,125,2026-03-02 15:53:33.923,26.0,481.232421875,320.2491455078125,3.0313453674316406,63.54345703125,24,24
15,car,3,False,False,126,2026-03-02 15:53:34.273,26.0,479.4795837402344,324.17572021484375,2.9460983276367188,64.02433013916016,24,24
15,car,3,False,False,127,2026-03-02 15:53:34.627,25.0,478.0670166015625,327.25286865234375,2.879932165145874,64.39274597167969,24,24
15,car,3,False,False,128,2026-03-02 15:53:34.979,25.0,476.87841796875,329.726806640625,2.8266441822052,64.68301391601562,24,24
15,car,2,False,False,129,2026-03-02 15:53:35.336,25.0,475.5494384765625,331.34710693359375,2.7826178073883057,64.85725402832031,24,24
15,car,2,False,False,130,2026-03-02 15:53:35.690,24.0,474.2833251953125,333.5819091796875,2.732285499572754,65.10905456542969,24,24
15,car,2,False,False,131,2026-03-02 15:53:36.043,24.0,471.28594970703125,337.78350830078125,2.628824234008789,65.55908203125,24,24
15,car,2,False,False,132,2026-03-02 15:53:36.396,24.0,469.277099609375,340.3480224609375,2.5637967586517334,65.82440948486328,24,24
15,car,2,False,False,133,2026-03-02 15:53:36.751,24.0,467.62603759765625,342.43316650390625,2.511284351348877,66.03703308105469,24,24
15,car,2,False,False,134,2026-03-02 15:53:37.107,23.0,465.7785339355469,344.4706115722656,2.4566190242767334,66.23692321777344,24,24
15,car,2,False,False,135,2026-03-02 15:53:37.458,22.0,463.8124084472656,346.5764465332031,2.399794101715088,66.4399185180664,24,24
15,car,2,False,False,136,2026-03-02 15:53:37.814,20.0,460.9637451171875,349.85626220703125,2.31605863571167,66.75665283203125,24,24
15,car,2,False,False,137,2026-03-02 15:53:38.168,19.0,458.8970947265625,352.0047607421875,2.25868821144104,66.9565200805664,24,24
15,car,2,False,False,138,2026-03-02 15:53:38.521,19.0,456.9911804199219,353.69873046875,2.2093842029571533,67.10611724853516,24,24
15,car,2,False,False,139,2026-03-02 15:53:38.873,17.0,455.68072509765625,355.4173583984375,2.1699442863464355,67.27098083496094,24,24
15,car,2,False,False,140,2026-03-02 15:53:39.226,15.0,454.2222900390625,357.0567626953125,2.1292693614959717,67.42208099365234,24,24
15,car,2,False,False,141,2026-03-02 15:53:39.578,15.0,452.31915283203125,359.6497497558594,2.0721325874328613,67.66771697998047,24,24
15,car,2,False,False,142,2026-03-02 15:53:39.938,14.0,450.66778564453125,361.73858642578125,2.0247585773468018,67.86054992675781,24,24
15,car,2,False,False,143,2026-03-02 15:53:40.291,13.0,449.39154052734375,363.7229919433594,1.9848843812942505,68.04845428466797,24,24
15,car,2,False,False,144,2026-03-02 15:53:40.647,13.0,447.7827453613281,365.1806945800781,1.9451777935028076,68.17019653320312,24,24
15,car,2,False,False,145,2026-03-02 15:53:40.998,12.0,445.88604736328125,367.7775573730469,1.8904680013656616,68.4065170288086,24,24
15,car,2,False,False,146,2026-03-02 15:53:41.351,11.0,445.072021484375,369.8117980957031,1.8586678504943848,68.60440063476562,24,24
15,car,2,False,False,147,2026-03-02 15:53:41.709,11.0,444.661376953125,371.7527160644531,1.834356665611267,68.79938507080078,24,24
15,car,2,False,False,148,2026-03-02 15:53:42.081,11.0,444.00286865234375,373.1929016113281,1.810955286026001,68.93506622314453,24,24
15,car,2,False,False,149,2026-03-02 15:53:42.443,11.0,443.1952209472656,374.208984375,1.7892106771469116,69.02269744873047,24,24
15,car,2,False,False,150,2026-03-02 15:53:42.799,10.0,440.65203857421875,376.2132568359375,1.7319273948669434,69.17356872558594,24,24
15,car,2,False,False,151,2026-03-02 15:53:43.154,10.0,438.61114501953125,378.2646484375,1.6825306415557861,69.33866119384766,24,24
15,car,2,False,False,152,2026-03-02 15:53:43.511,10.0,437.03448486328125,379.5301818847656,1.64742112159729,69.43283081054688,24,24
15,car,2,False,False,153,2026-03-02 15:53:43.864,10.0,435.539794921875,380.3923034667969,1.6171737909317017,69.48760223388672,24,24
15,car,2,False,False,154,2026-03-02 15:53:44.223,10.0,433.59185791015625,381.63433837890625,1.5769546031951904,69.57052612304688,24,24
15,car,1,True,False,155,2026-03-02 15:53:44.579,9.0,430.03363037109375,384.1148681640625,1.502384066581726,69.74178314208984,24,24
15,car,1,True,False,156,2026-03-02 15:53:44.934,9.0,427.15777587890625,385.271240234375,1.4494470357894897,69.79505157470703,24,24
15,car,1,True,False,157,2026-03-02 15:53:45.292,9.0,424.4869384765625,386.73101806640625,1.397534966468811,69.88223266601562,24,24
15,car,1,True,False,158,2026-03-02 15:53:45.653,8.0,422.22088623046875,387.8851318359375,1.3544083833694458,69.9474868774414,24,24
15,car,1,True,False,159,2026-03-02 15:53:46.006,8.0,419.4542541503906,389.6597900390625,1.2993310689926147,70.06224822998047,24,24
15,car,1,True,False,160,2026-03-02 15:53:46.361,8.0,414.7335205078125,392.2869873046875,1.2092746496200562,70.21736145019531,24,24
15,car,1,True,False,161,2026-03-02 15:53:46.718,8.0,411.266357421875,393.6781311035156,1.1475977897644043,70.27860260009766,24,24
15,car,1,True,False,162,2026-03-02 15:53:47.076,7.0,408.4283752441406,394.99493408203125,1.096168875694275,70.34544372558594,24,24
15,car,1,True,False,163,2026-03-02 15:53:47.434,7.0,405.3275451660156,395.920166015625,1.0437825918197632,70.3692398071289,24,24
15,car,1,True,False,164,2026-03-02 15:53:47.803,6.0,402.2372741699219,397.0721130371094,0.9902624487876892,70.41465759277344,24,24
15,car,1,True,False,165,2026-03-02 15:53:48.179,5.0,397.7263488769531,398.2939453125,0.9155614376068115,70.43717956542969,24,24
15,car,1,True,False,166,2026-03-02 15:53:48.535,5.0,394.29913330078125,399.2322998046875,0.8589995503425598,70.45515441894531,24,24
15,car,1,True,False,167,2026-03-02 15:53:48.889,5.0,390.55517578125,400.1897888183594,0.7978765964508057,70.46836853027344,24,24
15,car,1,True,False,168,2026-03-02 15:53:49.244,5.0,387.3031005859375,400.85369873046875,0.7459815144538879,70.46405029296875,24,24
15,car,1,True,False,169,2026-03-02 15:53:49.607,4.0,381.89544677734375,401.85546875,0.6605799794197083,70.44731903076172,24,24
15,car,1,True,False,170,2026-03-02 15:53:49.969,4.0,379.26800537109375,402.2310791015625,0.619833767414093,70.42880249023438,24,24
15,car,1,True,False,171,2026-03-02 15:53:50.334,4.0,378.087646484375,402.514892578125,0.6009019613265991,70.43126678466797,24,24
15,car,1,True,False,172,2026-03-02 15:53:50.700,4.0,377.75396728515625,402.62750244140625,0.5953730940818787,70.43499755859375,24,24
15,car,1,True,False,173,2026-03-02 15:53:51.072,3.0,378.00726318359375,402.41607666015625,0.6002752780914307,70.42037200927734,24,24
15,car,1,True,False,174,2026-03-02 15:53:51.438,3.0,379.35986328125,402.07000732421875,0.6220942735671997,70.41557312011719,24,24
15,car,1,True,False,175,2026-03-02 15:53:51.801,3.0,380.82611083984375,402.84893798828125,0.6391984820365906,70.51841735839844,24,24
15,car,1,True,False,176,2026-03-02 15:53:52.162,3.0,381.852783203125,403.41497802734375,0.6510172486305237,70.59210205078125,24,24
15,car,1,True,False,177,2026-03-02 15:53:52.537,3.0,382.479736328125,404.0022277832031,0.6568366885185242,70.659423828125,24,24
15,car,1,True,False,178,2026-03-02 15:53:52.908,3.0,382.7176513671875,404.56011962890625,0.6571269631385803,70.71593475341797,24,24
15,car,1,True,False,179,2026-03-02 15:53:53.262,3.0,381.58587646484375,405.4772644042969,0.6354119777679443,70.77767181396484,24,24
15,car,1,True,False,180,2026-03-02 15:53:53.617,3.0,380.841064453125,406.3355712890625,0.619744062423706,70.8415756225586,24,24
15,car,1,True,False,181,2026-03-02 15:53:53.970,2.0,379.95245361328125,406.8831787109375,0.6037735342979431,70.87386322021484,24,24
15,car,1,True,False,182,2026-03-02 15:53:54.371,1.0,378.8608093261719,407.44866943359375,0.5847968459129333,70.90362548828125,24,24
15,car,1,True,False,183,2026-03-02 15:53:54.727,1.0,377.6938171386719,407.9312744140625,0.5652264952659607,70.92422485351562,24,24
15,car,1,True,False,184,2026-03-02 15:53:55.081,1.0,376.0562744140625,408.2794189453125,0.5396042466163635,70.92304992675781,24,24
15,car,1,True,False,185,2026-03-02 15:53:55.436,1.0,374.3086242675781,408.30206298828125,0.5141547322273254,70.88995361328125,24,24
15,car,1,True,False,186,2026-03-02 15:53:55.798,1.0,372.84356689453125,408.654052734375,0.4910614788532257,70.89262390136719,24,24
15,car,1,True,False,187,2026-03-02 15:53:56.152,1.0,371.67962646484375,409.0469970703125,0.4721464514732361,70.90507507324219,24,24
15,car,1,True,False,188,2026-03-02 15:53:56.504,1.0,370.545654296875,409.22222900390625,0.4548228085041046,70.89826965332031,24,24
15,car,1,True,False,189,2026-03-02 15:53:56.857,1.0,369.3283996582031,409.31103515625,0.4367489516735077,70.88191986083984,24,24
15,car,1,True,False,190,2026-03-02 15:53:57.209,1.0,368.0738830566406,409.687744140625,0.4166754186153412,70.89106750488281,24,24
15,car,1,True,False,191,2026-03-02 15:53:57.559,1.0,366.77374267578125,410.27178955078125,0.39493128657341003,70.91814422607422,24,24
15,car,1,True,False,192,2026-03-02 15:53:57.911,1.0,365.827880859375,410.31048583984375,0.38107359409332275,70.9027099609375,24,24
15,car,1,True,False,193,2026-03-02 15:53:58.265,1.0,364.6513671875,409.96539306640625,0.36578691005706787,70.84769439697266,24,24
15,car,1,True,False,194,2026-03-02 15:53:58.618,1.0,364.16552734375,409.960205078125,0.35878682136535645,70.83747100830078,24,24
15,car,1,True,False,195,2026-03-02 15:53:58.968,1.0,364.11181640625,409.84149169921875,0.3585972189903259,70.82556915283203,24,24
15,car,1,True,False,196,2026-03-02 15:53:59.319,1.0,364.11151123046875,409.94683837890625,0.3580717444419861,70.83516693115234,24,24
15,car,1,True,False,197,2026-03-02 15:53:59.669,1.0,364.3251953125,409.8820495605469,0.3614829480648041,70.83354949951172,24,24
15,car,1,True,False,198,2026-03-02 15:54:00.018,1.0,364.6277770996094,409.91973876953125,0.3656723201274872,70.84305572509766,24,24
15,car,1,True,False,199,2026-03-02 15:54:00.369,1.0,364.9765319824219,410.37005615234375,0.3684781789779663,70.89106750488281,24,24
15,car,1,True,False,200,2026-03-02 15:54:00.722,1.0,365.09271240234375,410.57708740234375,0.3691285252571106,70.91221618652344,24,24
15,car,1,True,False,201,2026-03-02 15:54:01.075,1.0,365.370361328125,410.4259948730469,0.3738889694213867,70.90404510498047,24,24
15,car,1,True,False,202,2026-03-02 15:54:01.431,1.0,365.76641845703125,410.0962829589844,0.38125544786453247,70.8819808959961,24,24
15,car,1,True,False,203,2026-03-02 15:54:01.787,1.0,367.01544189453125,409.3848876953125,0.40289685130119324,70.84220123291016,24,24
15,car,1,True,False,204,2026-03-02 15:54:02.137,1.0,368.5960388183594,408.75689697265625,0.42898499965667725,70.81658935546875,24,24
15,car,1,True,False,205,2026-03-02 15:54:02.492,1.0,370.54852294921875,408.6807861328125,0.45767107605934143,70.84890747070312,24,24
15,car,1,True,False,206,2026-03-02 15:54:02.847,1.0,371.17352294921875,408.7216796875,0.46651390194892883,70.8652114868164,24,24
15,car,1,True,False,207,2026-03-02 15:54:03.221,1.0,374.35748291015625,408.8636474609375,0.5118749737739563,70.94216918945312,24,24
15,car,1,True,False,208,2026-03-02 15:54:03.613,1.0,375.32940673828125,408.6593017578125,0.5270358920097351,70.94307708740234,24,24
15,car,1,True,False,209,2026-03-02 15:54:03.982,1.0,376.55291748046875,408.793701171875,0.5440261960029602,70.97990417480469,24,24
15,car,1,True,False,210,2026-03-02 15:54:04.348,1.0,375.6846923828125,408.975341796875,0.5304865837097168,70.97899627685547,24,24
15,car,1,True,False,211,2026-03-02 15:54:04.708,1.0,377.9252624511719,409.09552001953125,0.562246561050415,71.03489685058594,24,24
15,car,1,True,False,212,2026-03-02 15:54:05.069,1.0,377.7777099609375,409.19439697265625,0.5595769882202148,71.0409164428711,24,24
15,car,1,True,False,213,2026-03-02 15:54:05.435,0.0,378.09161376953125,409.16650390625,0.5642663836479187,71.04468536376953,24,24
15,car,1,True,False,214,2026-03-02 15:54:05.796,0.0,377.8626708984375,409.05474853515625,0.561562716960907,71.02993774414062,24,24
15,car,1,True,False,215,2026-03-02 15:54:06.161,0.0,377.30377197265625,409.05303955078125,0.5534893274307251,71.01856994628906,24,24
15,car,1,True,False,216,2026-03-02 15:54:06.523,0.0,377.3079528808594,409.1316223144531,0.5531249642372131,71.02578735351562,24,24
15,car,1,True,False,217,2026-03-02 15:54:06.886,0.0,377.4482421875,409.1859130859375,0.5548598170280457,71.03353881835938,24,24
15,car,1,True,False,218,2026-03-02 15:54:07.260,0.0,377.47613525390625,409.15484619140625,0.5554311275482178,71.0312728881836,24,24
15,car,1,True,False,219,2026-03-02 15:54:07.634,0.0,377.58941650390625,409.068115234375,0.5575386881828308,71.02567291259766,24,24
15,car,1,True,False,220,2026-03-02 15:54:08.000,0.0,377.35675048828125,409.059814453125,0.5542188882827759,71.02024841308594,24,24
15,car,1,True,False,221,2026-03-02 15:54:08.356,0.0,377.1775817871094,409.04083251953125,0.5517302751541138,71.01492309570312,24,24
15,car,1,True,False,222,2026-03-02 15:54:08.751,0.0,377.28387451171875,409.0523681640625,0.5532051920890808,71.01810455322266,24,24
15,car,1,True,False,223,2026-03-02 15:54:09.151,0.0,377.45587158203125,409.0953063964844,0.5554602742195129,71.02545928955078,24,24
15,car,1,True,False,224,2026-03-02 15:54:09.509,0.0,377.373291015625,409.11297607421875,0.554170548915863,71.02540588378906,24,24
15,car,1,True,False,225,2026-03-02 15:54:09.865,0.0,377.24749755859375,409.06585693359375,0.5526061654090881,71.01860046386719,24,24
15,car,1,True,False,226,2026-03-02 15:54:10.349,0.0,377.1287841796875,409.0169677734375,0.5511534214019775,71.01177215576172,24,24
15,car,1,True,False,227,2026-03-02 15:54:10.719,0.0,376.8602294921875,409.062744140625,0.5470221042633057,71.01054382324219,24,24
15,car,1,True,False,228,2026-03-02 15:54:11.115,0.0,376.3419494628906,409.014404296875,0.5397856831550598,70.99574279785156,24,24
15,car,1,True,False,229,2026-03-02 15:54:11.474,0.0,376.23736572265625,408.9529724121094,0.538602888584137,70.9880599975586,24,24
15,car,1,True,False,230,2026-03-02 15:54:11.832,0.0,375.5521240234375,408.9662780761719,0.5286169648170471,70.97550964355469,24,24
15,car,1,True,False,231,2026-03-02 15:54:12.191,0.0,375.413818359375,409.03948974609375,0.5262244343757629,70.9793930053711,24,24
15,car,1,True,False,232,2026-03-02 15:54:12.558,0.0,372.2071533203125,409.05328369140625,0.4797493517398834,70.91624450683594,24,24
15,car,1,True,False,233,2026-03-02 15:54:12.920,0.0,372.8403015136719,409.08258056640625,0.48875898122787476,70.93163299560547,24,24
15,car,1,True,False,234,2026-03-02 15:54:13.281,0.0,370.7355651855469,409.04217529296875,0.45850488543510437,70.88566589355469,24,24
15,car,1,True,False,235,2026-03-02 15:54:13.651,0.0,370.2372131347656,408.92779541015625,0.4518812894821167,70.8652114868164,24,24
15,car,1,True,False,236,2026-03-02 15:54:14.024,0.0,369.7489013671875,408.95947265625,0.44464564323425293,70.85829162597656,24,24
15,car,1,True,False,237,2026-03-02 15:54:14.409,0.0,369.50128173828125,408.97918701171875,0.4409579038619995,70.85511016845703,24,24
15,car,1,True,False,238,2026-03-02 15:54:14.772,0.0,369.4150695800781,408.96337890625,0.43979066610336304,70.85193634033203,24,24
15,car,1,True,False,239,2026-03-02 15:54:15.133,0.0,369.4191589355469,408.99908447265625,0.43966618180274963,70.85527801513672,24,24
15,car,1,True,False,240,2026-03-02 15:54:15.497,0.0,369.454345703125,408.9791259765625,0.44027847051620483,70.85416412353516,24,24
15,car,1,True,False,241,2026-03-02 15:54:15.862,0.0,369.42218017578125,408.9451904296875,0.4399872422218323,70.85041809082031,24,24
15,car,1,True,False,242,2026-03-02 15:54:16.220,0.0,369.32513427734375,408.9873352050781,0.4383648931980133,70.85231018066406,24,24
15,car,1,True,False,243,2026-03-02 15:54:16.574,0.0,369.345947265625,409.0153503417969,0.4385222792625427,70.85529327392578,24,24
15,car,1,True,False,244,2026-03-02 15:54:16.928,0.0,369.30029296875,408.9980163574219,0.4379502236843109,70.85279083251953,24,24
15,car,1,True,False,245,2026-03-02 15:54:17.286,0.0,369.30078125,408.91619873046875,0.4383780062198639,70.84532928466797,24,24
15,car,1,True,False,246,2026-03-02 15:54:17.643,0.0,369.45068359375,408.98114013671875,0.4402150511741638,70.8542709350586,24,24
15,car,1,True,False,247,2026-03-02 15:54:18.005,0.0,369.50299072265625,409.00653076171875,0.4408418834209442,70.8576431274414,24,24
15,car,1,True,False,248,2026-03-02 15:54:18.370,0.0,369.49969482421875,409.0372314453125,0.44063612818717957,70.86038208007812,24,24
15,car,1,True,False,249,2026-03-02 15:54:18.732,0.0,369.5301513671875,409.0448913574219,0.44103774428367615,70.86168670654297,24,24
15,car,1,True,False,250,2026-03-02 15:54:19.095,0.0,369.48052978515625,409.02850341796875,0.4404035210609436,70.85919952392578,24,24
15,car,1,True,False,251,2026-03-02 15:54:19.459,0.0,369.40997314453125,409.05120849609375,0.43926501274108887,70.85984802246094,24,24
15,car,1,True,False,252,2026-03-02 15:54:19.843,0.0,369.38470458984375,409.0787353515625,0.4387575685977936,70.86185455322266,24,24
15,car,1,True,False,253,2026-03-02 15:54:20.213,0.0,369.38665771484375,409.074951171875,0.43880531191825867,70.8615493774414,24,24
15,car,1,True,False,254,2026-03-02 15:54:20.572,0.0,369.3929443359375,408.94195556640625,0.43958044052124023,70.84953308105469,24,24
15,car,1,True,False,255,2026-03-02 15:54:20.932,0.0,369.3844299316406,409.0500183105469,0.43890127539634705,70.8592300415039,24,24
15,car,1,True,False,256,2026-03-02 15:54:21.291,0.0,369.371337890625,408.93701171875,0.43929293751716614,70.84864807128906,24,24
15,car,1,True,False,257,2026-03-02 15:54:21.650,0.0,369.3797607421875,409.0560607910156,0.438802570104599,70.85968780517578,24,24
15,car,1,True,False,258,2026-03-02 15:54:22.010,0.0,369.353271484375,409.0565185546875,0.43841665983200073,70.85919952392578,24,24
15,car,1,True,False,259,2026-03-02 15:54:22.368,0.0,369.2554626464844,409.0047302246094,0.43726646900177,70.85250091552734,24,24
15,car,1,True,False,260,2026-03-02 15:54:22.730,0.0,369.2210388183594,408.9159851074219,0.43722400069236755,70.84370422363281,24,24
15,car,1,True,False,261,2026-03-02 15:54:23.089,0.0,369.26800537109375,408.5400390625,0.43983906507492065,70.81027221679688,24,24
15,car,1,True,False,262,2026-03-02 15:54:23.452,0.0,369.1986999511719,408.71173095703125,0.43795067071914673,70.8245849609375,24,24
15,car,1,True,False,263,2026-03-02 15:54:23.809,0.0,369.2593994140625,408.80859375,0.4383319616317749,70.83466339111328,24,24
15,car,1,True,False,264,2026-03-02 15:54:24.170,0.0,369.3501281738281,408.8294677734375,0.4395390748977661,70.83839416503906,24,24
15,car,1,True,False,265,2026-03-02 15:54:24.528,0.0,369.41558837890625,408.8865966796875,0.4401933252811432,70.84493255615234,24,24
15,car,1,True,False,266,2026-03-02 15:54:24.903,0.0,369.4672546386719,408.93817138671875,0.440676212310791,70.85067749023438,24,24
15,car,1,True,False,267,2026-03-02 15:54:25.264,0.0,369.4713134765625,408.9606018066406,0.440619558095932,70.85281372070312,24,24
15,car,1,True,False,268,2026-03-02 15:54:25.629,0.0,369.46441650390625,409.0357971191406,0.44013267755508423,70.85953521728516,24,24
15,car,1,True,False,269,2026-03-02 15:54:25.997,0.0,369.4706115722656,409.0902404785156,0.43994227051734924,70.86463165283203,24,24
15,car,1,True,False,270,2026-03-02 15:54:26.361,0.0,369.5268249511719,409.1407470703125,0.4404962658882141,70.87036895751953,24,24
15,car,1,True,False,271,2026-03-02 15:54:26.725,0.0,369.5525817871094,409.16949462890625,0.4407212436199188,70.8735122680664,24,24
15,car,1,True,False,272,2026-03-02 15:54:27.087,0.0,369.580078125,409.17059326171875,0.4411136209964752,70.8741683959961,24,24
15,car,1,True,False,273,2026-03-02 15:54:27.450,0.0,369.58929443359375,409.177490234375,0.4412115514278412,70.8749771118164,24,24
15,car,1,True,False,274,2026-03-02 15:54:27.814,0.0,369.54266357421875,409.164306640625,0.4406043589115143,70.87284088134766,24,24
15,car,1,True,False,275,2026-03-02 15:54:28.177,0.0,369.53692626953125,409.1241455078125,0.44072794914245605,70.86905670166016,24,24
15,car,1,True,False,276,2026-03-02 15:54:28.536,0.0,369.55255126953125,409.0923767089844,0.44111764430999756,70.8664779663086,24,24
15,car,1,True,False,277,2026-03-02 15:54:28.899,0.0,369.568115234375,409.11907958984375,0.44120556116104126,70.86922454833984,24,24
15,car,1,True,False,278,2026-03-02 15:54:29.263,0.0,369.5250244140625,409.07757568359375,0.44079527258872986,70.86457061767578,24,24
15,car,1,True,False,279,2026-03-02 15:54:29.633,0.0,369.4820556640625,409.0852355957031,0.4401337206363678,70.8644027709961,24,24
15,car,1,True,False,280,2026-03-02 15:54:30.008,0.0,369.49017333984375,409.07440185546875,0.44030699133872986,70.86357879638672,24,24
15,car,1,True,False,281,2026-03-02 15:54:30.373,0.0,369.49737548828125,409.03973388671875,0.44058966636657715,70.86055755615234,24,24
15,car,1,True,False,282,2026-03-02 15:54:30.737,0.0,369.4914855957031,409.02337646484375,0.4405885636806488,70.85894775390625,24,24
15,car,1,True,False,283,2026-03-02 15:54:31.092,0.0,369.417236328125,408.91912841796875,0.44004976749420166,70.84793853759766,24,24
15,car,1,True,False,284,2026-03-02 15:54:31.454,0.0,369.3650207519531,408.8758544921875,0.4395160973072052,70.84293365478516,24,24
15,car,1,True,False,285,2026-03-02 15:54:31.818,0.0,369.35699462890625,408.86138916015625,0.4394742548465729,70.84144592285156,24,24
15,car,1,True,False,286,2026-03-02 15:54:32.183,0.0,369.32958984375,408.84954833984375,0.43913817405700684,70.83981323242188,24,24
15,car,1,True,False,287,2026-03-02 15:54:32.548,0.0,369.38104248046875,408.9332275390625,0.4394529461860657,70.84849548339844,24,24
15,car,1,True,False,288,2026-03-02 15:54:32.909,0.0,369.41900634765625,408.97821044921875,0.4397713541984558,70.8533706665039,24,24
15,car,1,True,False,289,2026-03-02 15:54:33.271,0.0,369.3936462402344,408.90179443359375,0.4397972822189331,70.84587860107422,24,24
15,car,1,True,False,290,2026-03-02 15:54:33.632,0.0,369.4552001953125,408.95013427734375,0.4404400587081909,70.85153198242188,24,24
15,car,1,True,False,291,2026-03-02 15:54:33.990,0.0,369.4820556640625,408.9698486328125,0.4407275319099426,70.85387420654297,24,24
15,car,1,True,False,292,2026-03-02 15:54:34.352,0.0,369.5143127441406,408.9747314453125,0.4411695599555969,70.85496520996094,24,24
15,car,1,True,False,293,2026-03-02 15:54:34.732,0.0,369.5467529296875,408.94195556640625,0.44180816411972046,70.85262298583984,24,24
15,car,1,True,False,294,2026-03-02 15:54:35.090,0.0,369.5610046386719,408.9183349609375,0.4421362578868866,70.85075378417969,24,24
15,car,1,True,False,295,2026-03-02 15:54:35.449,0.0,369.4578552246094,408.81256103515625,0.4411868751049042,70.8390121459961,24,24
15,car,1,True,False,296,2026-03-02 15:54:35.822,0.0,369.46923828125,408.88946533203125,0.4409557282924652,70.84626770019531,24,24
15,car,1,True,False,297,2026-03-02 15:54:36.184,0.0,369.51348876953125,408.95806884765625,0.44124341011047363,70.85342407226562,24,24
15,car,1,True,False,298,2026-03-02 15:54:36.544,0.0,369.55841064453125,408.944580078125,0.4419634938240051,70.85309600830078,24,24
15,car,1,True,False,299,2026-03-02 15:54:36.900,0.0,369.5930480957031,408.86761474609375,0.44286176562309265,70.84676361083984,24,24
15,car,1,True,False,300,2026-03-02 15:54:37.259,0.0,369.6053466796875,408.907470703125,0.4428345263004303,70.85065460205078,24,24
15,car,1,True,False,301,2026-03-02 15:54:37.616,0.0,369.68988037109375,408.9893798828125,0.4436367154121399,70.85983276367188,24,24
15,car,1,True,False,302,2026-03-02 15:54:38.001,0.0,369.6636962890625,409.06622314453125,0.4428615868091583,70.86631774902344,24,24
15,car,1,True,False,303,2026-03-02 15:54:38.358,0.0,369.67645263671875,409.1817321777344,0.4424513578414917,70.87711334228516,24,24
15,car,1,True,False,304,2026-03-02 15:54:38.716,0.0,369.7167053222656,409.17572021484375,0.44306498765945435,70.87738037109375,24,24
15,car,1,True,False,305,2026-03-02 15:54:39.086,0.0,369.76519775390625,409.1004333496094,0.44415491819381714,70.8714828491211,24,24
15,car,1,True,False,306,2026-03-02 15:54:39.449,0.0,369.796875,409.068603515625,0.44477760791778564,70.86921691894531,24,24
15,car,1,True,False,307,2026-03-02 15:54:39.813,0.0,369.7578125,409.04730224609375,0.4443218410015106,70.86648559570312,24,24
15,car,1,True,False,308,2026-03-02 15:54:40.175,0.0,369.73779296875,409.0210266113281,0.4441674053668976,70.86368560791016,24,24
15,car,1,True,False,309,2026-03-02 15:54:40.538,0.0,369.7291259765625,408.96893310546875,0.4443104565143585,70.85875701904297,24,24
15,car,1,True,False,310,2026-03-02 15:54:40.905,0.0,369.6657409667969,408.9523010253906,0.44347822666168213,70.85596466064453,24,24
15,car,1,True,False,311,2026-03-02 15:54:41.264,0.0,369.43365478515625,408.9197998046875,0.4402841329574585,70.84832763671875,24,24
15,car,1,True,False,312,2026-03-02 15:54:41.634,0.0,369.61383056640625,408.93572998046875,0.4428117871284485,70.85340118408203,24,24
15,car,1,True,False,313,2026-03-02 15:54:41.993,0.0,369.7044982910156,408.9239501953125,0.44418570399284363,70.8541488647461,24,24
15,car,1,True,False,314,2026-03-02 15:54:42.375,0.0,369.7416687011719,408.9298095703125,0.4446938633918762,70.85543060302734,24,24
15,car,1,True,False,315,2026-03-02 15:54:42.739,0.0,369.7845458984375,408.9449768066406,0.4452366530895233,70.85768127441406,24,24
15,car,1,True,False,316,2026-03-02 15:54:43.099,0.0,369.77984619140625,408.9468994140625,0.4451586604118347,70.8577651977539,24,24
15,car,1,True,False,317,2026-03-02 15:54:43.459,0.0,369.7893371582031,408.94866943359375,0.44528698921203613,70.85811614990234,24,24
15,car,1,True,False,318,2026-03-02 15:54:43.819,0.0,369.77691650390625,408.94512939453125,0.44512537121772766,70.8575439453125,24,24
15,car,1,True,False,319,2026-03-02 15:54:44.178,0.0,369.7677307128906,408.93359375,0.44505181908607483,70.8563003540039,24,24
15,car,1,True,False,320,2026-03-02 15:54:44.541,0.0,369.75225830078125,408.94482421875,0.44476979970932007,70.85701751708984,24,24
15,car,1,True,False,321,2026-03-02 15:54:44.896,0.0,369.76025390625,408.96844482421875,0.44476377964019775,70.85933685302734,24,24
15,car,1,True,False,322,2026-03-02 15:54:45.258,0.0,369.7475891113281,408.9500732421875,0.44467511773109436,70.85740661621094,24,24
15,car,1,True,False,323,2026-03-02 15:54:45.636,0.0,369.761474609375,408.9276123046875,0.4449920654296875,70.85562896728516,24,24
15,car,1,True,False,324,2026-03-02 15:54:46.035,0.0,369.747802734375,408.91357421875,0.44486644864082336,70.85407257080078,24,24
15,car,1,True,False,325,2026-03-02 15:54:46.397,0.0,369.7370300292969,408.8983459472656,0.44478896260261536,70.85247039794922,24,24
15,car,1,True,False,326,2026-03-02 15:54:46.761,0.0,369.7320861816406,408.8830871582031,0.44479605555534363,70.8509750366211,24,24
15,car,1,True,False,327,2026-03-02 15:54:47.129,0.0,369.75811767578125,408.86688232421875,0.4452567398548126,70.85001373291016,24,24
15,car,1,True,False,328,2026-03-02 15:54:47.495,0.0,369.7707824707031,408.935791015625,0.44508469104766846,70.8565673828125,24,24
15,car,1,True,False,329,2026-03-02 15:54:47.863,0.0,369.761474609375,408.9168701171875,0.4450474679470062,70.85465240478516,24,24
15,car,1,True,False,330,2026-03-02 15:54:48.311,0.0,369.80419921875,408.92340087890625,0.44563260674476624,70.8561019897461,24,24
15,car,1,True,False,331,2026-03-02 15:54:48.762,0.0,369.79608154296875,408.9461669921875,0.44539758563041687,70.85802459716797,24,24
15,car,1,True,False,332,2026-03-02 15:54:49.141,0.0,369.7869873046875,408.9708251953125,0.4451386630535126,70.86009216308594,24,24
15,car,1,True,False,333,2026-03-02 15:54:49.518,0.0,369.7658996582031,408.99859619140625,0.444690078496933,70.86219787597656,24,24
15,car,1,True,False,334,2026-03-02 15:54:49.901,0.0,369.7563781738281,409.03179931640625,0.4443809986114502,70.86504364013672,24,24
15,car,1,True,False,335,2026-03-02 15:54:50.283,0.0,369.7764587402344,409.07025146484375,0.4444735050201416,70.86895751953125,24,24
15,car,1,True,False,336,2026-03-02 15:54:50.671,0.0,369.74237060546875,409.07208251953125,0.44397053122520447,70.86843872070312,24,24
15,car,1,True,False,337,2026-03-02 15:54:51.046,0.0,369.7307434082031,409.07293701171875,0.443797767162323,70.86827850341797,24,24
15,car,1,True,False,338,2026-03-02 15:54:51.536,0.0,369.6687927246094,408.9913330078125,0.44332125782966614,70.85958862304688,24,24
15,car,1,True,False,339,2026-03-02 15:54:51.909,0.0,369.7554931640625,409.02423095703125,0.444407194852829,70.86433410644531,24,24
15,car,1,True,False,340,2026-03-02 15:54:52.266,0.0,369.671630859375,408.9612731933594,0.44351726770401,70.85689544677734,24,24
15,car,1,True,False,341,2026-03-02 15:54:52.627,0.0,369.6747131347656,409.01708984375,0.44327425956726074,70.862060546875,24,24
15,car,1,True,False,342,2026-03-02 15:54:52.993,0.0,369.60516357421875,408.95758056640625,0.4425736665725708,70.855224609375,24,24
15,car,1,True,False,343,2026-03-02 15:54:53.356,0.0,369.5880126953125,408.92279052734375,0.44250449538230896,70.85169982910156,24,24
15,car,1,True,False,344,2026-03-02 15:54:53.720,0.0,369.54888916015625,408.9706115722656,0.441691517829895,70.85528564453125,24,24
15,car,1,True,False,345,2026-03-02 15:54:54.084,0.0,369.5465393066406,409.0103759765625,0.4414527416229248,70.85887145996094,24,24
15,car,1,True,False,346,2026-03-02 15:54:54.446,0.0,369.48651123046875,408.92633056640625,0.4410161077976227,70.84998321533203,24,24
15,car,1,True,False,347,2026-03-02 15:54:54.826,0.0,369.46728515625,408.86517333984375,0.44105252623558044,70.84400939941406,24,24
15,car,1,True,False,348,2026-03-02 15:54:55.186,0.0,369.4671936035156,408.85858154296875,0.4410851299762726,70.8434066772461,24,24
15,car,1,True,False,349,2026-03-02 15:54:55.555,0.0,369.4625244140625,408.8746337890625,0.44093483686447144,70.84477996826172,24,24
15,car,1,True,False,350,2026-03-02 15:54:55.929,0.0,369.4651794433594,408.8877258300781,0.4409058690071106,70.84603118896484,24,24
15,car,1,True,False,351,2026-03-02 15:54:56.289,0.0,369.476318359375,408.89678955078125,0.44102057814598083,70.84708404541016,24,24
15,car,1,True,False,352,2026-03-02 15:54:56.655,0.0,369.49713134765625,408.8888854980469,0.44136276841163635,70.8467788696289,24,24
15,car,1,True,False,353,2026-03-02 15:54:57.018,0.0,369.4915771484375,408.86126708984375,0.44142454862594604,70.84414672851562,24,24
15,car,1,True,False,354,2026-03-02 15:54:57.431,0.0,369.5587158203125,408.9510192871094,0.4419347643852234,70.85369110107422,24,24
15,car,1,True,False,355,2026-03-02 15:54:57.793,0.0,369.50103759765625,408.9039306640625,0.4413418471813202,70.84822845458984,24,24
15,car,1,True,False,356,2026-03-02 15:54:58.151,0.0,369.50006103515625,408.92388916015625,0.44122493267059326,70.85003662109375,24,24
15,car,1,True,False,357,2026-03-02 15:54:58.519,0.0,369.5829162597656,409.03082275390625,0.441874235868454,70.86146545410156,24,24
15,car,1,True,False,358,2026-03-02 15:54:58.879,0.0,369.5342712402344,408.9366149902344,0.44165489077568054,70.85188293457031,24,24
15,car,1,True,False,359,2026-03-02 15:54:59.239,0.0,369.48895263671875,408.90020751953125,0.44118598103523254,70.84764862060547,24,24
15,car,1,True,False,360,2026-03-02 15:54:59.599,0.0,369.53802490234375,409.0052185058594,0.44135600328445435,70.85822296142578,24,24
14,car,4,False,False,55,2026-03-02 15:53:09.064,0.0,384.511962890625,141.07861328125,4.7096757888793945,6.252262592315674,1,1
14,car,4,False,False,56,2026-03-02 15:53:09.417,28.0,385.6786804199219,141.7832489013672,4.72521448135376,6.7852020263671875,2,2
14,car,4,False,False,57,2026-03-02 15:53:09.764,28.0,386.72222900390625,142.51199340820312,4.735023021697998,7.32037878036499,3,3
14,car,4,False,False,58,2026-03-02 15:53:10.152,28.0,387.86505126953125,143.3328857421875,4.744743347167969,7.915035247802734,4,4
14,car,4,False,False,59,2026-03-02 15:53:10.579,30.0,389.76300048828125,144.28221130371094,4.777202129364014,8.63259506225586,5,5
14,car,4,False,False,60,2026-03-02 15:53:10.932,31.0,391.37689208984375,145.691650390625,4.780479431152344,9.603918075561523,6,6
14,car,4,False,False,61,2026-03-02 15:53:11.280,30.0,392.42193603515625,145.84567260742188,4.812680244445801,9.765039443969727,7,7
14,car,4,False,False,62,2026-03-02 15:53:11.624,31.0,393.42840576171875,147.07852172851562,4.800508499145508,10.572561264038086,8,8
14,car,4,False,False,63,2026-03-02 15:53:11.971,33.0,394.4205322265625,148.08792114257812,4.796756744384766,11.235246658325195,9,9
14,car,4,False,False,64,2026-03-02 15:53:12.320,35.0,395.9454345703125,150.1124267578125,4.772768497467041,12.510802268981934,10,10
14,car,4,False,False,65,2026-03-02 15:53:12.666,37.0,397.4300231933594,151.60987854003906,4.768023490905762,13.456273078918457,11,11
14,car,4,False,False,66,2026-03-02 15:53:13.012,36.0,398.58892822265625,152.7091064453125,4.767024993896484,14.143692016601562,12,12
14,car,4,False,False,67,2026-03-02 15:53:13.364,36.0,399.8083190917969,153.7794189453125,4.769242763519287,14.80983829498291,13,13
14,car,4,False,False,68,2026-03-02 15:53:13.713,36.0,400.982177734375,154.92208862304688,4.767139434814453,15.5039701461792,14,14
14,car,4,False,False,69,2026-03-02 15:53:14.063,36.0,402.5343017578125,155.91616821289062,4.783641815185547,16.13178062438965,15,15
14,car,4,False,False,70,2026-03-02 15:53:14.413,36.0,404.0411376953125,157.36044311523438,4.781691551208496,16.98670196533203,16,16
14,car,4,False,False,71,2026-03-02 15:53:14.763,37.0,405.603759765625,158.7923126220703,4.782120704650879,17.82411766052246,17,17
14,car,4,False,False,72,2026-03-02 15:53:15.114,36.0,406.7986755371094,159.983154296875,4.778947830200195,18.503990173339844,18,18
14,car,4,False,False,73,2026-03-02 15:53:15.471,37.0,409.36175537109375,161.93008422851562,4.79414701461792,19.630250930786133,19,19
14,car,4,False,False,74,2026-03-02 15:53:15.820,37.0,411.33502197265625,163.1646270751953,4.8151140213012695,20.35099220275879,20,20
14,car,4,False,False,75,2026-03-02 15:53:16.171,37.0,413.082275390625,164.53225708007812,4.823607921600342,21.113142013549805,21,21
14,car,4,False,False,76,2026-03-02 15:53:16.525,37.0,414.3807067871094,165.8043212890625,4.820752143859863,21.793508529663086,22,22
14,car,4,False,False,77,2026-03-02 15:53:16.875,37.0,415.409912109375,166.49998474121094,4.829558849334717,22.179019927978516,23,23
14,car,4,False,False,78,2026-03-02 15:53:17.226,37.0,417.7428894042969,168.91122436523438,4.820054531097412,23.425655364990234,24,24
14,car,4,False,False,79,2026-03-02 15:53:17.576,38.0,419.57196044921875,170.43167114257812,4.825552940368652,24.21405601501465,24,24
14,car,4,False,False,80,2026-03-02 15:53:17.928,38.0,421.0928039550781,171.79364013671875,4.826696395874023,24.90302848815918,24,24
14,car,4,False,False,81,2026-03-02 15:53:18.278,38.0,422.4577941894531,172.76971435546875,4.83612585067749,25.404998779296875,24,24
14,car,4,False,False,82,2026-03-02 15:53:18.631,37.0,424.23101806640625,174.04098510742188,4.848115921020508,26.050617218017578,24,24
14,car,4,False,False,83,2026-03-02 15:53:18.985,37.0,426.51263427734375,176.1718292236328,4.84660005569458,27.077791213989258,24,24
14,car,4,False,False,84,2026-03-02 15:53:19.342,37.0,428.02935791015625,177.6064453125,4.845005989074707,27.755451202392578,24,24
14,car,4,False,False,85,2026-03-02 15:53:19.692,36.0,429.4871826171875,178.83424377441406,4.848508358001709,28.335416793823242,24,24
14,car,4,False,False,86,2026-03-02 15:53:20.041,36.0,431.66107177734375,180.21282958984375,4.868565559387207,29.004552841186523,24,24
14,car,4,False,False,87,2026-03-02 15:53:20.392,36.0,432.8995361328125,181.86788940429688,4.851308345794678,29.727651596069336,24,24
14,car,4,False,False,88,2026-03-02 15:53:20.755,36.0,435.161376953125,183.50979614257812,4.865078449249268,30.48346519470215,24,24
14,car,4,False,False,89,2026-03-02 15:53:21.134,36.0,436.8232421875,184.92579650878906,4.868278503417969,31.11119842529297,24,24
14,car,4,False,False,90,2026-03-02 15:53:21.488,36.0,438.71246337890625,186.32656860351562,4.87855863571167,31.735118865966797,24,24
14,car,4,False,False,91,2026-03-02 15:53:21.841,36.0,440.5782775878906,187.70062255859375,4.888868808746338,32.33921813964844,24,24
14,car,4,False,False,92,2026-03-02 15:53:22.196,36.0,441.7845458984375,189.424560546875,4.868987083435059,33.032257080078125,24,24
14,car,4,False,False,93,2026-03-02 15:53:22.549,36.0,444.2476501464844,191.25094604492188,4.8820576667785645,33.808834075927734,24,24
14,car,4,False,False,94,2026-03-02 15:53:22.905,36.0,446.2280578613281,193.17535400390625,4.878222465515137,34.58393859863281,24,24
14,car,4,False,False,95,2026-03-02 15:53:23.254,37.0,448.09881591796875,195.00534057617188,4.874292373657227,35.307186126708984,24,24
14,car,4,False,False,96,2026-03-02 15:53:23.603,36.0,449.9963073730469,196.7644805908203,4.8733296394348145,35.995018005371094,24,24
14,car,4,False,False,97,2026-03-02 15:53:23.955,36.0,453.1838073730469,199.3350830078125,4.883318901062012,36.99796676635742,24,24
14,car,4,False,False,98,2026-03-02 15:53:24.308,36.0,455.8480224609375,201.70965576171875,4.884738445281982,37.89082717895508,24,24
14,car,4,False,False,99,2026-03-02 15:53:24.672,37.0,457.828125,203.7126922607422,4.878735065460205,38.61729431152344,24,24
14,car,4,False,False,100,2026-03-02 15:53:25.033,37.0,459.41497802734375,205.21112060546875,4.877131938934326,39.15656280517578,24,24
14,car,4,False,False,101,2026-03-02 15:53:25.386,36.0,461.17626953125,206.72024536132812,4.879859447479248,39.69915008544922,24,24
14,car,4,False,False,102,2026-03-02 15:53:25.749,36.0,464.1224060058594,209.69789123535156,4.871306896209717,40.72616195678711,24,24
14,car,4,False,False,103,2026-03-02 15:53:26.106,36.0,466.40155029296875,211.62603759765625,4.875512599945068,41.39198303222656,24,24
14,car,4,False,False,104,2026-03-02 15:53:26.459,36.0,468.36993408203125,213.2391357421875,4.880561828613281,41.942787170410156,24,24
14,car,4,False,False,105,2026-03-02 15:53:26.815,36.0,469.96771240234375,214.76654052734375,4.87847900390625,42.44638442993164,24,24
14,car,4,False,False,106,2026-03-02 15:53:27.171,36.0,471.76153564453125,216.52313232421875,4.875009536743164,43.015533447265625,24,24
14,car,4,False,False,107,2026-03-02 15:53:27.528,36.0,474.5474548339844,219.64060974121094,4.859030723571777,43.98889923095703,24,24
14,car,4,False,False,108,2026-03-02 15:53:27.931,36.0,476.7464599609375,221.64744567871094,4.8590312004089355,44.617671966552734,24,24
14,car,4,False,False,109,2026-03-02 15:53:28.287,36.0,478.72296142578125,223.30130004882812,4.863079071044922,45.134159088134766,24,24
14,car,4,False,False,110,2026-03-02 15:53:28.643,35.0,480.4508056640625,225.21051025390625,4.854146480560303,45.7003288269043,24,24
14,car,4,False,False,111,2026-03-02 15:53:28.991,35.0,482.7261962890625,227.65045166015625,4.844563007354736,46.413429260253906,24,24
14,car,4,False,False,112,2026-03-02 15:53:29.341,36.0,485.48907470703125,230.63177490234375,4.832696437835693,47.26483154296875,24,24
14,car,4,False,False,113,2026-03-02 15:53:29.695,36.0,487.4033203125,232.83258056640625,4.8211517333984375,47.875572204589844,24,24
14,car,4,False,False,114,2026-03-02 15:53:30.045,36.0,488.9007568359375,235.119384765625,4.7978291511535645,48.480953216552734,24,24
14,car,4,False,False,115,2026-03-02 15:53:30.397,35.0,490.5873718261719,237.1696319580078,4.785290718078613,49.02679443359375,24,24
14,car,4,False,False,116,2026-03-02 15:53:30.750,33.0,492.359130859375,239.23219299316406,4.774613380432129,49.569705963134766,24,24
14,car,4,False,False,117,2026-03-02 15:53:31.101,33.0,494.7379150390625,241.83074951171875,4.764758586883545,50.24644088745117,24,24
14,car,4,False,False,118,2026-03-02 15:53:31.455,33.0,496.956298828125,244.33343505859375,4.753808975219727,50.882843017578125,24,24
14,car,4,False,False,119,2026-03-02 15:53:31.813,32.0,498.73101806640625,246.63607788085938,4.737939834594727,51.4484748840332,24,24
14,car,4,False,False,120,2026-03-02 15:53:32.164,32.0,500.7451171875,248.9444122314453,4.7275390625,52.01360321044922,24,24
14,car,4,False,False,121,2026-03-02 15:53:32.515,32.0,503.88531494140625,252.71160888671875,4.707728862762451,52.91005325317383,24,24
14,car,4,False,False,122,2026-03-02 15:53:32.868,32.0,505.8893127441406,256.17352294921875,4.670899868011475,53.682960510253906,24,24
14,car,4,False,False,123,2026-03-02 15:53:33.220,32.0,507.5518798828125,258.75811767578125,4.647579669952393,54.252769470214844,24,24
14,car,4,False,False,124,2026-03-02 15:53:33.573,32.0,508.65869140625,260.6040344238281,4.629471302032471,54.650634765625,24,24
14,car,4,False,False,125,2026-03-02 15:53:33.923,30.0,509.52880859375,262.55877685546875,4.604158401489258,55.05659103393555,24,24
14,car,4,False,False,126,2026-03-02 15:53:34.273,30.0,511.43707275390625,266.63690185546875,4.554407119750977,55.88853454589844,24,24
14,car,4,False,False,127,2026-03-02 15:53:34.627,32.0,512.6719970703125,269.73541259765625,4.5131049156188965,56.49824142456055,24,24
14,car,4,False,False,128,2026-03-02 15:53:34.979,32.0,513.510009765625,272.0885314941406,4.480278491973877,56.94954299926758,24,24
14,car,4,False,False,129,2026-03-02 15:53:35.336,32.0,514.2044677734375,273.8890686035156,4.456601142883301,57.291595458984375,24,24
14,car,4,False,False,130,2026-03-02 15:53:35.690,30.0,514.6615600585938,276.08880615234375,4.420146942138672,57.692020416259766,24,24
14,car,4,False,False,131,2026-03-02 15:53:36.043,30.0,515.451904296875,279.85137939453125,4.359199047088623,58.363609313964844,24,24
14,car,4,False,False,132,2026-03-02 15:53:36.396,30.0,516.0410766601562,282.43304443359375,4.319184303283691,58.816158294677734,24,24
14,car,4,False,False,133,2026-03-02 15:53:36.751,30.0,516.2119140625,284.8504333496094,4.274835586547852,59.22187805175781,24,24
14,car,4,False,False,134,2026-03-02 15:53:37.107,30.0,516.5237426757812,287.41448974609375,4.231102466583252,59.64906692504883,24,24
14,car,4,False,False,135,2026-03-02 15:53:37.458,30.0,516.5064697265625,289.8146667480469,4.1848273277282715,60.03374099731445,24,24
14,car,3,False,False,136,2026-03-02 15:53:37.814,29.0,516.3310546875,293.3163757324219,4.115694999694824,60.58024978637695,24,24
14,car,3,False,False,137,2026-03-02 15:53:38.168,29.0,516.1058349609375,295.43096923828125,4.07241153717041,60.901123046875,24,24
14,car,3,False,False,138,2026-03-02 15:53:38.521,29.0,515.5999145507812,297.9168701171875,4.017695903778076,61.26626205444336,24,24
14,car,3,False,False,139,2026-03-02 15:53:38.872,24.0,514.63330078125,300.5732421875,3.9521617889404297,61.638572692871094,24,24
14,car,3,False,False,140,2026-03-02 15:53:39.226,24.0,513.8753051757812,302.87030029296875,3.897793769836426,61.95781326293945,24,24
14,car,3,False,False,141,2026-03-02 15:53:39.578,23.0,512.6777954101562,306.00689697265625,3.821768045425415,62.38222885131836,24,24
14,car,3,False,False,142,2026-03-02 15:53:39.938,22.0,511.55645751953125,308.2528076171875,3.763363838195801,62.674190521240234,24,24
14,car,3,False,False,143,2026-03-02 15:53:40.291,21.0,510.1504211425781,310.6092834472656,3.6987335681915283,62.97027587890625,24,24
14,car,3,False,False,144,2026-03-02 15:53:40.647,21.0,508.7417907714844,313.2895812988281,3.6297497749328613,63.3071174621582,24,24
14,car,3,False,False,145,2026-03-02 15:53:40.998,21.0,505.39404296875,317.90606689453125,3.496974229812622,63.85121536254883,24,24
14,car,3,False,False,146,2026-03-02 15:53:41.351,21.0,503.18145751953125,321.0372009277344,3.4099278450012207,64.213623046875,24,24
14,car,3,False,False,147,2026-03-02 15:53:41.709,21.0,501.169677734375,323.5667419433594,3.336782693862915,64.49601745605469,24,24
14,car,3,False,False,148,2026-03-02 15:53:42.081,20.0,499.64691162109375,325.68255615234375,3.2791941165924072,64.73320007324219,24,24
14,car,3,False,False,149,2026-03-02 15:53:42.443,20.0,498.38690185546875,327.5983581542969,3.229703426361084,64.94852447509766,24,24
14,car,3,False,False,150,2026-03-02 15:53:42.799,19.0,493.90643310546875,330.9402160644531,3.1052424907684326,65.26200103759766,24,24
14,car,3,False,False,151,2026-03-02 15:53:43.154,19.0,490.5045471191406,333.83599853515625,3.0074331760406494,65.54090881347656,24,24
14,car,3,False,False,152,2026-03-02 15:53:43.511,19.0,488.75543212890625,336.05316162109375,2.948148727416992,65.77244567871094,24,24
14,car,3,False,False,153,2026-03-02 15:53:43.864,18.0,486.1495361328125,337.9111328125,2.879682779312134,65.93661499023438,24,24
14,car,2,False,False,154,2026-03-02 15:53:44.223,17.0,483.4436950683594,339.82452392578125,2.809500217437744,66.10346984863281,24,24
14,car,2,False,False,155,2026-03-02 15:53:44.579,17.0,478.8623352050781,342.6721496582031,2.697056293487549,66.33541870117188,24,24
14,car,2,False,False,156,2026-03-02 15:53:44.934,17.0,475.8145751953125,344.0999450683594,2.6287569999694824,66.43250274658203,24,24
14,car,2,False,False,157,2026-03-02 15:53:45.292,16.0,473.3572998046875,344.4168395996094,2.583922863006592,66.4114761352539,24,24
14,car,2,False,False,158,2026-03-02 15:53:45.653,16.0,470.9737854003906,345.48651123046875,2.531562328338623,66.48137664794922,24,24
14,car,2,False,False,159,2026-03-02 15:53:46.006,15.0,467.74725341796875,347.00762939453125,2.460293769836426,66.58399963378906,24,24
14,car,2,False,False,160,2026-03-02 15:53:46.361,15.0,464.1530456542969,349.44927978515625,2.3732028007507324,66.78437042236328,24,24
14,car,2,False,False,161,2026-03-02 15:53:46.718,13.0,462.2978210449219,350.9765625,2.3257434368133545,66.91764068603516,24,24
14,car,2,False,False,162,2026-03-02 15:53:47.076,12.0,459.6600341796875,352.5789794921875,2.2650210857391357,67.04022979736328,24,24
14,car,2,False,False,163,2026-03-02 15:53:47.434,12.0,457.16485595703125,354.1507263183594,2.2074410915374756,67.16165161132812,24,24
14,car,2,False,False,164,2026-03-02 15:53:47.803,12.0,453.8824157714844,355.45208740234375,2.140305280685425,67.23332214355469,24,24
14,car,2,False,False,165,2026-03-02 15:53:48.179,11.0,450.56475830078125,357.1246032714844,2.0692598819732666,67.34551239013672,24,24
14,car,2,False,False,166,2026-03-02 15:53:48.535,9.0,448.8125,358.37109375,2.028343439102173,67.44505310058594,24,24
14,car,2,False,False,167,2026-03-02 15:53:48.889,9.0,449.066650390625,359.0572814941406,2.0256073474884033,67.5274887084961,24,24
14,car,2,False,False,168,2026-03-02 15:53:49.244,9.0,450.5069885253906,360.1722412109375,2.037719964981079,67.68423461914062,24,24
14,car,2,False,False,169,2026-03-02 15:53:49.607,9.0,444.42376708984375,363.677001953125,1.9060410261154175,67.93126678466797,24,24
14,car,2,False,False,170,2026-03-02 15:53:49.969,7.0,442.09259033203125,365.2978820800781,1.8535757064819336,68.05492401123047,24,24
14,car,2,False,False,171,2026-03-02 15:53:50.334,7.0,440.18743896484375,366.1239013671875,1.8156116008758545,68.10147094726562,24,24
14,car,2,False,False,172,2026-03-02 15:53:50.700,7.0,439.1837158203125,366.76495361328125,1.7937813997268677,68.14810943603516,24,24
14,car,2,False,False,173,2026-03-02 15:53:51.072,7.0,438.2037353515625,367.5096435546875,1.7714524269104004,68.20626068115234,24,24
14,car,2,False,False,174,2026-03-02 15:53:51.438,6.0,436.8112487792969,367.69384765625,1.7477415800094604,68.19490051269531,24,24
14,car,2,False,False,175,2026-03-02 15:53:51.801,6.0,436.1811218261719,368.46539306640625,1.7308322191238403,68.26351928710938,24,24
14,car,2,False,False,176,2026-03-02 15:53:52.162,6.0,435.661865234375,368.73974609375,1.720174789428711,68.2812728881836,24,24
14,car,2,False,False,177,2026-03-02 15:53:52.537,5.0,435.03179931640625,369.2811279296875,1.705407738685608,68.32502746582031,24,24
14,car,2,False,False,178,2026-03-02 15:53:52.907,5.0,434.74078369140625,369.9080505371094,1.6952624320983887,68.38528442382812,24,24
14,car,2,False,False,179,2026-03-02 15:53:53.261,4.0,434.4472961425781,370.93450927734375,1.6815944910049438,68.48758697509766,24,24
14,car,2,False,False,180,2026-03-02 15:53:53.617,4.0,434.3584289550781,371.62371826171875,1.6741533279418945,68.5583724975586,24,24
14,car,2,False,False,181,2026-03-02 15:53:53.970,4.0,434.39837646484375,372.056396484375,1.6709944009780884,68.60479736328125,24,24
14,car,2,False,False,182,2026-03-02 15:53:54.371,4.0,434.7334289550781,372.538818359375,1.6720244884490967,68.662841796875,24,24
14,car,2,False,False,183,2026-03-02 15:53:54.727,3.0,435.03338623046875,372.77618408203125,1.6746422052383423,68.69432830810547,24,24
14,car,2,False,False,184,2026-03-02 15:53:55.081,3.0,435.1901550292969,372.7517395019531,1.6773061752319336,68.69522094726562,24,24
14,car,2,False,False,185,2026-03-02 15:53:55.436,3.0,435.2384033203125,372.88409423828125,1.6769038438796997,68.71013641357422,24,24
14,car,2,False,False,186,2026-03-02 15:53:55.798,3.0,435.2321472167969,373.79833984375,1.6688392162322998,68.80545043945312,24,24
14,car,2,False,False,187,2026-03-02 15:53:56.152,3.0,435.15545654296875,374.8680419921875,1.6583720445632935,68.91488647460938,24,24
14,car,2,False,False,188,2026-03-02 15:53:56.504,3.0,435.02386474609375,375.40240478515625,1.6517157554626465,68.96730041503906,24,24
14,car,2,False,False,189,2026-03-02 15:53:56.857,3.0,434.8575134277344,375.64959716796875,1.6470056772232056,68.98919677734375,24,24
14,car,2,False,False,190,2026-03-02 15:53:57.209,2.0,434.7029724121094,375.57025146484375,1.6452891826629639,68.97762298583984,24,24
14,car,2,False,False,191,2026-03-02 15:53:57.559,2.0,434.6082458496094,375.3003845214844,1.6461390256881714,68.94766998291016,24,24
14,car,2,False,False,192,2026-03-02 15:53:57.911,2.0,434.557861328125,375.2571105957031,1.645728588104248,68.94209289550781,24,24
14,car,2,False,False,193,2026-03-02 15:53:58.265,2.0,434.5001220703125,375.18243408203125,1.6454740762710571,68.93310546875,24,24
14,car,2,False,False,194,2026-03-02 15:53:58.618,2.0,434.49652099609375,375.15093994140625,1.6456891298294067,68.92976379394531,24,24
14,car,2,False,False,195,2026-03-02 15:53:58.968,1.0,434.48486328125,375.20623779296875,1.6450321674346924,68.93523406982422,24,24
14,car,2,False,False,196,2026-03-02 15:53:59.319,1.0,434.4801025390625,375.15673828125,1.6453840732574463,68.93000793457031,24,24
14,car,2,False,False,197,2026-03-02 15:53:59.669,1.0,434.48760986328125,375.09625244140625,1.6460213661193848,68.92391204833984,24,24
14,car,2,False,False,198,2026-03-02 15:54:00.018,1.0,434.53765869140625,375.06341552734375,1.647081971168518,68.9216079711914,24,24
14,car,2,False,False,199,2026-03-02 15:54:00.369,1.0,434.58392333984375,375.12200927734375,1.64729642868042,68.92868041992188,24,24
14,car,2,False,False,200,2026-03-02 15:54:00.722,0.0,434.6033935546875,375.1420593261719,1.6474263668060303,68.93118286132812,24,24
14,car,2,False,False,201,2026-03-02 15:54:01.075,0.0,434.60052490234375,375.1519470214844,1.647296667098999,68.93214416503906,24,24
14,car,2,False,False,202,2026-03-02 15:54:01.431,0.0,434.69927978515625,374.97149658203125,1.6503863334655762,68.91561889648438,24,24
14,car,2,False,False,203,2026-03-02 15:54:01.786,0.0,434.81781005859375,374.73492431640625,1.654271125793457,68.8936996459961,24,24
14,car,2,False,False,204,2026-03-02 15:54:02.137,0.0,434.8822326660156,374.73602294921875,1.6552636623382568,68.89522552490234,24,24
14,car,2,False,False,205,2026-03-02 15:54:02.492,0.0,434.9283447265625,374.75213623046875,1.6558417081832886,68.89790344238281,24,24
14,car,2,False,False,206,2026-03-02 15:54:02.846,0.0,434.94854736328125,374.6510009765625,1.6570301055908203,68.88785552978516,24,24
14,car,2,False,False,207,2026-03-02 15:54:03.221,0.0,435.0162353515625,374.7842102050781,1.6569316387176514,68.90315246582031,24,24
14,car,2,False,False,208,2026-03-02 15:54:03.613,0.0,435.05517578125,374.8086853027344,1.6573256254196167,68.90653991699219,24,24
14,car,2,False,False,209,2026-03-02 15:54:03.981,0.0,435.1059875488281,374.7821044921875,1.6583456993103027,68.90489959716797,24,24
14,car,2,False,False,210,2026-03-02 15:54:04.348,0.0,435.1078796386719,374.9058837890625,1.6573052406311035,68.91777038574219,24,24
14,car,2,False,False,211,2026-03-02 15:54:04.708,0.0,435.43414306640625,375.0047607421875,1.6615225076675415,68.93514251708984,24,24
14,car,2,False,False,212,2026-03-02 15:54:05.069,0.0,435.21435546875,374.92559814453125,1.6587903499603271,68.9221420288086,24,24
14,car,2,False,False,213,2026-03-02 15:54:05.435,0.0,435.1744079589844,374.8563537597656,1.658767819404602,68.91409301757812,24,24
14,car,2,False,False,214,2026-03-02 15:54:05.796,0.0,435.19183349609375,374.70892333984375,1.6603138446807861,68.8991928100586,24,24
14,car,2,False,False,215,2026-03-02 15:54:06.161,0.0,435.1665344238281,374.859375,1.6586192846298218,68.91423034667969,24,24
14,car,2,False,False,216,2026-03-02 15:54:06.523,0.0,435.14935302734375,374.97052001953125,1.6573915481567383,68.92536926269531,24,24
14,car,2,False,False,217,2026-03-02 15:54:06.886,0.0,435.1476745605469,375.1204833984375,1.6560704708099365,68.94085693359375,24,24
14,car,2,False,False,218,2026-03-02 15:54:07.260,0.0,435.1890563964844,375.06927490234375,1.6571556329727173,68.93646240234375,24,24
14,car,2,False,False,219,2026-03-02 15:54:07.634,0.0,435.2364501953125,375.0152282714844,1.658359169960022,68.9319076538086,24,24
14,car,2,False,False,220,2026-03-02 15:54:08.000,0.0,435.2513427734375,375.0,1.6587222814559937,68.93065643310547,24,24
14,car,2,False,False,221,2026-03-02 15:54:08.356,0.0,435.2569580078125,374.99267578125,1.6588728427886963,68.93001556396484,24,24
14,car,2,False,False,222,2026-03-02 15:54:08.750,0.0,435.24017333984375,375.0047607421875,1.6585074663162231,68.93090057373047,24,24
14,car,2,False,False,223,2026-03-02 15:54:09.151,0.0,435.2254638671875,375.0356750488281,1.658011794090271,68.93377685546875,24,24
14,car,2,False,False,224,2026-03-02 15:54:09.509,0.0,435.2174072265625,374.99676513671875,1.6582226753234863,68.92957305908203,24,24
14,car,2,False,False,225,2026-03-02 15:54:09.864,0.0,435.1967468261719,375.0032958984375,1.657845139503479,68.92980194091797,24,24
14,car,2,False,False,226,2026-03-02 15:54:10.349,0.0,435.2662353515625,374.9743347167969,1.6591755151748657,68.9283218383789,24,24
14,car,2,False,False,227,2026-03-02 15:54:10.719,0.0,435.24945068359375,374.9460754394531,1.6591589450836182,68.9250259399414,24,24
14,car,2,False,False,228,2026-03-02 15:54:11.115,0.0,435.2362060546875,374.89544677734375,1.6593906879425049,68.91949462890625,24,24
14,car,2,False,False,229,2026-03-02 15:54:11.474,0.0,435.23211669921875,374.82452392578125,1.6599403619766235,68.91205596923828,24,24
14,car,2,False,False,230,2026-03-02 15:54:11.832,0.0,435.31329345703125,374.9986572265625,1.6596968173980713,68.93186950683594,24,24
14,car,2,False,False,231,2026-03-02 15:54:12.191,0.0,435.339599609375,374.99078369140625,1.660173773765564,68.93163299560547,24,24
14,car,2,False,False,232,2026-03-02 15:54:12.558,0.0,435.24981689453125,375.06878662109375,1.6581041812896729,68.93773651123047,24,24
14,car,2,False,False,233,2026-03-02 15:54:12.920,0.0,435.2243957519531,375.09906005859375,1.6574476957321167,68.94031524658203,24,24
14,car,2,False,False,234,2026-03-02 15:54:13.281,0.0,435.3595886230469,375.00054931640625,1.6604000329971313,68.9330825805664,24,24
14,car,2,False,False,235,2026-03-02 15:54:13.651,0.0,435.426025390625,374.90673828125,1.662244200706482,68.92481994628906,24,24
14,car,2,False,False,236,2026-03-02 15:54:14.024,0.0,435.4510498046875,374.89019775390625,1.6627764701843262,68.92365264892578,24,24
14,car,2,False,False,237,2026-03-02 15:54:14.409,0.0,435.41851806640625,374.9197082519531,1.6620153188705444,68.92599487304688,24,24
14,car,2,False,False,238,2026-03-02 15:54:14.772,0.0,435.3392333984375,375.0255126953125,1.6598678827285767,68.93521881103516,24,24
14,car,2,False,False,239,2026-03-02 15:54:15.133,0.0,435.3389892578125,375.0830078125,1.6593670845031738,68.941162109375,24,24
14,car,2,False,False,240,2026-03-02 15:54:15.497,0.0,435.280517578125,375.09033203125,1.6583951711654663,68.94064331054688,24,24
14,car,2,False,False,241,2026-03-02 15:54:15.862,0.0,435.22662353515625,375.0495910644531,1.6579095125198364,68.93524932861328,24,24
14,car,2,False,False,242,2026-03-02 15:54:16.220,0.0,435.2926025390625,375.0515441894531,1.6589181423187256,68.9368896484375,24,24
14,car,2,False,False,243,2026-03-02 15:54:16.574,0.0,435.339111328125,375.0829162597656,1.6593698263168335,68.94115447998047,24,24
14,car,2,False,False,244,2026-03-02 15:54:16.928,0.0,435.3089599609375,375.06597900390625,1.6590476036071777,68.9387435913086,24,24
14,car,2,False,False,245,2026-03-02 15:54:17.286,0.0,435.236572265625,374.9923095703125,1.6585590839385986,68.92953491210938,24,24
14,car,2,False,False,246,2026-03-02 15:54:17.643,0.0,435.2183532714844,374.95733642578125,1.6585781574249268,68.9255142211914,24,24
14,car,2,False,False,247,2026-03-02 15:54:18.005,0.0,435.21490478515625,374.9822082519531,1.6583095788955688,68.92801666259766,24,24
14,car,2,False,False,248,2026-03-02 15:54:18.370,0.0,435.2080383300781,374.9697265625,1.6583107709884644,68.92657470703125,24,24
14,car,2,False,False,249,2026-03-02 15:54:18.732,0.0,435.2010803222656,374.91937255859375,1.6586377620697021,68.92120361328125,24,24
14,car,2,False,False,250,2026-03-02 15:54:19.095,0.0,435.19842529296875,374.877685546875,1.65895676612854,68.91683197021484,24,24
14,car,2,False,False,251,2026-03-02 15:54:19.459,0.0,435.08984375,375.0048828125,1.6561697721481323,68.92762756347656,24,24
14,car,2,False,False,252,2026-03-02 15:54:19.843,0.0,435.0374755859375,375.0615234375,1.6548668146133423,68.93234252929688,24,24
14,car,2,False,False,253,2026-03-02 15:54:20.213,0.0,435.0242919921875,375.100341796875,1.6543269157409668,68.93607330322266,24,24
14,car,2,False,False,254,2026-03-02 15:54:20.572,0.0,435.0750732421875,375.19921875,1.654262900352478,68.9474105834961,24,24
14,car,2,False,False,255,2026-03-02 15:54:20.932,0.0,434.9998779296875,375.2859191894531,1.6523470878601074,68.9547348022461,24,24
14,car,2,False,False,256,2026-03-02 15:54:21.291,0.0,435.0651550292969,375.10223388671875,1.6549456119537354,68.93716430664062,24,24
14,car,2,False,False,257,2026-03-02 15:54:21.650,0.0,435.0279541015625,374.93975830078125,1.6557700634002686,68.91952514648438,24,24
14,car,2,False,False,258,2026-03-02 15:54:22.010,0.0,435.02020263671875,374.805419921875,1.6568100452423096,68.90544128417969,24,24
14,car,2,False,False,259,2026-03-02 15:54:22.368,0.0,435.10003662109375,374.7084045410156,1.6588904857635498,68.89713287353516,24,24
14,car,2,False,False,260,2026-03-02 15:54:22.730,0.0,435.1210632324219,374.6968078613281,1.6593178510665894,68.8963851928711,24,24
14,car,2,False,False,261,2026-03-02 15:54:23.088,0.0,435.552001953125,374.75213623046875,1.6655417680740356,68.91156005859375,24,24
14,car,2,False,False,262,2026-03-02 15:54:23.452,0.0,435.3232421875,374.700927734375,1.6624271869659424,68.9012451171875,24,24
14,car,2,False,False,263,2026-03-02 15:54:23.808,0.0,435.12451171875,374.6791687011719,1.6595240831375122,68.89463806152344,24,24
14,car,2,False,False,264,2026-03-02 15:54:24.170,0.0,435.130859375,374.64520263671875,1.659916639328003,68.89125061035156,24,24
14,car,2,False,False,265,2026-03-02 15:54:24.528,0.0,435.13214111328125,374.58709716796875,1.6604394912719727,68.88525390625,24,24
14,car,2,False,False,266,2026-03-02 15:54:24.903,0.0,435.16021728515625,374.5540771484375,1.661162257194519,68.88243865966797,24,24
14,car,2,False,False,267,2026-03-02 15:54:25.264,0.0,435.0699157714844,374.58807373046875,1.659462809562683,68.88398742675781,24,24
14,car,2,False,False,268,2026-03-02 15:54:25.628,0.0,435.03570556640625,374.6329345703125,1.6585423946380615,68.88789367675781,24,24
14,car,2,False,False,269,2026-03-02 15:54:25.997,0.0,435.0210876464844,374.6519775390625,1.6581501960754395,68.8895492553711,24,24
14,car,2,False,False,270,2026-03-02 15:54:26.361,0.0,435.0369873046875,374.697998046875,1.6579996347427368,68.89466857910156,24,24
14,car,2,False,False,271,2026-03-02 15:54:26.725,0.0,435.0443115234375,374.77557373046875,1.6574429273605347,68.90287017822266,24,24
14,car,2,False,False,272,2026-03-02 15:54:27.087,0.0,435.045654296875,374.79962158203125,1.6572558879852295,68.9053955078125,24,24
14,car,2,False,False,273,2026-03-02 15:54:27.450,0.0,435.05615234375,374.790283203125,1.65749990940094,68.90465545654297,24,24
14,car,2,False,False,274,2026-03-02 15:54:27.814,0.0,435.05364990234375,374.8372802734375,1.6570547819137573,68.90946960449219,24,24
14,car,2,False,False,275,2026-03-02 15:54:28.177,0.0,435.0564880371094,374.89959716796875,1.6565605401992798,68.9159927368164,24,24
14,car,2,False,False,276,2026-03-02 15:54:28.536,0.0,435.15374755859375,374.8438415527344,1.6585546731948853,68.91234588623047,24,24
14,car,2,False,False,277,2026-03-02 15:54:28.899,0.0,435.1092529296875,374.857666015625,1.6577433347702026,68.91280364990234,24,24
14,car,2,False,False,278,2026-03-02 15:54:29.263,0.0,435.1169128417969,374.8397216796875,1.6580175161361694,68.9111099243164,24,24
14,car,2,False,False,279,2026-03-02 15:54:29.633,0.0,435.11376953125,374.81298828125,1.658199667930603,68.90827178955078,24,24
14,car,2,False,False,280,2026-03-02 15:54:30.007,0.0,435.12353515625,374.7265625,1.6590988636016846,68.89952850341797,24,24
14,car,2,False,False,281,2026-03-02 15:54:30.373,0.0,435.211181640625,374.7114562988281,1.6605929136276245,68.8998794555664,24,24
14,car,2,False,False,282,2026-03-02 15:54:30.737,0.0,435.24169921875,374.736328125,1.6608524322509766,68.90312957763672,24,24
14,car,2,False,False,283,2026-03-02 15:54:31.092,0.0,435.25128173828125,374.7956237792969,1.6604883670806885,68.90948486328125,24,24
14,car,2,False,False,284,2026-03-02 15:54:31.454,0.0,435.26031494140625,374.7803955078125,1.6607606410980225,68.9081039428711,24,24
14,car,2,False,False,285,2026-03-02 15:54:31.818,0.0,435.26226806640625,374.7840576171875,1.6607593297958374,68.90852355957031,24,24
14,car,2,False,False,286,2026-03-02 15:54:32.183,0.0,435.2481384277344,374.7998046875,1.6604033708572388,68.90985107421875,24,24
14,car,2,False,False,287,2026-03-02 15:54:32.547,0.0,435.24737548828125,374.8072509765625,1.6603270769119263,68.91059875488281,24,24
14,car,2,False,False,288,2026-03-02 15:54:32.909,0.0,435.2459716796875,374.8104248046875,1.6602778434753418,68.91090393066406,24,24
14,car,2,False,False,289,2026-03-02 15:54:33.271,0.0,435.24481201171875,374.77960205078125,1.6605263948440552,68.90768432617188,24,24
14,car,2,False,False,290,2026-03-02 15:54:33.632,0.0,435.2533264160156,374.7590637207031,1.6608365774154663,68.9057388305664,24,24
14,car,2,False,False,291,2026-03-02 15:54:33.990,0.0,435.25970458984375,374.7547607421875,1.6609729528427124,68.90543365478516,24,24
14,car,2,False,False,292,2026-03-02 15:54:34.352,0.0,435.266845703125,374.77935791015625,1.660871148109436,68.90813446044922,24,24
14,car,2,False,False,293,2026-03-02 15:54:34.732,0.0,435.2602844238281,374.77789306640625,1.6607818603515625,68.90784454345703,24,24
14,car,2,False,False,294,2026-03-02 15:54:35.090,0.0,435.1864929199219,374.8312072753906,1.6591731309890747,68.91175079345703,24,24
14,car,2,False,False,295,2026-03-02 15:54:35.449,0.0,435.14154052734375,374.8549499511719,1.6582688093185425,68.9132308959961,24,24
14,car,2,False,False,296,2026-03-02 15:54:35.822,0.0,435.1025390625,374.99090576171875,1.6564878225326538,68.92645263671875,24,24
14,car,2,False,False,297,2026-03-02 15:54:36.184,0.0,435.10406494140625,375.03314208984375,1.656146764755249,68.93086242675781,24,24
14,car,2,False,False,298,2026-03-02 15:54:36.544,0.0,435.07080078125,374.92254638671875,1.6565848588943481,68.91868591308594,24,24
14,car,2,False,False,299,2026-03-02 15:54:36.900,0.0,435.06805419921875,374.71697998046875,1.6583187580108643,68.8973159790039,24,24
14,car,2,False,False,300,2026-03-02 15:54:37.258,0.0,435.0682678222656,374.70501708984375,1.6584255695343018,68.89608001708984,24,24
14,car,2,False,False,301,2026-03-02 15:54:37.616,0.0,435.07012939453125,374.77947998046875,1.6578106880187988,68.90384674072266,24,24
14,car,2,False,False,302,2026-03-02 15:54:38.001,0.0,435.0556640625,374.91278076171875,1.6564338207244873,68.91734313964844,24,24
14,car,2,False,False,303,2026-03-02 15:54:38.358,0.0,435.0189208984375,375.036865234375,1.654791235923767,68.92938232421875,24,24
14,car,2,False,False,304,2026-03-02 15:54:38.715,0.0,435.02264404296875,375.03271484375,1.654884934425354,68.92903900146484,24,24
14,car,2,False,False,305,2026-03-02 15:54:39.086,0.0,435.0501403808594,374.97906494140625,1.655775547027588,68.92407989501953,24,24
14,car,2,False,False,306,2026-03-02 15:54:39.449,0.0,435.1040954589844,374.9787902832031,1.6566165685653687,68.92523956298828,24,24
14,car,2,False,False,307,2026-03-02 15:54:39.813,0.0,435.13525390625,374.9399108886719,1.6574368476867676,68.92189025878906,24,24
14,car,2,False,False,308,2026-03-02 15:54:40.175,0.0,435.15673828125,374.85333251953125,1.6585191488265991,68.91339111328125,24,24
14,car,2,False,False,309,2026-03-02 15:54:40.538,0.0,435.177734375,374.7843017578125,1.6594425439834595,68.90670013427734,24,24
14,car,2,False,False,310,2026-03-02 15:54:40.905,0.0,435.19744873046875,374.66064453125,1.6608190536499023,68.8943099975586,24,24
14,car,2,False,False,311,2026-03-02 15:54:41.264,0.0,435.3645935058594,374.8551330566406,1.6617356538772583,68.91812896728516,24,24
14,car,2,False,False,312,2026-03-02 15:54:41.634,0.0,435.25665283203125,374.7723388671875,1.6607733964920044,68.90718841552734,24,24
14,car,2,False,False,313,2026-03-02 15:54:41.993,0.0,435.19793701171875,374.7209777832031,1.6603045463562012,68.90057373046875,24,24
14,car,2,False,False,314,2026-03-02 15:54:42.375,0.0,435.16986083984375,374.7384033203125,1.659717082977295,68.90177154541016,24,24
14,car,2,False,False,315,2026-03-02 15:54:42.739,0.0,435.15753173828125,374.76605224609375,1.6592861413955688,68.90436553955078,24,24
14,car,2,False,False,316,2026-03-02 15:54:43.099,0.0,435.150634765625,374.75732421875,1.6592543125152588,68.90331268310547,24,24
14,car,2,False,False,317,2026-03-02 15:54:43.459,0.0,435.1512756347656,374.74798583984375,1.6593451499938965,68.90235900878906,24,24
14,car,2,False,False,318,2026-03-02 15:54:43.819,0.0,435.15576171875,374.7148132324219,1.6597018241882324,68.89901733398438,24,24
14,car,2,False,False,319,2026-03-02 15:54:44.178,0.0,435.1585693359375,374.7105712890625,1.6597821712493896,68.89863586425781,24,24
14,car,2,False,False,320,2026-03-02 15:54:44.541,0.0,435.1473388671875,374.69549560546875,1.6597379446029663,68.8968276977539,24,24
14,car,2,False,False,321,2026-03-02 15:54:44.896,0.0,435.1302795410156,374.69476318359375,1.6594789028167725,68.89637756347656,24,24
14,car,2,False,False,322,2026-03-02 15:54:45.257,0.0,435.1368713378906,374.6982116699219,1.6595516204833984,68.89688110351562,24,24
14,car,2,False,False,323,2026-03-02 15:54:45.635,0.0,435.15521240234375,374.6462707519531,1.6602863073349,68.89189147949219,24,24
14,car,2,False,False,324,2026-03-02 15:54:46.034,0.0,435.15625,374.6131591796875,1.6605889797210693,68.88848114013672,24,24
14,car,2,False,False,325,2026-03-02 15:54:46.397,0.0,435.1461181640625,374.63507080078125,1.660241723060608,68.89053344726562,24,24
14,car,2,False,False,326,2026-03-02 15:54:46.761,0.0,435.14697265625,374.62261962890625,1.6603628396987915,68.8892593383789,24,24
14,car,2,False,False,327,2026-03-02 15:54:47.129,0.0,435.149169921875,374.6072998046875,1.660529613494873,68.8877182006836,24,24
14,car,2,False,False,328,2026-03-02 15:54:47.494,0.0,435.1627502441406,374.64593505859375,1.660406470298767,68.89202880859375,24,24
14,car,2,False,False,329,2026-03-02 15:54:47.863,0.0,435.15350341796875,374.6746826171875,1.6600139141082764,68.89480590820312,24,24
14,car,2,False,False,330,2026-03-02 15:54:48.311,0.0,435.1317138671875,374.6561584472656,1.6598352193832397,68.89240264892578,24,24
14,car,2,False,False,331,2026-03-02 15:54:48.762,0.0,435.1282653808594,374.666259765625,1.6596940755844116,68.89337921142578,24,24
14,car,2,False,False,332,2026-03-02 15:54:49.141,0.0,435.13690185546875,374.7120666503906,1.6594321727752686,68.8983154296875,24,24
14,car,2,False,False,333,2026-03-02 15:54:49.518,0.0,435.1563720703125,374.7460021972656,1.6594414710998535,68.90225982666016,24,24
14,car,2,False,False,334,2026-03-02 15:54:49.901,0.0,435.136962890625,374.80511474609375,1.6586284637451172,68.90796661376953,24,24
14,car,2,False,False,335,2026-03-02 15:54:50.283,0.0,435.1268310546875,374.9705810546875,1.6570409536361694,68.92488098144531,24,24
14,car,2,False,False,336,2026-03-02 15:54:50.671,0.0,435.1363220214844,374.96527099609375,1.6572343111038208,68.9245376586914,24,24
14,car,2,False,False,337,2026-03-02 15:54:51.046,0.0,435.154541015625,374.91064453125,1.6579896211624146,68.91928100585938,24,24
14,car,2,False,False,338,2026-03-02 15:54:51.536,0.0,435.16522216796875,374.8839111328125,1.6583867073059082,68.916748046875,24,24
14,car,2,False,False,339,2026-03-02 15:54:51.909,0.0,435.1717834472656,374.866455078125,1.658639669418335,68.91508483886719,24,24
14,car,2,False,False,340,2026-03-02 15:54:52.266,0.0,435.1744384765625,374.8619689941406,1.6587196588516235,68.9146728515625,24,24
14,car,2,False,False,341,2026-03-02 15:54:52.627,0.0,435.1817321777344,374.8658447265625,1.658799648284912,68.91523742675781,24,24
14,car,2,False,False,342,2026-03-02 15:54:52.993,0.0,435.1798400878906,374.864990234375,1.6587775945663452,68.91510772705078,24,24
14,car,2,False,False,343,2026-03-02 15:54:53.356,0.0,435.17144775390625,374.8838195800781,1.6584843397140503,68.9168701171875,24,24
14,car,2,False,False,344,2026-03-02 15:54:53.720,0.0,435.15234375,375.04754638671875,1.6567727327346802,68.93341064453125,24,24
14,car,2,False,False,345,2026-03-02 15:54:54.084,0.0,435.16522216796875,374.9194030761719,1.658079981803894,68.92042541503906,24,24
14,car,2,False,False,346,2026-03-02 15:54:54.446,0.0,435.1618347167969,374.827392578125,1.6588226556777954,68.91082000732422,24,24
14,car,2,False,False,347,2026-03-02 15:54:54.826,0.0,435.1510009765625,374.7402648925781,1.659407615661621,68.90155029296875,24,24
14,car,2,False,False,348,2026-03-02 15:54:55.186,0.0,435.1346435546875,374.72967529296875,1.6592447757720947,68.90009307861328,24,24
14,car,2,False,False,349,2026-03-02 15:54:55.555,0.0,435.1060791015625,374.75933837890625,1.6585439443588257,68.90254211425781,24,24
14,car,2,False,False,350,2026-03-02 15:54:55.929,0.0,435.10015869140625,374.7970275878906,1.6581259965896606,68.90631866455078,24,24
14,car,2,False,False,351,2026-03-02 15:54:56.289,0.0,435.08209228515625,374.81524658203125,1.6576875448226929,68.9078140258789,24,24
14,car,2,False,False,352,2026-03-02 15:54:56.655,0.0,435.0926513671875,374.76458740234375,1.6582896709442139,68.90279388427734,24,24
14,car,2,False,False,353,2026-03-02 15:54:57.018,0.0,435.109130859375,374.686279296875,1.6592233180999756,68.89503479003906,24,24
14,car,2,False,False,354,2026-03-02 15:54:57.431,0.0,435.11016845703125,374.74139404296875,1.6587626934051514,68.90077209472656,24,24
14,car,2,False,False,355,2026-03-02 15:54:57.793,0.0,435.0970458984375,374.85205078125,1.6576019525527954,68.91195678710938,24,24
14,car,2,False,False,356,2026-03-02 15:54:58.151,0.0,435.0894775390625,374.90460205078125,1.6570302248001099,68.91722869873047,24,24
14,car,2,False,False,357,2026-03-02 15:54:58.519,0.0,435.0882568359375,374.9533996582031,1.6565897464752197,68.92225646972656,24,24
14,car,2,False,False,358,2026-03-02 15:54:58.879,0.0,435.1234130859375,374.9451904296875,1.6572071313858032,68.92218017578125,24,24
14,car,2,False,False,359,2026-03-02 15:54:59.238,0.0,435.1048583984375,374.9350280761719,1.6570065021514893,68.92072296142578,24,24
14,car,2,False,False,360,2026-03-02 15:54:59.599,0.0,435.09783935546875,374.9256591796875,1.6569782495498657,68.91959381103516,24,24
27,car,10,True,False,63,2026-03-02 15:53:11.971,0.0,728.855712890625,172.41085815429688,13.982050895690918,40.53623962402344,1,1
27,car,10,True,True,66,2026-03-02 15:53:13.012,62.0,722.6593017578125,169.9163818359375,14.000715255737305,39.37356185913086,2,2
27,car,10,True,True,67,2026-03-02 15:53:13.364,88.0,709.859130859375,165.72686767578125,13.962968826293945,37.229530334472656,3,3
27,car,10,True,True,68,2026-03-02 15:53:13.713,62.0,706.1270751953125,164.703369140625,13.935601234436035,36.65993118286133,4,4
27,car,10,True,True,69,2026-03-02 15:53:14.063,58.0,700.395751953125,162.81002807617188,13.91914176940918,35.64790344238281,5,5
27,car,10,True,False,70,2026-03-02 15:53:14.413,54.0,696.081298828125,161.57479858398438,13.890900611877441,34.946197509765625,6,6
27,car,10,True,False,71,2026-03-02 15:53:14.763,47.0,692.1700439453125,160.1317138671875,13.891653060913086,34.17205047607422,7,7
27,car,10,True,False,72,2026-03-02 15:53:15.114,41.0,688.7244873046875,158.7744140625,13.899503707885742,33.44429397583008,8,8
27,car,10,True,False,74,2026-03-02 15:53:15.820,47.0,681.5435791015625,156.31741333007812,13.884757041931152,32.0470085144043,9,9
27,car,10,True,False,75,2026-03-02 15:53:16.171,54.0,672.6043701171875,152.70144653320312,13.913896560668945,30.004446029663086,10,10
27,car,10,True,False,76,2026-03-02 15:53:16.525,47.0,669.5841674804688,151.77496337890625,13.898305892944336,29.42638397216797,11,11
27,car,10,True,False,77,2026-03-02 15:53:16.875,41.0,666.7418212890625,151.01345825195312,13.873827934265137,28.926225662231445,12,12
27,car,10,True,False,78,2026-03-02 15:53:17.226,47.0,661.439453125,149.0916748046875,13.871661186218262,27.748456954956055,13,13
27,car,10,True,False,79,2026-03-02 15:53:17.576,49.0,657.2054443359375,147.62734985351562,13.863635063171387,26.821016311645508,14,14
27,car,10,True,False,80,2026-03-02 15:53:17.928,45.0,654.2333984375,146.94500732421875,13.827014923095703,26.325407028198242,15,15
27,car,10,True,False,81,2026-03-02 15:53:18.278,41.0,651.4991455078125,145.90032958984375,13.830405235290527,25.663671493530273,16,16
27,car,10,True,False,82,2026-03-02 15:53:18.631,40.0,648.721923828125,144.7457733154297,13.842352867126465,24.93655014038086,17,17
27,car,10,True,False,83,2026-03-02 15:53:18.985,41.0,643.5394287109375,142.97186279296875,13.830206871032715,23.7440242767334,18,18
27,car,10,True,False,84,2026-03-02 15:53:19.342,41.0,639.98291015625,141.89918518066406,13.808380126953125,22.984132766723633,19,19
27,car,10,True,False,85,2026-03-02 15:53:19.692,40.0,637.5450439453125,141.2652587890625,13.783881187438965,22.509647369384766,20,20
27,car,10,True,False,86,2026-03-02 15:53:20.041,39.0,634.882080078125,140.4598388671875,13.767342567443848,21.927461624145508,21,21
27,car,10,True,False,87,2026-03-02 15:53:20.392,39.0,631.6763916015625,139.8193359375,13.716602325439453,21.393245697021484,21,21
27,car,10,True,False,88,2026-03-02 15:53:20.755,39.0,627.349853515625,138.3750457763672,13.70147705078125,20.351470947265625,21,21
27,car,10,True,False,89,2026-03-02 15:53:21.134,39.0,624.4235229492188,137.02398681640625,13.72638988494873,19.4291934967041,22,22
27,car,10,True,False,90,2026-03-02 15:53:21.488,39.0,621.70458984375,136.2118682861328,13.707722663879395,18.80606460571289,23,23
27,car,10,True,False,91,2026-03-02 15:53:21.841,39.0,618.6654052734375,135.30638122558594,13.686391830444336,18.102603912353516,23,23
27,car,10,True,False,92,2026-03-02 15:53:22.196,38.0,616.2381591796875,134.61764526367188,13.66586685180664,17.5542049407959,23,23
27,car,10,True,False,93,2026-03-02 15:53:22.549,39.0,612.474853515625,133.43161010742188,13.645040512084961,16.624563217163086,23,23
27,car,10,True,False,94,2026-03-02 15:53:22.905,39.0,609.4918212890625,132.22955322265625,13.653726577758789,15.72136402130127,23,23
27,car,10,True,False,95,2026-03-02 15:53:23.254,39.0,606.1708984375,131.23182678222656,13.630188941955566,14.904205322265625,23,23
27,car,10,True,False,96,2026-03-02 15:53:23.603,38.0,603.8251342773438,130.5044403076172,13.615584373474121,14.306205749511719,23,23
27,car,10,True,False,97,2026-03-02 15:53:23.955,38.0,599.1373291015625,128.916259765625,13.599284172058105,13.008382797241211,23,23
27,car,10,True,False,98,2026-03-02 15:53:24.308,39.0,595.6444091796875,127.74826049804688,13.585362434387207,12.031975746154785,24,24
27,car,10,True,False,99,2026-03-02 15:53:24.672,40.0,592.5697021484375,126.7175064086914,13.573174476623535,11.157164573669434,24,24
27,car,10,True,False,100,2026-03-02 15:53:25.033,40.0,590.4352416992188,126.1436538696289,13.550293922424316,10.634943962097168,24,24
27,car,10,True,False,101,2026-03-02 15:53:25.386,39.0,588.5430908203125,125.55265045166016,13.538177490234375,10.11396312713623,24,24
27,car,10,True,False,102,2026-03-02 15:53:25.749,39.0,585.0758056640625,124.42584228515625,13.520167350769043,9.118025779724121,24,24
27,car,10,True,False,103,2026-03-02 15:53:26.106,40.0,582.07763671875,123.55150604248047,13.494095802307129,8.3117094039917,24,24
27,car,10,True,False,104,2026-03-02 15:53:26.459,40.0,580.1346435546875,123.21377563476562,13.453522682189941,7.940918445587158,24,24
27,car,10,True,False,105,2026-03-02 15:53:26.815,40.0,578.520751953125,122.55587768554688,13.458427429199219,7.370234966278076,24,24
27,car,10,True,False,106,2026-03-02 15:53:27.172,37.0,576.2633056640625,121.93711853027344,13.434152603149414,6.774517059326172,24,24
27,car,10,True,False,107,2026-03-02 15:53:27.528,37.0,572.2838745117188,121.16082000732422,13.358196258544922,5.9347124099731445,24,24
47,car,9,False,False,69,2026-03-02 15:53:14.063,0.0,1139.6298828125,329.4244689941406,13.67162036895752,80.25579071044922,1,1
47,car,10,True,False,70,2026-03-02 15:53:14.413,45.0,1123.6475830078125,323.48284912109375,13.671249389648438,79.41584014892578,2,2
47,car,10,True,False,71,2026-03-02 15:53:14.763,43.0,1110.2724609375,317.92242431640625,13.69607162475586,78.63897705078125,3,3
47,car,10,True,False,72,2026-03-02 15:53:15.114,41.0,1098.88232421875,313.5898132324219,13.700376510620117,77.99279022216797,4,4
47,car,10,True,False,73,2026-03-02 15:53:15.471,43.0,1075.52587890625,304.19476318359375,13.732401847839355,76.56366729736328,5,5
47,car,10,True,False,74,2026-03-02 15:53:15.820,45.0,1060.0029296875,297.81976318359375,13.760740280151367,75.55317687988281,6,6
47,car,10,True,False,75,2026-03-02 15:53:16.171,43.0,1047.5477294921875,293.26025390625,13.758476257324219,74.77064514160156,7,7
47,car,10,True,False,76,2026-03-02 15:53:16.525,42.0,1037.3828125,289.44757080078125,13.760885238647461,74.10459899902344,8,8
47,car,10,True,False,77,2026-03-02 15:53:16.875,41.0,1028.519775390625,286.060302734375,13.766027450561523,73.50302124023438,9,9
47,car,10,True,False,78,2026-03-02 15:53:17.226,42.0,1012.02099609375,279.71923828125,13.7776460647583,72.34202575683594,10,10
47,car,10,True,False,79,2026-03-02 15:53:17.576,43.0,1000.23828125,275.4538879394531,13.773256301879883,71.51383972167969,11,11
47,car,10,True,False,80,2026-03-02 15:53:17.928,42.0,991.0025634765625,271.6893615722656,13.790779113769531,70.79442596435547,12,12
47,car,10,True,False,81,2026-03-02 15:53:18.278,41.0,983.062744140625,268.73858642578125,13.791757583618164,70.19758605957031,13,13
47,car,10,True,False,82,2026-03-02 15:53:18.632,41.0,974.80517578125,265.8426208496094,13.78395938873291,69.58636474609375,14,14
47,car,10,True,False,93,2026-03-02 15:53:22.549,41.0,959.9473876953125,259.8548278808594,13.810035705566406,68.3458251953125,14,14
47,car,10,True,False,95,2026-03-02 15:53:23.254,43.0,865.0869750976562,224.31536865234375,13.843908309936523,59.47496032714844,13,13
47,car,10,True,False,96,2026-03-02 15:53:23.603,43.0,850.6179809570312,219.1541748046875,13.833993911743164,57.93670654296875,13,13
47,car,10,True,False,98,2026-03-02 15:53:24.308,44.0,837.5147705078125,214.59109497070312,13.817667961120605,56.50714111328125,12,12
47,car,10,True,True,99,2026-03-02 15:53:24.672,62.0,821.7030029296875,208.76742553710938,13.817465782165527,54.6312141418457,12,12
47,car,10,True,True,100,2026-03-02 15:53:25.033,62.0,816.5767211914062,207.04287719726562,13.806792259216309,54.03974914550781,12,12
47,car,10,True,False,101,2026-03-02 15:53:25.386,44.0,811.8521728515625,205.49057006835938,13.794384956359863,53.49507522583008,12,12
47,car,10,True,True,102,2026-03-02 15:53:25.750,64.0,802.7932739257812,201.9285888671875,13.808853149414062,52.285186767578125,12,12
47,car,10,True,True,103,2026-03-02 15:53:26.106,64.0,795.5142211914062,199.51548767089844,13.790665626525879,51.397159576416016,12,12
47,car,10,True,True,104,2026-03-02 15:53:26.459,64.0,789.888671875,197.68359375,13.774087905883789,50.705299377441406,12,12
47,car,10,True,True,105,2026-03-02 15:53:26.816,64.0,784.9461669921875,195.841796875,13.775100708007812,50.026397705078125,12,12
47,car,10,True,False,106,2026-03-02 15:53:27.172,47.0,780.0645751953125,194.23374938964844,13.761619567871094,49.400508880615234,12,12
47,car,10,True,False,107,2026-03-02 15:53:27.528,47.0,771.2466430664062,191.24691772460938,13.74243450164795,48.22201156616211,12,12
47,car,10,True,False,108,2026-03-02 15:53:27.931,47.0,765.2242431640625,189.03707885742188,13.740942001342773,47.34883499145508,13,13
47,car,10,True,False,109,2026-03-02 15:53:28.287,46.0,760.611572265625,187.31045532226562,13.742191314697266,46.65717315673828,14,14
47,car,10,True,False,110,2026-03-02 15:53:28.643,44.0,755.8489379882812,185.36065673828125,13.755468368530273,45.88108825683594,15,15
47,car,10,True,False,111,2026-03-02 15:53:28.991,45.0,750.385986328125,183.33543395996094,13.755703926086426,45.03604507446289,16,16
47,car,10,True,False,112,2026-03-02 15:53:29.341,46.0,743.631591796875,181.0027618408203,13.743447303771973,44.02017593383789,17,17
47,car,10,True,False,113,2026-03-02 15:53:29.696,45.0,738.62353515625,179.4903564453125,13.718145370483398,43.31984329223633,18,18
47,car,10,True,False,114,2026-03-02 15:53:30.045,43.0,734.330078125,178.02352905273438,13.708754539489746,42.655609130859375,19,19
47,car,10,True,False,115,2026-03-02 15:53:30.397,42.0,729.7251586914062,176.27212524414062,13.7118558883667,41.87306594848633,20,20
47,car,10,True,False,116,2026-03-02 15:53:30.750,41.0,725.2647094726562,174.63595581054688,13.710357666015625,41.121437072753906,21,21
47,car,10,True,False,117,2026-03-02 15:53:31.101,42.0,719.1812744140625,172.6500701904297,13.68951416015625,40.15957260131836,22,22
47,car,10,True,False,118,2026-03-02 15:53:31.455,42.0,714.483154296875,171.03872680664062,13.679076194763184,39.37512969970703,22,22
47,car,10,True,False,119,2026-03-02 15:53:31.813,41.0,710.1644287109375,169.63873291015625,13.6630277633667,38.6707878112793,23,23
47,car,10,True,False,120,2026-03-02 15:53:32.164,41.0,706.224609375,167.79693603515625,13.692275047302246,37.812965393066406,23,23
47,car,10,True,False,121,2026-03-02 15:53:32.515,41.0,698.8353271484375,165.41561889648438,13.663229942321777,36.56333923339844,23,23
47,car,10,True,False,122,2026-03-02 15:53:32.869,42.0,693.417236328125,163.6829833984375,13.640356063842773,35.63058090209961,24,24
47,car,10,True,False,123,2026-03-02 15:53:33.220,42.0,688.816162109375,162.2992706298828,13.613519668579102,34.858219146728516,24,24
47,car,10,True,False,124,2026-03-02 15:53:33.573,42.0,685.5938720703125,161.41949462890625,13.587258338928223,34.345340728759766,24,24
47,car,10,True,False,125,2026-03-02 15:53:33.923,41.0,682.53759765625,160.38470458984375,13.57833480834961,33.773380279541016,24,24
47,car,10,True,False,126,2026-03-02 15:53:34.273,41.0,676.4453125,157.86666870117188,13.59765911102295,32.423683166503906,24,24
47,car,10,True,False,127,2026-03-02 15:53:34.627,42.0,672.17138671875,156.2855682373047,13.59611988067627,31.53179931640625,24,24
47,car,10,True,False,128,2026-03-02 15:53:34.979,42.0,668.5380859375,155.14735412597656,13.577545166015625,30.849239349365234,24,24
47,car,10,True,False,129,2026-03-02 15:53:35.336,42.0,665.90478515625,154.22909545898438,13.571765899658203,30.307950973510742,24,24
47,car,10,True,False,130,2026-03-02 15:53:35.690,41.0,663.2747802734375,153.337158203125,13.563801765441895,29.772462844848633,24,24
47,car,10,True,False,131,2026-03-02 15:53:36.043,41.0,657.8580322265625,151.3084259033203,13.563504219055176,28.564220428466797,24,24
47,car,10,True,False,132,2026-03-02 15:53:36.397,42.0,653.8526000976562,149.78689575195312,13.565125465393066,27.64153289794922,24,24
47,car,10,True,False,133,2026-03-02 15:53:36.751,42.0,650.7432861328125,148.9691925048828,13.534859657287598,27.084074020385742,24,24
47,car,10,True,False,134,2026-03-02 15:53:37.107,41.0,648.1666870117188,147.8634490966797,13.546814918518066,26.414445877075195,24,24
47,car,10,True,False,135,2026-03-02 15:53:37.458,40.0,645.347412109375,147.1826171875,13.513663291931152,25.9263858795166,24,24
47,car,10,True,False,136,2026-03-02 15:53:37.814,41.0,641.2474365234375,145.9322967529297,13.487794876098633,25.08164405822754,24,24
47,car,10,True,False,137,2026-03-02 15:53:38.168,41.0,638.0400390625,145.00482177734375,13.462787628173828,24.436450958251953,24,24
47,car,10,True,False,138,2026-03-02 15:53:38.521,40.0,635.1066284179688,144.05709838867188,13.448487281799316,23.789535522460938,24,24
47,car,10,True,False,139,2026-03-02 15:53:38.873,41.0,632.1587524414062,142.8140106201172,13.459952354431152,22.982908248901367,24,24
47,car,10,True,False,140,2026-03-02 15:53:39.226,37.0,629.4761962890625,142.26123046875,13.418461799621582,22.537405014038086,24,24
47,car,10,True,False,141,2026-03-02 15:53:39.579,37.0,625.5573120117188,140.8280029296875,13.41372013092041,21.55193328857422,24,24
47,car,10,True,False,142,2026-03-02 15:53:39.938,38.0,623.144775390625,139.75543212890625,13.428098678588867,20.834392547607422,24,24
47,car,10,True,False,143,2026-03-02 15:53:40.291,36.0,620.0620727539062,138.889404296875,13.400398254394531,20.177248001098633,24,24
47,car,10,True,False,144,2026-03-02 15:53:40.647,36.0,616.881591796875,137.9312744140625,13.377427101135254,19.455608367919922,24,24
47,car,10,True,False,145,2026-03-02 15:53:40.998,36.0,612.115478515625,136.25869750976562,13.364437103271484,18.223236083984375,24,24
47,car,10,True,False,146,2026-03-02 15:53:41.351,36.0,609.0545043945312,134.78201293945312,13.393731117248535,17.185848236083984,24,24
47,car,10,True,False,147,2026-03-02 15:53:41.710,36.0,606.4793701171875,134.0583953857422,13.369671821594238,16.600244522094727,24,24
47,car,10,True,False,148,2026-03-02 15:53:42.081,36.0,604.4129638671875,133.40435791015625,13.357142448425293,16.0828914642334,24,24
47,car,10,True,False,149,2026-03-02 15:53:42.443,35.0,602.7210693359375,132.8612060546875,13.347526550292969,15.65125846862793,24,24
47,car,10,True,False,150,2026-03-02 15:53:42.799,35.0,598.8575439453125,131.4920654296875,13.33764362335205,14.57532024383545,24,24
47,car,10,True,False,151,2026-03-02 15:53:43.154,35.0,595.6246337890625,130.60433959960938,13.304335594177246,13.817850112915039,24,24
47,car,10,True,False,152,2026-03-02 15:53:43.511,35.0,593.57470703125,129.97474670410156,13.289441108703613,13.29116439819336,24,24
47,car,10,True,False,153,2026-03-02 15:53:43.864,35.0,591.5549926757812,129.4886016845703,13.261630058288574,12.851598739624023,24,24
47,car,10,True,False,154,2026-03-02 15:53:44.223,35.0,589.561279296875,128.62022399902344,13.271764755249023,12.169018745422363,24,24
47,car,10,True,False,155,2026-03-02 15:53:44.580,35.0,585.5673217773438,127.58294677734375,13.223344802856445,11.231301307678223,24,24
47,car,10,True,False,156,2026-03-02 15:53:44.934,36.0,583.0230712890625,126.74111938476562,13.20991325378418,10.508269309997559,24,24
47,car,10,True,False,157,2026-03-02 15:53:45.292,38.0,581.0056762695312,125.80780792236328,13.22546672821045,9.752815246582031,24,24
47,car,10,True,False,158,2026-03-02 15:53:45.653,38.0,578.914794921875,125.26307678222656,13.199671745300293,9.24263858795166,24,24
47,car,10,True,False,159,2026-03-02 15:53:46.006,36.0,576.8410034179688,124.50982666015625,13.1951322555542,8.588544845581055,24,24
47,car,9,False,False,160,2026-03-02 15:53:46.361,38.0,573.6571655273438,123.75691223144531,13.147522926330566,7.847701072692871,24,24
47,car,9,False,False,161,2026-03-02 15:53:46.719,38.0,571.43505859375,123.11032104492188,13.126133918762207,7.241666793823242,24,24
47,car,9,False,False,162,2026-03-02 15:53:47.076,36.0,569.4208374023438,122.66407775878906,13.092473030090332,6.785020351409912,24,24
47,car,9,False,False,163,2026-03-02 15:53:47.434,36.0,567.3839111328125,122.04505920410156,13.075119018554688,6.201696395874023,24,24
24,car,3,False,False,83,2026-03-02 15:53:18.985,0.0,359.0927734375,146.30096435546875,3.567917585372925,7.885039329528809,1,1
24,car,3,False,False,84,2026-03-02 15:53:19.342,47.0,360.07171630859375,147.64942932128906,3.5604987144470215,8.779046058654785,2,2
24,car,3,False,False,85,2026-03-02 15:53:19.692,40.0,360.8958740234375,148.57252502441406,3.5611183643341064,9.39233112335205,3,3
24,car,3,False,False,86,2026-03-02 15:53:20.041,32.0,361.81201171875,149.24417114257812,3.5730793476104736,9.854286193847656,4,4
24,car,3,False,False,87,2026-03-02 15:53:20.392,37.0,362.78729248046875,150.45758056640625,3.5698883533477783,10.63632869720459,5,5
24,car,3,False,False,88,2026-03-02 15:53:20.755,41.0,364.10406494140625,151.77084350585938,3.5758461952209473,11.486055374145508,6,6
24,car,3,False,False,89,2026-03-02 15:53:21.134,38.0,365.50079345703125,152.75596618652344,3.5948145389556885,12.139853477478027,7,7
24,car,3,False,False,90,2026-03-02 15:53:21.488,35.0,366.7076416015625,153.29818725585938,3.620699882507324,12.52327823638916,8,8
24,car,3,False,False,91,2026-03-02 15:53:21.842,38.0,367.941162109375,154.76223754882812,3.618532657623291,13.42268180847168,9,9
24,car,3,False,False,92,2026-03-02 15:53:22.196,35.0,368.9576416015625,155.65402221679688,3.62650465965271,13.978886604309082,10,10
24,car,3,False,False,93,2026-03-02 15:53:22.549,34.0,369.8345947265625,156.5386962890625,3.6297571659088135,14.516960144042969,11,11
24,car,3,False,False,94,2026-03-02 15:53:22.905,35.0,370.85296630859375,157.79348754882812,3.6265246868133545,15.25718879699707,12,12
24,car,3,False,False,95,2026-03-02 15:53:23.254,37.0,371.9716491699219,159.4180908203125,3.6155714988708496,16.187917709350586,13,13
24,car,3,False,False,96,2026-03-02 15:53:23.603,39.0,373.06231689453125,160.86517333984375,3.6091842651367188,17.00786781311035,14,14
24,car,3,False,False,97,2026-03-02 15:53:23.955,40.0,374.87451171875,162.6477813720703,3.6172032356262207,18.026256561279297,15,15
24,car,3,False,False,98,2026-03-02 15:53:24.308,41.0,376.4346618652344,164.0792999267578,3.6270194053649902,18.835111618041992,16,16
24,car,3,False,False,99,2026-03-02 15:53:24.672,40.0,377.482421875,165.14242553710938,3.6305346488952637,19.42112922668457,17,17
24,car,3,False,False,100,2026-03-02 15:53:25.033,39.0,378.20062255859375,165.95460510253906,3.6304807662963867,19.859529495239258,18,18
24,car,3,False,False,101,2026-03-02 15:53:25.386,37.0,378.87298583984375,167.1725616455078,3.617150068283081,20.487186431884766,19,19
24,car,3,False,False,102,2026-03-02 15:53:25.750,39.0,380.859375,169.44058227539062,3.6165478229522705,21.673860549926758,20,20
24,car,3,False,False,103,2026-03-02 15:53:26.106,37.0,382.26422119140625,170.26348876953125,3.638356924057007,22.134164810180664,21,21
24,car,3,False,False,104,2026-03-02 15:53:26.459,39.0,383.2779541015625,171.8727569580078,3.6251235008239746,22.92953109741211,22,22
24,car,3,False,False,106,2026-03-02 15:53:27.172,37.0,384.3768310546875,172.00540161132812,3.656416654586792,23.048704147338867,23,23
24,car,3,False,False,107,2026-03-02 15:53:27.528,37.0,387.26220703125,175.8312530517578,3.640103340148926,24.906354904174805,23,23
24,car,3,False,False,108,2026-03-02 15:53:27.931,40.0,389.0091552734375,177.62359619140625,3.6449151039123535,25.77141571044922,23,23
24,car,3,False,False,109,2026-03-02 15:53:28.287,40.0,390.1235046386719,178.75503540039062,3.6482620239257812,26.30974578857422,23,23
24,car,3,False,False,110,2026-03-02 15:53:28.643,37.0,391.4685363769531,179.7750244140625,3.6616616249084473,26.806852340698242,23,23
24,car,3,False,False,111,2026-03-02 15:53:28.991,34.0,392.75030517578125,180.97564697265625,3.6680870056152344,27.370075225830078,23,23
24,car,3,False,False,112,2026-03-02 15:53:29.341,36.0,394.5498046875,182.99542236328125,3.667982339859009,28.284255981445312,23,23
24,car,3,False,False,113,2026-03-02 15:53:29.696,37.0,396.0953674316406,184.4207763671875,3.6761441230773926,28.931671142578125,23,23
24,car,3,False,False,114,2026-03-02 15:53:30.045,35.0,397.5735778808594,185.9932861328125,3.678288221359253,29.62409019470215,23,23
24,car,3,False,False,115,2026-03-02 15:53:30.397,35.0,399.00653076171875,187.01895141601562,3.6934878826141357,30.092466354370117,23,23
24,car,3,False,False,116,2026-03-02 15:53:30.750,35.0,400.0356140136719,188.12112426757812,3.694674491882324,30.56591033935547,23,23
24,car,3,False,False,117,2026-03-02 15:53:31.101,35.0,401.8013610839844,189.88140869140625,3.7000935077667236,31.317163467407227,23,23
24,car,3,False,False,118,2026-03-02 15:53:31.456,34.0,403.3843688964844,191.12042236328125,3.7136752605438232,31.854145050048828,23,23
24,car,3,False,False,119,2026-03-02 15:53:31.813,34.0,404.990478515625,192.7684783935547,3.717176675796509,32.53504180908203,23,23
24,car,3,False,False,120,2026-03-02 15:53:32.164,34.0,406.58062744140625,194.77749633789062,3.710937023162842,33.33354568481445,23,23
24,car,3,False,False,121,2026-03-02 15:53:32.515,34.0,409.5936279296875,197.9522705078125,3.7152950763702393,34.58705139160156,23,23
24,car,3,False,False,122,2026-03-02 15:53:32.869,35.0,411.6132507324219,200.2941131591797,3.7128193378448486,35.47874450683594,23,23
24,car,3,False,False,123,2026-03-02 15:53:33.220,36.0,413.0626220703125,202.22262573242188,3.7049646377563477,36.189125061035156,23,23
24,car,3,False,False,124,2026-03-02 15:53:33.574,36.0,414.38543701171875,203.52000427246094,3.709228277206421,36.67510223388672,23,23
24,car,3,False,False,125,2026-03-02 15:53:33.923,35.0,415.63140869140625,204.7560577392578,3.712855577468872,37.132083892822266,23,23
24,car,3,False,False,126,2026-03-02 15:53:34.274,36.0,418.44573974609375,208.13519287109375,3.70678448677063,38.33013153076172,23,23
24,car,3,False,False,127,2026-03-02 15:53:34.627,36.0,420.4852294921875,210.23654174804688,3.7107439041137695,39.06904220581055,23,23
24,car,3,False,False,128,2026-03-02 15:53:34.979,36.0,422.0413818359375,211.73497009277344,3.7161929607391357,39.59172439575195,23,23
24,car,3,False,False,129,2026-03-02 15:53:35.336,35.0,423.65106201171875,213.05462646484375,3.7271690368652344,40.05615997314453,23,23
24,car,3,False,False,130,2026-03-02 15:53:35.690,34.0,425.4984130859375,214.4940643310547,3.7413668632507324,40.5602912902832,24,24
24,car,3,False,False,131,2026-03-02 15:53:36.043,34.0,428.2991943359375,217.46905517578125,3.744133234024048,41.54109191894531,24,24
24,car,3,False,False,132,2026-03-02 15:53:36.397,36.0,430.004150390625,220.02325439453125,3.728754997253418,42.33539962768555,24,24
24,car,3,False,False,133,2026-03-02 15:53:36.751,36.0,431.86932373046875,221.59817504882812,3.7398877143859863,42.848663330078125,24,24
24,car,3,False,False,134,2026-03-02 15:53:37.107,36.0,433.4119873046875,223.3907470703125,3.737910509109497,43.40184783935547,24,24
24,car,3,False,False,135,2026-03-02 15:53:37.458,36.0,435.5654296875,225.67669677734375,3.7400295734405518,44.1024284362793,24,24
24,car,3,False,False,136,2026-03-02 15:53:37.814,37.0,437.9449462890625,228.868896484375,3.7276268005371094,45.0348014831543,24,24
24,car,3,False,False,137,2026-03-02 15:53:38.168,36.0,440.0180969238281,230.78965759277344,3.7358274459838867,45.60818099975586,24,24
24,car,3,False,False,138,2026-03-02 15:53:38.521,36.0,441.8760070800781,232.81143188476562,3.7365455627441406,46.189945220947266,24,24
24,car,3,False,False,139,2026-03-02 15:53:38.873,36.0,444.0022277832031,235.13121032714844,3.7372231483459473,46.845584869384766,24,24
24,car,3,False,False,140,2026-03-02 15:53:39.226,35.0,446.10968017578125,237.18710327148438,3.7430691719055176,47.424583435058594,24,24
24,car,3,False,False,141,2026-03-02 15:53:39.579,36.0,448.6581726074219,240.00973510742188,3.742905378341675,48.19178771972656,24,24
24,car,3,False,False,142,2026-03-02 15:53:39.938,35.0,451.0035095214844,242.44644165039062,3.746119260787964,48.84561538696289,24,24
24,car,3,False,False,143,2026-03-02 15:53:40.291,35.0,453.24169921875,244.76101684570312,3.7493534088134766,49.45557403564453,24,24
24,car,3,False,False,144,2026-03-02 15:53:40.647,32.0,455.4212951660156,246.74656677246094,3.7579710483551025,49.979148864746094,24,24
24,car,3,False,False,145,2026-03-02 15:53:40.998,32.0,459.72344970703125,250.95147705078125,3.7687880992889404,51.051151275634766,24,24
24,car,3,False,False,146,2026-03-02 15:53:41.351,32.0,463.01708984375,254.77513122558594,3.7647204399108887,51.97599792480469,24,24
24,car,3,False,False,147,2026-03-02 15:53:41.710,35.0,465.69171142578125,257.757080078125,3.763935089111328,52.68265914916992,24,24
24,car,3,False,False,148,2026-03-02 15:53:42.081,35.0,467.8909912109375,260.35479736328125,3.7604470252990723,53.281455993652344,24,24
24,car,3,False,False,149,2026-03-02 15:53:42.444,32.0,469.95587158203125,262.0837707519531,3.771038293838501,53.69316482543945,24,24
24,car,3,False,False,150,2026-03-02 15:53:42.799,32.0,473.96624755859375,266.21197509765625,3.7763826847076416,54.626220703125,24,24
24,car,3,False,False,151,2026-03-02 15:53:43.154,35.0,476.93316650390625,269.21875,3.7811362743377686,55.29004669189453,24,24
24,car,3,False,False,152,2026-03-02 15:53:43.511,35.0,479.51263427734375,272.2449035644531,3.777421474456787,55.931434631347656,24,24
24,car,3,False,False,153,2026-03-02 15:53:43.865,35.0,481.6585693359375,274.63629150390625,3.7767436504364014,56.43205261230469,24,24
24,car,3,False,False,154,2026-03-02 15:53:44.223,34.0,484.6104431152344,277.4692077636719,3.784266233444214,57.026824951171875,24,24
24,car,3,False,False,155,2026-03-02 15:53:44.580,34.0,489.218505859375,282.3720397949219,3.7869579792022705,58.014305114746094,24,24
24,car,3,False,False,156,2026-03-02 15:53:44.934,35.0,492.86663818359375,286.23565673828125,3.7893476486206055,58.77016067504883,24,24
24,car,3,False,False,157,2026-03-02 15:53:45.292,35.0,495.7308349609375,289.152099609375,3.7932639122009277,59.33108901977539,24,24
24,car,3,False,False,158,2026-03-02 15:53:45.653,34.0,499.2527770996094,292.3526306152344,3.804781913757324,59.94507598876953,24,24
24,car,3,False,False,159,2026-03-02 15:53:46.006,32.0,502.3638916015625,295.6936340332031,3.8057610988616943,60.55649185180664,24,24
24,car,3,False,False,160,2026-03-02 15:53:46.361,34.0,507.43975830078125,300.64141845703125,3.815971612930298,61.45092010498047,24,24
24,car,3,False,False,161,2026-03-02 15:53:46.719,34.0,511.1864013671875,304.18853759765625,3.825094699859619,62.07784652709961,24,24
24,car,3,False,False,162,2026-03-02 15:53:47.076,33.0,514.7809448242188,307.7979431152344,3.8301703929901123,62.69565963745117,24,24
24,car,3,False,False,163,2026-03-02 15:53:47.434,33.0,518.9970703125,311.48492431640625,3.845116138458252,63.32691192626953,24,24
24,car,3,False,False,164,2026-03-02 15:53:47.803,33.0,522.1759033203125,315.4879150390625,3.835890769958496,63.959720611572266,24,24
24,car,3,False,False,165,2026-03-02 15:53:48.180,33.0,527.3627319335938,320.6453857421875,3.8435893058776855,64.78063201904297,24,24
24,car,3,False,False,166,2026-03-02 15:53:48.535,33.0,531.7822265625,325.918701171875,3.835862636566162,65.57193756103516,24,24
24,car,3,False,False,167,2026-03-02 15:53:48.889,33.0,535.9095458984375,329.06671142578125,3.856994867324829,66.06964111328125,24,24
24,car,3,False,False,168,2026-03-02 15:53:49.245,33.0,539.6122436523438,332.352783203125,3.8683152198791504,66.56454467773438,24,24
24,car,3,False,False,169,2026-03-02 15:53:49.607,33.0,548.2637939453125,341.309814453125,3.8741602897644043,67.8323974609375,24,24
24,car,3,False,False,170,2026-03-02 15:53:49.969,33.0,554.711669921875,347.2487487792969,3.889500141143799,68.65483093261719,24,24
24,car,3,False,False,171,2026-03-02 15:53:50.334,33.0,560.01708984375,352.1199035644531,3.9019789695739746,69.30973052978516,24,24
24,car,3,False,False,172,2026-03-02 15:53:50.700,33.0,564.5987548828125,355.3421630859375,3.9271774291992188,69.75770568847656,24,24
24,car,3,False,False,173,2026-03-02 15:53:51.072,33.0,568.947265625,359.82373046875,3.9295601844787598,70.32243347167969,24,24
24,car,3,False,False,174,2026-03-02 15:53:51.438,33.0,577.4312744140625,369.25628662109375,3.9241044521331787,71.45323181152344,24,24
24,car,3,False,False,175,2026-03-02 15:53:51.801,33.0,584.014892578125,375.72283935546875,3.9321305751800537,72.21315002441406,24,24
24,car,3,False,False,176,2026-03-02 15:53:52.162,33.0,589.5154418945312,380.9246826171875,3.9414498805999756,72.81057739257812,24,24
24,car,3,False,False,177,2026-03-02 15:53:52.538,33.0,594.4169921875,385.563232421875,3.9495046138763428,73.3300552368164,24,24
24,car,3,False,False,178,2026-03-02 15:53:52.908,33.0,599.7651977539062,391.1768798828125,3.950510025024414,73.93085479736328,24,24
24,car,3,False,False,179,2026-03-02 15:53:53.262,33.0,609.2879028320312,400.49151611328125,3.9613423347473145,74.90460968017578,24,24
24,car,3,False,False,180,2026-03-02 15:53:53.617,33.0,617.749267578125,408.15008544921875,3.9787096977233887,75.6851577758789,24,24
24,car,3,False,False,181,2026-03-02 15:53:53.970,33.0,623.6116943359375,414.23541259765625,3.980217218399048,76.2688980102539,24,24
24,car,3,False,False,182,2026-03-02 15:53:54.371,33.0,629.828857421875,420.94073486328125,3.9785425662994385,76.88861846923828,24,24
24,car,3,False,False,183,2026-03-02 15:53:54.727,33.0,636.605712890625,428.0763244628906,3.978959321975708,77.53038024902344,24,24
24,car,3,False,False,184,2026-03-02 15:53:55.081,33.0,648.1575927734375,439.36199951171875,3.990426778793335,78.51895141601562,24,24
24,car,3,False,False,185,2026-03-02 15:53:55.436,34.0,656.679931640625,447.79925537109375,3.997178792953491,79.22431945800781,24,24
24,car,3,False,False,186,2026-03-02 15:53:55.798,35.0,664.7269287109375,456.16253662109375,3.9986112117767334,79.8915786743164,24,24
55,car,9,False,False,91,2026-03-02 15:53:21.842,0.0,1135.343505859375,341.51611328125,13.123448371887207,81.09297180175781,1,1
55,car,9,False,False,92,2026-03-02 15:53:22.196,36.0,1122.318359375,336.19281005859375,13.134395599365234,80.40645599365234,2,2
55,car,9,False,False,93,2026-03-02 15:53:22.549,49.0,1101.821533203125,327.593994140625,13.161248207092285,79.26458740234375,3,3
55,car,9,False,False,94,2026-03-02 15:53:22.905,43.0,1086.5711669921875,322.16705322265625,13.142300605773926,78.46105194091797,4,4
55,car,9,False,False,95,2026-03-02 15:53:23.254,42.0,1074.2122802734375,316.7154235839844,13.17024040222168,77.69611358642578,5,5
55,car,9,False,False,96,2026-03-02 15:53:23.603,41.0,1062.089599609375,311.7962951660156,13.180407524108887,76.96104431152344,6,6
55,car,9,False,False,97,2026-03-02 15:53:23.955,42.0,1038.7161865234375,303.2856750488281,13.15853214263916,75.57672119140625,7,7
55,car,9,False,False,98,2026-03-02 15:53:24.308,43.0,1023.2388305664062,296.9670715332031,13.173589706420898,74.54668426513672,8,8
55,car,9,False,False,99,2026-03-02 15:53:24.672,42.0,1012.058837890625,292.4662170410156,13.182001113891602,73.78314971923828,9,9
55,car,9,False,False,100,2026-03-02 15:53:25.033,41.0,1001.603271484375,288.596923828125,13.174596786499023,73.0866928100586,10,10
55,car,9,False,False,101,2026-03-02 15:53:25.386,41.0,992.7720947265625,285.62994384765625,13.154345512390137,72.51899719238281,11,11
55,car,9,False,False,102,2026-03-02 15:53:25.750,41.0,976.5289916992188,279.29913330078125,13.15691089630127,71.3388671875,12,12
55,car,9,False,False,103,2026-03-02 15:53:26.106,42.0,964.78173828125,274.61566162109375,13.163843154907227,70.43983459472656,13,13
55,car,9,False,False,104,2026-03-02 15:53:26.460,41.0,955.9834594726562,271.5293273925781,13.148844718933105,69.80179595947266,14,14
55,car,9,False,False,105,2026-03-02 15:53:26.816,41.0,947.8681640625,268.795166015625,13.129243850708008,69.21574401855469,15,15
55,car,9,False,False,106,2026-03-02 15:53:27.172,40.0,939.322265625,265.39373779296875,13.133835792541504,68.51480865478516,16,16
55,car,9,False,False,107,2026-03-02 15:53:27.528,41.0,924.5447387695312,258.9525146484375,13.170242309570312,67.18096160888672,17,17
55,car,9,False,False,108,2026-03-02 15:53:27.931,41.0,914.3323364257812,255.22952270507812,13.159061431884766,66.33102416992188,18,18
55,car,9,False,False,109,2026-03-02 15:53:28.287,41.0,906.7486572265625,252.37930297851562,13.154975891113281,65.67127227783203,19,19
55,car,9,False,False,110,2026-03-02 15:53:28.643,40.0,899.4063720703125,249.7799530029297,13.142577171325684,65.04399871826172,20,20
55,car,9,False,False,111,2026-03-02 15:53:28.991,40.0,892.1605224609375,246.66580200195312,13.15904712677002,64.32421112060547,21,21
55,car,9,False,False,112,2026-03-02 15:53:29.341,40.0,879.294189453125,242.3092041015625,13.126091957092285,63.201114654541016,22,22
55,car,9,False,False,113,2026-03-02 15:53:29.696,40.0,870.8526611328125,239.4197540283203,13.105530738830566,62.437591552734375,23,23
55,car,9,False,False,114,2026-03-02 15:53:30.045,40.0,864.0789794921875,237.24069213867188,13.08106803894043,61.83668518066406,24,24
55,car,9,False,False,115,2026-03-02 15:53:30.397,40.0,856.800537109375,234.66845703125,13.066999435424805,61.137290954589844,24,24
55,car,9,False,False,116,2026-03-02 15:53:30.750,39.0,850.37890625,231.9232177734375,13.080819129943848,60.41973876953125,24,24
55,car,9,False,False,117,2026-03-02 15:53:31.101,39.0,839.2863159179688,227.9372100830078,13.062505722045898,59.28839874267578,24,24
55,car,9,False,False,118,2026-03-02 15:53:31.455,39.0,831.60498046875,224.87911987304688,13.066526412963867,58.42344665527344,24,24
55,car,9,False,False,119,2026-03-02 15:53:31.813,38.0,824.7621459960938,222.69491577148438,13.038924217224121,57.744163513183594,24,24
55,car,9,False,False,120,2026-03-02 15:53:32.164,38.0,818.3179321289062,220.2646026611328,13.034209251403809,57.01490783691406,24,24
55,car,9,False,False,121,2026-03-02 15:53:32.515,38.0,806.08642578125,215.91615295410156,13.00926399230957,55.64572525024414,24,24
55,car,9,False,False,122,2026-03-02 15:53:32.869,38.0,797.9989013671875,212.4774169921875,13.02617073059082,54.58441162109375,24,24
55,car,9,False,False,123,2026-03-02 15:53:33.220,39.0,791.3875732421875,209.8384552001953,13.02985668182373,53.732574462890625,24,24
55,car,9,False,False,124,2026-03-02 15:53:33.573,39.0,786.1273193359375,207.57537841796875,13.042936325073242,53.001564025878906,24,24
55,car,9,False,False,125,2026-03-02 15:53:33.923,39.0,781.44921875,205.76480102539062,13.042203903198242,52.38773727416992,24,24
55,car,9,False,False,126,2026-03-02 15:53:34.273,39.0,771.8226318359375,202.8802032470703,12.987570762634277,51.302921295166016,24,24
55,car,9,False,False,127,2026-03-02 15:53:34.627,39.0,765.3305053710938,200.44540405273438,12.980923652648926,50.429222106933594,24,24
55,car,9,False,False,128,2026-03-02 15:53:34.979,39.0,760.6639404296875,198.43968200683594,12.992446899414062,49.72190856933594,24,24
55,car,9,False,False,129,2026-03-02 15:53:35.336,39.0,756.3978271484375,196.74066162109375,12.994453430175781,49.09945297241211,24,24
55,car,9,False,False,130,2026-03-02 15:53:35.690,39.0,751.91552734375,195.330810546875,12.972126960754395,48.536399841308594,24,24
55,car,9,False,False,131,2026-03-02 15:53:36.043,39.0,743.3971557617188,191.6787109375,12.99309253692627,47.171592712402344,24,24
55,car,9,False,False,132,2026-03-02 15:53:36.397,39.0,737.769775390625,189.7183837890625,12.977025032043457,46.37384033203125,24,24
55,car,9,False,False,133,2026-03-02 15:53:36.751,39.0,733.44873046875,188.2345428466797,12.963030815124512,45.75691604614258,24,24
55,car,9,False,False,134,2026-03-02 15:53:37.107,39.0,729.3738403320312,186.85043334960938,12.948610305786133,45.17118835449219,24,24
55,car,9,False,False,135,2026-03-02 15:53:37.458,39.0,724.4033203125,185.4493408203125,12.911166191101074,44.53271484375,24,24
55,car,9,False,False,136,2026-03-02 15:53:37.814,39.0,718.2200927734375,182.78118896484375,12.927449226379395,43.43757629394531,24,24
55,car,9,False,False,137,2026-03-02 15:53:38.168,39.0,713.593017578125,181.17581176757812,12.912650108337402,42.723304748535156,24,24
55,car,9,False,False,138,2026-03-02 15:53:38.521,39.0,709.5859375,179.79212951660156,12.899171829223633,42.097171783447266,24,24
55,car,9,False,False,139,2026-03-02 15:53:38.873,39.0,705.5494995117188,178.18893432617188,12.900164604187012,41.38821029663086,24,24
55,car,9,False,False,140,2026-03-02 15:53:39.226,38.0,701.7161865234375,176.73895263671875,12.89596176147461,40.72819900512695,24,24
55,car,9,False,False,141,2026-03-02 15:53:39.579,38.0,696.1837158203125,174.32327270507812,12.91303825378418,39.646297454833984,24,24
55,car,9,False,False,142,2026-03-02 15:53:39.938,39.0,691.4630737304688,172.4894256591797,12.911381721496582,38.78136444091797,24,24
55,car,9,False,False,143,2026-03-02 15:53:40.291,38.0,687.049560546875,171.11318969726562,12.884980201721191,38.07877731323242,24,24
55,car,9,False,False,144,2026-03-02 15:53:40.647,38.0,683.5330810546875,170.24774169921875,12.84666919708252,37.59532165527344,24,24
55,car,9,False,False,145,2026-03-02 15:53:40.998,38.0,675.9618530273438,167.51995849609375,12.826946258544922,36.21453857421875,24,24
55,car,9,False,False,146,2026-03-02 15:53:41.351,38.0,671.4661865234375,165.49240112304688,12.845623016357422,35.21780014038086,24,24
55,car,9,False,False,147,2026-03-02 15:53:41.710,38.0,667.3372802734375,163.93264770507812,12.840129852294922,34.40143585205078,24,24
55,car,9,False,False,148,2026-03-02 15:53:42.081,38.0,664.2259521484375,163.02703857421875,12.81532096862793,33.88408660888672,24,24
55,car,9,False,False,149,2026-03-02 15:53:42.444,37.0,661.4610595703125,162.18106079101562,12.796207427978516,33.403167724609375,24,24
55,car,9,False,False,150,2026-03-02 15:53:42.799,37.0,656.5144653320312,159.83901977539062,12.82565975189209,32.189300537109375,24,24
55,car,9,False,False,151,2026-03-02 15:53:43.154,38.0,652.344482421875,157.91297912597656,12.847302436828613,31.1610107421875,24,24
55,car,9,False,False,152,2026-03-02 15:53:43.511,38.0,649.4829711914062,156.63510131835938,12.85895824432373,30.460926055908203,24,24
55,car,9,False,False,153,2026-03-02 15:53:43.865,38.0,647.04150390625,155.57456970214844,12.86666202545166,29.868310928344727,24,24
55,car,9,False,False,154,2026-03-02 15:53:44.223,37.0,644.0616455078125,154.66552734375,12.845213890075684,29.30582618713379,24,24
55,car,9,False,False,155,2026-03-02 15:53:44.580,37.0,638.7354125976562,153.3067626953125,12.784807205200195,28.405014038085938,24,24
55,car,9,False,False,156,2026-03-02 15:53:44.934,38.0,635.038330078125,152.14614868164062,12.759865760803223,27.671043395996094,24,24
55,car,9,False,False,157,2026-03-02 15:53:45.292,38.0,632.3385009765625,150.98440551757812,12.767026901245117,26.98229217529297,24,24
55,car,9,False,False,158,2026-03-02 15:53:45.653,38.0,629.6937255859375,150.00820922851562,12.760841369628906,26.374591827392578,24,24
55,car,9,False,False,159,2026-03-02 15:53:46.006,37.0,626.5601806640625,149.09486389160156,12.733344078063965,25.76154136657715,24,24
55,car,9,False,False,160,2026-03-02 15:53:46.361,37.0,622.85400390625,147.46153259277344,12.746337890625,24.757740020751953,24,24
55,car,9,False,False,161,2026-03-02 15:53:46.719,37.0,619.8550415039062,146.47244262695312,12.729145050048828,24.09571075439453,24,24
55,car,9,False,False,162,2026-03-02 15:53:47.076,37.0,617.0321044921875,145.59378051757812,12.708356857299805,23.49117660522461,24,24
55,car,9,False,False,163,2026-03-02 15:53:47.434,37.0,614.1800537109375,144.76792907714844,12.681891441345215,22.904878616333008,24,24
55,car,9,False,False,164,2026-03-02 15:53:47.803,36.0,611.5621337890625,143.8223419189453,12.673240661621094,22.2646541595459,24,24
55,car,9,False,False,165,2026-03-02 15:53:48.180,36.0,607.8679809570312,142.3820037841797,12.669923782348633,21.292203903198242,24,24
55,car,9,False,False,166,2026-03-02 15:53:48.535,36.0,605.0248413085938,141.29380798339844,12.665575981140137,20.542253494262695,24,24
55,car,9,False,False,167,2026-03-02 15:53:48.889,36.0,602.2388916015625,140.4492645263672,12.64203929901123,19.917057037353516,24,24
55,car,9,False,False,168,2026-03-02 15:53:49.245,36.0,599.4688720703125,139.3832550048828,12.638059616088867,19.16437530517578,24,24
55,car,9,False,False,169,2026-03-02 15:53:49.607,36.0,595.02294921875,137.89859008789062,12.611653327941895,18.061145782470703,24,24
55,car,9,False,False,170,2026-03-02 15:53:49.969,36.0,591.8096923828125,136.45672607421875,12.624896049499512,17.039213180541992,24,24
55,car,9,False,False,171,2026-03-02 15:53:50.334,37.0,589.2410278320312,135.49766540527344,12.618363380432129,16.32070541381836,24,24
55,car,9,False,False,172,2026-03-02 15:53:50.700,37.0,587.21337890625,134.84909057617188,12.603421211242676,15.810604095458984,24,24
55,car,9,False,False,173,2026-03-02 15:53:51.072,36.0,585.43115234375,134.3773193359375,12.581348419189453,15.416610717773438,24,24
55,car,9,False,False,174,2026-03-02 15:53:51.438,36.0,581.4285278320312,133.10008239746094,12.550881385803223,14.391067504882812,24,24
55,car,9,False,False,175,2026-03-02 15:53:51.801,36.0,578.3248901367188,132.2803192138672,12.511402130126953,13.687528610229492,24,24
55,car,9,False,False,176,2026-03-02 15:53:52.162,36.0,576.1627197265625,131.6121368408203,12.492446899414062,13.132609367370605,24,24
55,car,9,False,False,177,2026-03-02 15:53:52.538,36.0,574.3414916992188,131.00718688964844,12.480184555053711,12.634862899780273,24,24
55,car,9,False,False,178,2026-03-02 15:53:52.908,35.0,572.5585327148438,130.19943237304688,12.487837791442871,12.00771713256836,24,24
55,car,9,False,False,179,2026-03-02 15:53:53.262,35.0,569.0621337890625,128.8485870361328,12.481462478637695,10.907647132873535,24,24
55,car,9,False,False,180,2026-03-02 15:53:53.617,34.0,566.7391357421875,128.1932373046875,12.454623222351074,10.322898864746094,24,24
55,car,9,False,False,181,2026-03-02 15:53:53.970,34.0,564.8451538085938,127.50068664550781,12.44730281829834,9.738000869750977,24,24
55,car,9,False,False,182,2026-03-02 15:53:54.371,34.0,562.78271484375,126.77293395996094,12.436772346496582,9.112005233764648,24,24
55,car,9,False,False,183,2026-03-02 15:53:54.727,33.0,560.287109375,126.107177734375,12.403657913208008,8.490431785583496,24,24
55,car,9,False,False,184,2026-03-02 15:53:55.081,33.0,557.3660888671875,125.0201644897461,12.393555641174316,7.54477071762085,24,24
55,car,9,False,False,185,2026-03-02 15:53:55.436,34.0,555.09521484375,124.15182495117188,12.387805938720703,6.783025741577148,24,24
55,car,9,False,False,186,2026-03-02 15:53:55.798,37.0,552.9901123046875,123.226318359375,12.393964767456055,5.983375549316406,24,24
29,car,4,False,False,116,2026-03-02 15:53:30.750,0.0,385.60003662109375,140.41046142578125,4.778156757354736,5.8906941413879395,1,1
29,car,4,False,False,117,2026-03-02 15:53:31.101,33.0,386.8984375,141.23941040039062,4.7933197021484375,6.516619682312012,2,2
29,car,4,False,False,118,2026-03-02 15:53:31.455,35.0,388.0338134765625,142.19869995117188,4.796886444091797,7.208071708679199,3,3
29,car,4,False,False,119,2026-03-02 15:53:31.813,33.0,388.87738037109375,143.0559539794922,4.793653964996338,7.807474136352539,4,4
29,car,4,False,False,120,2026-03-02 15:53:32.164,32.0,389.64276123046875,143.82669067382812,4.7910356521606445,8.341268539428711,5,5
29,car,4,False,False,121,2026-03-02 15:53:32.515,32.0,391.21624755859375,144.63909912109375,4.816625118255615,8.948246955871582,6,6
29,car,4,False,False,122,2026-03-02 15:53:32.868,32.0,392.59814453125,145.0894775390625,4.849457263946533,9.315040588378906,7,7
29,car,4,False,False,123,2026-03-02 15:53:33.220,32.0,393.546875,145.80218505859375,4.855648994445801,9.811161994934082,8,8
29,car,4,False,False,124,2026-03-02 15:53:33.573,30.0,394.08624267578125,146.31961059570312,4.85465145111084,10.158956527709961,9,9
29,car,4,False,False,125,2026-03-02 15:53:33.923,28.0,394.7723693847656,147.10806274414062,4.848209381103516,10.675955772399902,10,10
29,car,4,False,False,126,2026-03-02 15:53:34.273,30.0,396.108154296875,149.3660888671875,4.807542324066162,12.08962631225586,11,11
29,car,4,False,False,127,2026-03-02 15:53:34.627,32.0,397.12811279296875,150.73873901367188,4.790755748748779,12.943140029907227,12,12
29,car,4,False,False,128,2026-03-02 15:53:34.979,30.0,397.933349609375,151.59588623046875,4.786370277404785,13.479334831237793,13,13
29,car,4,False,False,129,2026-03-02 15:53:35.336,28.0,398.88360595703125,152.12074279785156,4.799832344055176,13.832932472229004,14,14
29,car,4,False,False,130,2026-03-02 15:53:35.690,29.0,400.380859375,152.9937744140625,4.819108009338379,14.410964965820312,15,15
29,car,4,False,False,131,2026-03-02 15:53:36.043,31.0,402.0247802734375,154.484130859375,4.819840908050537,15.328746795654297,16,16
29,car,4,False,False,132,2026-03-02 15:53:36.396,30.0,403.1429138183594,155.37362670898438,4.825008392333984,15.876946449279785,17,17
29,car,4,False,False,133,2026-03-02 15:53:36.751,29.0,404.3335876464844,156.13540649414062,4.837413311004639,16.355653762817383,18,18
29,car,4,False,False,134,2026-03-02 15:53:37.107,29.0,405.64947509765625,156.980224609375,4.850882053375244,16.881183624267578,19,19
29,car,4,False,False,135,2026-03-02 15:53:37.458,29.0,406.85968017578125,158.21163940429688,4.846210956573486,17.59649085998535,20,20
29,car,4,False,False,136,2026-03-02 15:53:37.814,30.0,408.229248046875,159.66818237304688,4.838685512542725,18.42588996887207,21,21
29,car,4,False,False,137,2026-03-02 15:53:38.168,31.0,409.3717041015625,160.70114135742188,4.839161396026611,19.015506744384766,22,22
29,car,4,False,False,138,2026-03-02 15:53:38.521,30.0,410.53900146484375,161.58541870117188,4.8458757400512695,19.525480270385742,23,23
29,car,4,False,False,139,2026-03-02 15:53:38.873,29.0,411.89727783203125,162.35845947265625,4.862901210784912,19.986156463623047,24,24
29,car,4,False,False,140,2026-03-02 15:53:39.226,28.0,413.0852966308594,163.18902587890625,4.872062683105469,20.461280822753906,24,24
29,car,4,False,False,141,2026-03-02 15:53:39.578,28.0,414.76727294921875,164.33322143554688,4.8860297203063965,21.110980987548828,24,24
29,car,4,False,False,142,2026-03-02 15:53:39.938,28.0,416.10986328125,165.68096923828125,4.88145637512207,21.83026885986328,24,24
29,car,4,False,False,143,2026-03-02 15:53:40.291,29.0,417.29461669921875,166.80108642578125,4.879937648773193,22.42367172241211,24,24
29,car,4,False,False,144,2026-03-02 15:53:40.647,29.0,418.52215576171875,167.97613525390625,4.877872467041016,23.037466049194336,24,24
29,car,4,False,False,145,2026-03-02 15:53:40.998,31.0,420.6002502441406,170.092529296875,4.869997024536133,24.11606788635254,24,24
29,car,4,False,False,146,2026-03-02 15:53:41.351,31.0,422.5830078125,171.5338134765625,4.88263463973999,24.86651039123535,24,24
29,car,4,False,False,147,2026-03-02 15:53:41.709,31.0,424.38897705078125,172.89892578125,4.892168998718262,25.562711715698242,24,24
29,car,4,False,False,148,2026-03-02 15:53:42.081,32.0,425.5016784667969,174.21202087402344,4.881801128387451,26.190353393554688,24,24
29,car,4,False,False,149,2026-03-02 15:53:42.443,31.0,426.35205078125,175.2279510498047,4.8735527992248535,26.669458389282227,24,24
29,car,4,False,False,150,2026-03-02 15:53:42.799,31.0,428.6394958496094,177.06211853027344,4.881914138793945,27.559852600097656,24,24
29,car,4,False,False,151,2026-03-02 15:53:43.154,32.0,430.4129943847656,178.44558715820312,4.8895769119262695,28.222551345825195,24,24
29,car,4,False,False,152,2026-03-02 15:53:43.511,32.0,431.99090576171875,179.55856323242188,4.900228977203369,28.75629234313965,24,24
29,car,4,False,False,153,2026-03-02 15:53:43.864,32.0,433.25775146484375,180.43418884277344,4.909286975860596,29.173118591308594,24,24
29,car,4,False,False,154,2026-03-02 15:53:44.223,31.0,434.46954345703125,181.62954711914062,4.9060492515563965,29.710508346557617,24,24
29,car,4,False,False,155,2026-03-02 15:53:44.579,32.0,436.24932861328125,184.04632568359375,4.879830837249756,30.74462890625,24,24
29,car,4,False,False,156,2026-03-02 15:53:44.934,33.0,437.6865539550781,185.48391723632812,4.87563419342041,31.366172790527344,24,24
29,car,4,False,False,157,2026-03-02 15:53:45.292,33.0,439.387939453125,186.41766357421875,4.8953471183776855,31.801801681518555,24,24
29,car,4,False,False,158,2026-03-02 15:53:45.653,32.0,441.0555725097656,187.81321716308594,4.899106502532959,32.403717041015625,24,24
29,car,4,False,False,159,2026-03-02 15:53:46.006,32.0,442.7900390625,189.07847595214844,4.908876419067383,32.95268630981445,24,24
29,car,4,False,False,160,2026-03-02 15:53:46.361,32.0,444.8995361328125,190.99063110351562,4.908816337585449,33.74555969238281,24,24
29,car,4,False,False,161,2026-03-02 15:53:46.718,33.0,446.84503173828125,192.5313720703125,4.915724277496338,34.38500213623047,24,24
29,car,4,False,False,162,2026-03-02 15:53:47.076,33.0,448.338623046875,194.09158325195312,4.909229755401611,35.001094818115234,24,24
29,car,4,False,False,163,2026-03-02 15:53:47.434,33.0,450.1544189453125,195.94090270996094,4.9029221534729,35.7215461730957,24,24
29,car,4,False,False,164,2026-03-02 15:53:47.803,33.0,451.83929443359375,197.49966430664062,4.901958465576172,36.32590103149414,24,24
29,car,4,False,False,165,2026-03-02 15:53:48.180,33.0,454.1131896972656,199.23611450195312,4.911782264709473,37.0062255859375,24,24
29,car,4,False,False,166,2026-03-02 15:53:48.535,33.0,456.0221252441406,200.970458984375,4.911587238311768,37.6588249206543,24,24
29,car,4,False,False,167,2026-03-02 15:53:48.889,34.0,458.0846862792969,202.78961181640625,4.913011074066162,38.33468246459961,24,24
29,car,4,False,False,168,2026-03-02 15:53:49.245,33.0,460.02532958984375,204.5181121826172,4.913830280303955,38.9655647277832,24,24
29,car,4,False,False,169,2026-03-02 15:53:49.607,33.0,463.22357177734375,207.12857055664062,4.922109127044678,39.91083526611328,24,24
29,car,4,False,False,170,2026-03-02 15:53:49.969,33.0,465.7977600097656,209.21011352539062,4.929197788238525,40.64961242675781,24,24
29,car,4,False,False,171,2026-03-02 15:53:50.334,34.0,468.3699951171875,211.15878295898438,4.939927101135254,41.3354377746582,24,24
29,car,4,False,False,172,2026-03-02 15:53:50.700,34.0,470.106689453125,212.68994140625,4.9408979415893555,41.85436248779297,24,24
29,car,4,False,False,173,2026-03-02 15:53:51.072,33.0,471.7209777832031,214.15936279296875,4.9404754638671875,42.343666076660156,24,24
29,car,4,False,False,174,2026-03-02 15:53:51.438,33.0,475.18121337890625,217.2296142578125,4.941816329956055,43.349369049072266,24,24
29,car,4,False,False,175,2026-03-02 15:53:51.801,34.0,477.62017822265625,219.374755859375,4.94326639175415,44.037109375,24,24
29,car,4,False,False,176,2026-03-02 15:53:52.162,34.0,479.5997314453125,221.116943359375,4.944393157958984,44.58633804321289,24,24
29,car,4,False,False,177,2026-03-02 15:53:52.537,34.0,481.540283203125,222.57916259765625,4.952216148376465,45.05181884765625,24,24
29,car,4,False,False,178,2026-03-02 15:53:52.908,33.0,483.8162841796875,224.3409423828125,4.959991455078125,45.602622985839844,24,24
29,car,4,False,False,179,2026-03-02 15:53:53.262,34.0,487.3525390625,227.48365783691406,4.96091365814209,46.54530334472656,24,24
29,car,4,False,False,180,2026-03-02 15:53:53.617,35.0,490.1169738769531,229.97784423828125,4.960621356964111,47.274539947509766,24,24
29,car,4,False,False,181,2026-03-02 15:53:53.970,35.0,492.39208984375,231.940185546875,4.96277379989624,47.84153366088867,24,24
29,car,4,False,False,182,2026-03-02 15:53:54.371,35.0,494.2059326171875,234.0648651123047,4.949777603149414,48.42162322998047,24,24
29,car,4,False,False,183,2026-03-02 15:53:54.727,35.0,496.9556884765625,236.68161010742188,4.946089744567871,49.141151428222656,24,24
29,car,4,False,False,184,2026-03-02 15:53:55.081,36.0,500.3087158203125,239.65521240234375,4.947246551513672,49.948848724365234,24,24
29,car,4,False,False,185,2026-03-02 15:53:55.436,36.0,502.977294921875,241.74017333984375,4.955292224884033,50.515052795410156,24,24
29,car,4,False,False,186,2026-03-02 15:53:55.798,35.0,505.8019714355469,243.7354278564453,4.9690046310424805,51.057647705078125,24,24
29,car,4,False,False,187,2026-03-02 15:53:56.152,35.0,508.6368103027344,246.238525390625,4.9700093269348145,51.70212936401367,24,24
29,car,4,False,False,188,2026-03-02 15:53:56.504,34.0,511.2866516113281,248.47264099121094,4.973550319671631,52.27099609375,24,24
29,car,4,False,False,189,2026-03-02 15:53:56.857,34.0,515.338623046875,252.35598754882812,4.967423915863037,53.218509674072266,24,24
29,car,4,False,False,190,2026-03-02 15:53:57.209,34.0,518.7957763671875,255.8944091796875,4.95691442489624,54.0504035949707,24,24
29,car,4,False,False,191,2026-03-02 15:53:57.559,36.0,521.7939453125,258.80145263671875,4.951862812042236,54.722843170166016,24,24
29,car,4,False,False,192,2026-03-02 15:53:57.911,34.0,524.76806640625,261.3631286621094,4.954540729522705,55.314239501953125,24,24
29,car,4,False,False,193,2026-03-02 15:53:58.265,34.0,530.9808959960938,266.2296447753906,4.971213340759277,56.425437927246094,24,24
29,car,4,False,False,194,2026-03-02 15:53:58.618,34.0,535.6246948242188,270.0410461425781,4.979308128356934,57.262081146240234,24,24
29,car,4,False,False,195,2026-03-02 15:53:58.968,36.0,538.978515625,273.4577331542969,4.969958305358887,57.968570709228516,24,24
29,car,4,False,False,196,2026-03-02 15:53:59.319,36.0,542.0426025390625,276.1085205078125,4.972150802612305,58.519100189208984,24,24
29,car,4,False,False,197,2026-03-02 15:53:59.669,34.0,545.0403442382812,278.5601806640625,4.977409839630127,59.02421951293945,24,24
29,car,4,False,False,198,2026-03-02 15:54:00.018,34.0,550.798828125,283.6288146972656,4.97939920425415,60.02920913696289,24,24
29,car,4,False,False,199,2026-03-02 15:54:00.369,36.0,555.286376953125,287.72576904296875,4.977728843688965,60.81200408935547,24,24
29,car,4,False,False,200,2026-03-02 15:54:00.722,36.0,558.9946899414062,291.32220458984375,4.971885681152344,61.475303649902344,24,24
29,car,4,False,False,201,2026-03-02 15:54:01.075,36.0,562.3111572265625,293.9444580078125,4.979318141937256,61.96625518798828,24,24
29,car,4,False,False,202,2026-03-02 15:54:01.432,35.0,566.396240234375,297.24725341796875,4.986773490905762,62.57022476196289,24,24
29,car,4,False,False,203,2026-03-02 15:54:01.787,35.0,573.284423828125,303.37554931640625,4.987483978271484,63.63877868652344,24,24
29,car,4,False,False,204,2026-03-02 15:54:02.137,36.0,578.3466796875,307.62603759765625,4.993123531341553,64.36345672607422,24,24
29,car,4,False,False,205,2026-03-02 15:54:02.492,36.0,582.78662109375,311.6360778808594,4.992292404174805,65.02096557617188,24,24
29,car,4,False,False,206,2026-03-02 15:54:02.847,35.0,587.3622436523438,315.78900146484375,4.991054534912109,65.6844253540039,24,24
29,car,4,False,False,207,2026-03-02 15:54:03.221,35.0,592.0407104492188,320.2430725097656,4.985766410827637,66.37185668945312,24,24
29,car,4,False,False,208,2026-03-02 15:54:03.613,36.0,599.238525390625,326.79351806640625,4.983671188354492,67.35801696777344,24,24
29,car,4,False,False,209,2026-03-02 15:54:03.982,36.0,604.5906982421875,331.3599853515625,4.987905025482178,68.03144836425781,24,24
29,car,4,False,False,210,2026-03-02 15:54:04.348,36.0,609.716064453125,336.31109619140625,4.9810895919799805,68.72549438476562,24,24
29,car,4,False,False,211,2026-03-02 15:54:04.708,36.0,615.088134765625,340.37615966796875,4.994789123535156,69.30826568603516,24,24
29,car,4,False,False,212,2026-03-02 15:54:05.069,36.0,620.0858764648438,345.1585693359375,4.989040374755859,69.94618225097656,24,24
29,car,4,False,False,213,2026-03-02 15:54:05.435,36.0,628.1221923828125,351.9346618652344,4.996371269226074,70.84314727783203,24,24
29,car,4,False,False,214,2026-03-02 15:54:05.796,36.0,634.80078125,357.6492919921875,5.000794410705566,71.57186889648438,24,24
29,car,4,False,False,215,2026-03-02 15:54:06.161,36.0,640.7608642578125,362.592529296875,5.0073442459106445,72.18832397460938,24,24
29,car,4,False,False,216,2026-03-02 15:54:06.523,36.0,646.3336181640625,367.38836669921875,5.0103325843811035,72.76653289794922,24,24
29,car,4,False,False,217,2026-03-02 15:54:06.886,36.0,659.222900390625,378.4630126953125,5.017258644104004,74.04798889160156,24,24
29,car,4,False,False,218,2026-03-02 15:54:07.260,36.0,668.3348388671875,386.6483154296875,5.016100883483887,74.94098663330078,24,24
29,car,4,False,False,219,2026-03-02 15:54:07.634,36.0,675.4764404296875,393.0256652832031,5.015836715698242,75.61265563964844,24,24
29,car,4,False,False,220,2026-03-02 15:54:08.000,36.0,682.0106811523438,399.07049560546875,5.0122785568237305,76.22549438476562,24,24
29,car,4,False,False,221,2026-03-02 15:54:08.356,36.0,688.1708984375,404.27313232421875,5.01677131652832,76.74915313720703,24,24
29,car,4,False,False,222,2026-03-02 15:54:08.751,36.0,699.8117065429688,415.3876953125,5.005383014678955,77.79663848876953,24,24
29,car,4,False,False,223,2026-03-02 15:54:09.151,36.0,709.0828247070312,424.10791015625,4.998688697814941,78.58380889892578,24,24
29,car,4,False,False,224,2026-03-02 15:54:09.509,36.0,717.3078002929688,431.9403076171875,4.991562843322754,79.26274871826172,24,24
29,car,4,False,False,225,2026-03-02 15:54:09.865,36.0,724.564208984375,438.435791015625,4.991448402404785,79.81568145751953,24,24
63,car,8,False,False,144,2026-03-02 15:53:40.647,0.0,1102.4197998046875,351.50244140625,12.265029907226562,81.13321685791016,1,1
63,car,8,False,True,145,2026-03-02 15:53:40.998,74.0,1076.8284912109375,340.46112060546875,12.282340049743652,79.75150299072266,2,2
63,car,8,False,True,146,2026-03-02 15:53:41.351,63.0,1060.2423095703125,332.6981201171875,12.316953659057617,78.75871276855469,3,3
63,car,8,False,False,147,2026-03-02 15:53:41.710,53.0,1047.6533203125,326.9947509765625,12.33703327178955,77.99156188964844,4,4
63,car,8,False,False,148,2026-03-02 15:53:42.081,47.0,1036.93212890625,322.7789306640625,12.329750061035156,77.37525939941406,5,5
63,car,8,False,False,149,2026-03-02 15:53:42.444,41.0,1026.7216796875,318.5396728515625,12.331446647644043,76.7530288696289,6,6
63,car,8,False,False,150,2026-03-02 15:53:42.799,47.0,1008.9891357421875,311.2916259765625,12.329906463623047,75.64492797851562,7,7
63,car,8,False,False,151,2026-03-02 15:53:43.154,42.0,996.689453125,306.2777099609375,12.3282470703125,74.84813690185547,8,8
63,car,8,False,False,152,2026-03-02 15:53:43.511,48.0,983.68359375,299.68109130859375,12.380331993103027,73.8405990600586,9,9
63,car,8,False,False,153,2026-03-02 15:53:43.865,42.0,976.0029296875,296.21630859375,12.393875122070312,73.27285766601562,10,10
63,car,8,False,False,154,2026-03-02 15:53:44.223,41.0,967.5795288085938,293.38275146484375,12.36778736114502,72.74402618408203,11,11
63,car,8,False,False,155,2026-03-02 15:53:44.580,42.0,952.3980712890625,287.5895690917969,12.349215507507324,71.68498992919922,12,12
63,car,9,False,False,156,2026-03-02 15:53:44.934,45.0,942.2794189453125,282.44085693359375,12.393183708190918,70.79938507080078,13,13
63,car,9,False,False,157,2026-03-02 15:53:45.292,42.0,933.388671875,278.6915283203125,12.398262977600098,70.09358978271484,14,14
63,car,9,False,False,158,2026-03-02 15:53:45.653,41.0,925.3593139648438,274.6322937011719,12.433577537536621,69.35306549072266,15,15
63,car,9,False,False,159,2026-03-02 15:53:46.006,41.0,916.8821411132812,271.7788391113281,12.4058256149292,68.74052429199219,16,16
63,car,9,False,False,160,2026-03-02 15:53:46.362,41.0,904.171630859375,265.95263671875,12.435517311096191,67.5827865600586,17,17
63,car,9,False,False,161,2026-03-02 15:53:46.719,41.0,895.2996215820312,262.457763671875,12.429720878601074,66.82854461669922,18,18
63,car,9,False,False,162,2026-03-02 15:53:47.076,41.0,887.2650146484375,258.864501953125,12.444977760314941,66.06511688232422,19,19
63,car,9,False,False,163,2026-03-02 15:53:47.434,40.0,879.6642456054688,255.8074951171875,12.443065643310547,65.37662506103516,20,20
63,car,9,False,False,164,2026-03-02 15:53:47.803,40.0,872.481689453125,252.96728515625,12.438820838928223,64.71907806396484,21,21
63,car,9,False,False,165,2026-03-02 15:53:48.180,40.0,861.324462890625,248.10543823242188,12.454627990722656,63.59577178955078,22,22
63,car,9,False,False,166,2026-03-02 15:53:48.535,41.0,853.0405883789062,244.77105712890625,12.452713012695312,62.78097152709961,23,23
63,car,9,False,False,167,2026-03-02 15:53:48.890,41.0,845.8902587890625,241.60394287109375,12.465914726257324,62.01041793823242,24,24
63,car,9,False,False,168,2026-03-02 15:53:49.245,40.0,839.4677734375,239.291015625,12.450339317321777,61.39642333984375,24,24
63,car,9,False,False,169,2026-03-02 15:53:49.607,40.0,826.9150390625,233.91812133789062,12.464239120483398,60.00454330444336,24,24
63,car,9,False,False,170,2026-03-02 15:53:49.969,40.0,817.879150390625,230.4669189453125,12.452143669128418,59.04509353637695,24,24
63,car,9,False,False,171,2026-03-02 15:53:50.334,41.0,810.9267578125,227.49224853515625,12.46000862121582,58.224849700927734,24,24
63,car,9,False,False,172,2026-03-02 15:53:50.700,41.0,805.7186889648438,224.91671752929688,12.485194206237793,57.526615142822266,24,24
63,car,9,False,False,173,2026-03-02 15:53:51.072,40.0,800.3912353515625,223.08575439453125,12.466666221618652,56.963592529296875,24,24
63,car,9,False,False,174,2026-03-02 15:53:51.438,40.0,790.2259521484375,219.10687255859375,12.4578857421875,55.7601203918457,24,24
63,car,9,False,False,175,2026-03-02 15:53:51.801,40.0,783.319091796875,216.29884338378906,12.457728385925293,54.89540481567383,24,24
63,car,9,False,False,176,2026-03-02 15:53:52.162,40.0,777.9033813476562,214.3416748046875,12.443475723266602,54.25774383544922,24,24
63,car,9,False,False,177,2026-03-02 15:53:52.538,40.0,773.48583984375,212.5449981689453,12.443300247192383,53.68332290649414,24,24
63,car,9,False,False,178,2026-03-02 15:53:52.908,40.0,768.7816772460938,211.02377319335938,12.42015552520752,53.15330505371094,24,24
63,car,9,False,False,179,2026-03-02 15:53:53.262,40.0,759.8357543945312,206.87203979492188,12.449970245361328,51.819583892822266,24,24
63,car,9,False,False,180,2026-03-02 15:53:53.617,40.0,754.0635986328125,204.7465057373047,12.436418533325195,51.07053756713867,24,24
63,car,9,False,False,181,2026-03-02 15:53:53.994,40.0,749.3670654296875,202.76535034179688,12.440474510192871,50.386104583740234,24,24
63,car,9,False,False,182,2026-03-02 15:53:54.371,40.0,744.2513427734375,201.1317901611328,12.412848472595215,49.762451171875,24,24
63,car,9,False,False,183,2026-03-02 15:53:54.727,40.0,738.4073486328125,199.13101196289062,12.38905143737793,49.002357482910156,24,24
63,car,9,False,False,184,2026-03-02 15:53:55.081,40.0,731.599365234375,196.563232421875,12.375495910644531,48.0338249206543,24,24
63,car,9,False,False,185,2026-03-02 15:53:55.436,40.0,726.3558349609375,194.1744384765625,12.39071273803711,47.15670394897461,24,24
63,car,9,False,False,186,2026-03-02 15:53:55.798,40.0,722.123291015625,192.3382568359375,12.397388458251953,46.4601936340332,24,24
63,car,9,False,False,187,2026-03-02 15:53:56.152,40.0,717.6185302734375,190.53244018554688,12.3950834274292,45.748374938964844,24,24
63,car,9,False,False,188,2026-03-02 15:53:56.504,40.0,713.302001953125,188.92843627929688,12.384654998779297,45.09180450439453,24,24
63,car,9,False,False,189,2026-03-02 15:53:56.857,40.0,706.5142822265625,186.58682250976562,12.356101036071777,44.09288787841797,24,24
63,car,9,False,False,190,2026-03-02 15:53:57.209,38.0,701.3377075195312,185.07431030273438,12.315896987915039,43.399818420410156,24,24
63,car,9,False,False,191,2026-03-02 15:53:57.559,40.0,696.470947265625,183.18325805664062,12.3085298538208,42.58989715576172,24,24
63,car,9,False,False,192,2026-03-02 15:53:57.911,40.0,692.276123046875,180.9794921875,12.340494155883789,41.69330596923828,24,24
63,car,9,False,False,193,2026-03-02 15:53:58.265,40.0,684.719482421875,177.79046630859375,12.346373558044434,40.29071044921875,24,24
63,car,9,False,False,194,2026-03-02 15:53:58.618,40.0,679.5341796875,175.50791931152344,12.357041358947754,39.26830291748047,24,24
63,car,9,False,False,195,2026-03-02 15:53:58.968,40.0,674.884521484375,173.86566162109375,12.338576316833496,38.473426818847656,24,24
63,car,9,False,False,196,2026-03-02 15:53:59.320,40.0,671.6544189453125,173.006103515625,12.305871963500977,38.0134162902832,24,24
63,car,9,False,False,197,2026-03-02 15:53:59.669,40.0,668.9312133789062,171.72889709472656,12.316847801208496,37.42247772216797,24,24
63,car,9,False,False,198,2026-03-02 15:54:00.018,40.0,663.10302734375,169.4212646484375,12.310440063476562,36.28922653198242,24,24
63,car,9,False,False,199,2026-03-02 15:54:00.369,40.0,658.7514038085938,167.95986938476562,12.286758422851562,35.523624420166016,24,24
63,car,9,False,False,200,2026-03-02 15:54:00.722,40.0,655.4652099609375,166.96902465820312,12.260492324829102,34.98047637939453,24,24
63,car,9,False,False,201,2026-03-02 15:54:01.076,40.0,652.732421875,166.1201171875,12.24022388458252,34.514408111572266,24,24
63,car,9,False,False,202,2026-03-02 15:54:01.432,40.0,649.5460815429688,164.96875,12.228069305419922,33.901546478271484,24,24
63,car,9,False,False,203,2026-03-02 15:54:01.787,40.0,643.88232421875,162.6240234375,12.227986335754395,32.671207427978516,24,24
63,car,9,False,False,204,2026-03-02 15:54:02.137,41.0,639.9727783203125,161.07691955566406,12.222622871398926,31.83221435546875,24,24
63,car,9,False,False,205,2026-03-02 15:54:02.492,41.0,637.3323974609375,159.7064971923828,12.243302345275879,31.120105743408203,24,24
63,car,9,False,False,206,2026-03-02 15:54:02.847,41.0,634.2674560546875,158.745849609375,12.220139503479004,30.549367904663086,24,24
63,car,9,False,False,207,2026-03-02 15:54:03.221,40.0,630.9639282226562,157.39578247070312,12.218693733215332,29.790380477905273,24,24
63,car,9,False,False,208,2026-03-02 15:54:03.613,40.0,626.8948364257812,155.71823120117188,12.218001365661621,28.83232307434082,24,24
63,car,9,False,False,209,2026-03-02 15:54:03.982,40.0,623.3758544921875,154.58810424804688,12.192668914794922,28.133136749267578,24,24
63,car,9,False,False,210,2026-03-02 15:54:04.348,40.0,620.270751953125,153.35260009765625,12.188471794128418,27.399063110351562,24,24
63,car,9,False,False,211,2026-03-02 15:54:04.708,40.0,617.5430908203125,152.11837768554688,12.196358680725098,26.675840377807617,24,24
63,car,9,False,False,212,2026-03-02 15:54:05.069,39.0,614.6944580078125,151.51605224609375,12.150825500488281,26.233051300048828,24,24
63,car,9,False,False,213,2026-03-02 15:54:05.435,40.0,610.5462646484375,149.92010498046875,12.140363693237305,25.238086700439453,24,24
63,car,9,False,False,214,2026-03-02 15:54:05.796,40.0,607.4423828125,148.6475830078125,12.138627052307129,24.44241714477539,24,24
63,car,9,False,False,215,2026-03-02 15:54:06.161,39.0,604.24072265625,147.60235595703125,12.115408897399902,23.74127769470215,24,24
63,car,9,False,False,216,2026-03-02 15:54:06.523,39.0,600.7651977539062,146.27230834960938,12.105569839477539,22.870935440063477,24,24
63,car,9,False,False,217,2026-03-02 15:54:06.886,39.0,596.1226806640625,144.7239990234375,12.073616027832031,21.803394317626953,24,24
63,car,9,False,False,218,2026-03-02 15:54:07.260,39.0,592.6930541992188,143.32809448242188,12.070198059082031,20.86836814880371,24,24
63,car,9,False,False,219,2026-03-02 15:54:07.634,39.0,589.8872680664062,142.26852416992188,12.060565948486328,20.134990692138672,24,24
63,car,9,False,False,220,2026-03-02 15:54:08.000,39.0,587.582275390625,141.33514404296875,12.05776309967041,19.4908447265625,24,24
63,car,9,False,False,221,2026-03-02 15:54:08.356,39.0,585.7293701171875,140.58160400390625,12.055754661560059,18.965585708618164,24,24
63,car,9,False,False,222,2026-03-02 15:54:08.751,39.0,581.5451049804688,139.4608154296875,12.002449989318848,18.08501434326172,24,24
63,car,9,False,False,223,2026-03-02 15:54:09.151,39.0,578.52294921875,138.33108520507812,11.990313529968262,17.259559631347656,24,24
63,car,9,False,False,224,2026-03-02 15:54:09.510,39.0,575.8892822265625,137.63766479492188,11.955012321472168,16.696983337402344,24,24
63,car,8,False,False,225,2026-03-02 15:54:09.865,39.0,574.1407470703125,137.1620635986328,11.932672500610352,16.311702728271484,24,24
63,car,8,False,False,226,2026-03-02 15:54:10.349,39.0,572.0137329101562,136.53956604003906,11.909016609191895,15.81400203704834,24,24
63,car,8,False,False,227,2026-03-02 15:54:10.719,39.0,568.1796875,134.93174743652344,11.907283782958984,14.617267608642578,24,24
63,car,8,False,False,228,2026-03-02 15:54:11.115,39.0,565.3848876953125,134.30288696289062,11.859328269958496,14.056734085083008,24,24
63,car,8,False,False,229,2026-03-02 15:54:11.474,39.0,563.7550048828125,133.7329559326172,11.848590850830078,13.604168891906738,24,24
63,car,8,False,False,230,2026-03-02 15:54:11.832,39.0,561.6825561523438,132.67030334472656,11.864025115966797,12.81544017791748,24,24
63,car,8,False,False,231,2026-03-02 15:54:12.192,38.0,559.1722412109375,132.26214599609375,11.806539535522461,12.394281387329102,24,24
63,car,8,False,False,232,2026-03-02 15:54:12.559,39.0,556.0287475585938,131.17640686035156,11.783873558044434,11.501215934753418,24,24
63,car,8,False,False,233,2026-03-02 15:54:12.921,38.0,553.630859375,130.30551147460938,11.770082473754883,10.783392906188965,24,24
63,car,8,False,False,234,2026-03-02 15:54:13.281,39.0,551.708251953125,129.06744384765625,11.806485176086426,9.850603103637695,24,24
63,car,8,False,False,235,2026-03-02 15:54:13.651,42.0,549.179931640625,128.07955932617188,11.798068046569824,9.025335311889648,24,24
63,car,8,False,False,236,2026-03-02 15:54:14.024,39.0,547.2958984375,127.38540649414062,11.787962913513184,8.430891036987305,24,24
63,car,8,False,False,237,2026-03-02 15:54:14.409,38.0,544.8772583007812,126.89093017578125,11.739276885986328,7.92759370803833,24,24
63,car,8,False,False,238,2026-03-02 15:54:14.772,38.0,542.561279296875,126.18894958496094,11.712776184082031,7.28619384765625,24,24
63,car,8,False,False,239,2026-03-02 15:54:15.133,34.0,540.2060546875,125.61576843261719,11.672890663146973,6.724215507507324,24,24
72,car,9,False,False,169,2026-03-02 15:53:49.607,0.0,1126.857177734375,349.62188720703125,12.692167282104492,81.50823974609375,1,1
72,car,9,False,False,170,2026-03-02 15:53:49.969,54.0,1106.1826171875,341.869384765625,12.672877311706543,80.49434661865234,2,2
72,car,9,False,False,171,2026-03-02 15:53:50.334,48.0,1091.6383056640625,335.9488525390625,12.676581382751465,79.71685028076172,3,3
72,car,9,False,False,172,2026-03-02 15:53:50.700,41.0,1078.6688232421875,330.11260986328125,12.701602935791016,78.95478820800781,4,4
72,car,9,False,False,173,2026-03-02 15:53:51.072,41.0,1067.24365234375,325.755126953125,12.693443298339844,78.32931518554688,5,5
72,car,9,False,False,174,2026-03-02 15:53:51.438,41.0,1046.843505859375,317.505126953125,12.69725513458252,77.12857818603516,6,6
72,car,9,False,False,175,2026-03-02 15:53:51.801,44.0,1032.6334228515625,311.6529541015625,12.704358100891113,76.2461166381836,7,7
72,car,9,False,False,176,2026-03-02 15:53:52.162,42.0,1020.8292236328125,306.4295654296875,12.725578308105469,75.45264434814453,8,8
72,car,9,False,False,177,2026-03-02 15:53:52.538,42.0,1010.607666015625,302.16998291015625,12.733336448669434,74.77153778076172,9,9
72,car,9,False,False,178,2026-03-02 15:53:52.908,41.0,999.7691040039062,297.75360107421875,12.737478256225586,74.0396728515625,10,10
72,car,9,False,False,179,2026-03-02 15:53:53.262,42.0,981.8883056640625,290.32318115234375,12.750946044921875,72.76953887939453,11,11
72,car,9,False,False,180,2026-03-02 15:53:53.617,42.0,969.1359252929688,285.2537536621094,12.750642776489258,71.85218048095703,12,12
72,car,9,False,False,181,2026-03-02 15:53:53.994,42.0,959.9559326171875,281.1746826171875,12.76995849609375,71.12016296386719,13,13
72,car,9,False,False,182,2026-03-02 15:53:54.371,41.0,950.138671875,277.4552001953125,12.761527061462402,70.39541625976562,14,14
72,car,9,False,False,183,2026-03-02 15:53:54.727,41.0,940.86962890625,273.3765869140625,12.779845237731934,69.62054443359375,15,15
72,car,9,False,False,184,2026-03-02 15:53:55.081,41.0,926.4054565429688,267.26568603515625,12.797331809997559,68.40127563476562,16,16
72,car,9,False,False,185,2026-03-02 15:53:55.436,42.0,916.5203857421875,263.3591613769531,12.796616554260254,67.57521057128906,17,17
72,car,9,False,False,186,2026-03-02 15:53:55.798,42.0,907.8197631835938,259.662353515625,12.80868148803711,66.79098510742188,18,18
72,car,9,False,False,187,2026-03-02 15:53:56.152,41.0,900.2108154296875,256.3163757324219,12.825140953063965,66.07068634033203,19,19
72,car,9,False,False,188,2026-03-02 15:53:56.504,41.0,892.325927734375,253.53219604492188,12.808136940002441,65.41056823730469,20,20
72,car,9,False,False,189,2026-03-02 15:53:56.857,41.0,879.571533203125,248.44073486328125,12.809988975524902,64.2184066772461,21,21
72,car,9,False,False,190,2026-03-02 15:53:57.209,42.0,870.2688598632812,244.4830322265625,12.824117660522461,63.278541564941406,22,22
72,car,9,False,False,191,2026-03-02 15:53:57.559,42.0,862.203857421875,240.966552734375,12.841238021850586,62.42548370361328,23,23
72,car,9,False,False,192,2026-03-02 15:53:57.912,42.0,853.7459716796875,238.251708984375,12.807535171508789,61.677921295166016,24,24
72,car,9,False,False,193,2026-03-02 15:53:58.265,42.0,839.151611328125,231.95193481445312,12.835744857788086,60.04769515991211,24,24
72,car,9,False,False,194,2026-03-02 15:53:58.618,42.0,829.494140625,227.41683959960938,12.875733375549316,58.85086441040039,24,24
72,car,9,False,False,195,2026-03-02 15:53:58.968,44.0,821.7275390625,224.34091186523438,12.87646770477295,57.97085952758789,24,24
72,car,9,False,False,196,2026-03-02 15:53:59.320,44.0,815.288330078125,222.1178741455078,12.85832691192627,57.29128646850586,24,24
72,car,9,False,False,197,2026-03-02 15:53:59.669,42.0,809.463134765625,219.93783569335938,12.851373672485352,56.629669189453125,24,24
72,car,9,False,False,198,2026-03-02 15:54:00.019,42.0,799.1693115234375,215.61898803710938,12.866199493408203,55.32729721069336,24,24
72,car,9,False,False,199,2026-03-02 15:54:00.369,44.0,791.3568115234375,212.41265869140625,12.873554229736328,54.32194900512695,24,24
72,car,9,False,False,200,2026-03-02 15:54:00.723,44.0,785.719482421875,209.9932861328125,12.88538646697998,53.554039001464844,24,24
72,car,9,False,False,201,2026-03-02 15:54:01.076,44.0,780.315673828125,207.8871307373047,12.883953094482422,52.852935791015625,24,24
72,car,9,False,False,202,2026-03-02 15:54:01.432,42.0,775.0660400390625,205.7918243408203,12.885568618774414,52.146949768066406,24,24
72,car,9,False,False,203,2026-03-02 15:54:01.787,42.0,765.3822021484375,202.07644653320312,12.879237174987793,50.846466064453125,24,24
72,car,9,False,False,204,2026-03-02 15:54:02.138,44.0,758.6527099609375,199.75991821289062,12.857892990112305,49.984798431396484,24,24
72,car,9,False,False,205,2026-03-02 15:54:02.492,44.0,753.3268432617188,197.87417602539062,12.844005584716797,49.27543258666992,24,24
72,car,9,False,False,206,2026-03-02 15:54:02.847,44.0,748.3958740234375,196.15756225585938,12.82904052734375,48.61507034301758,24,24
72,car,9,False,False,207,2026-03-02 15:54:03.221,42.0,742.4337158203125,194.25149536132812,12.799627304077148,47.848628997802734,24,24
72,car,9,False,False,208,2026-03-02 15:54:03.613,42.0,734.5234375,191.12863159179688,12.798675537109375,46.64023971557617,24,24
72,car,9,False,False,209,2026-03-02 15:54:03.982,45.0,728.9646606445312,188.838623046875,12.80433464050293,45.740779876708984,24,24
72,car,9,False,False,210,2026-03-02 15:54:04.348,45.0,724.0367431640625,186.82034301757812,12.808664321899414,44.92976760864258,24,24
72,car,9,False,False,211,2026-03-02 15:54:04.708,45.0,719.33544921875,184.67483520507812,12.827821731567383,44.073280334472656,24,24
72,car,9,False,False,212,2026-03-02 15:54:05.069,45.0,715.3057861328125,183.23153686523438,12.817440032958984,43.44801330566406,24,24
72,car,9,False,False,213,2026-03-02 15:54:05.435,45.0,708.1385498046875,180.9172821044922,12.781097412109375,42.39387512207031,24,24
72,car,9,False,False,214,2026-03-02 15:54:05.796,45.0,702.8533935546875,178.65277099609375,12.79266357421875,41.41686248779297,24,24
72,car,9,False,False,215,2026-03-02 15:54:06.161,45.0,697.85791015625,176.82225036621094,12.781939506530762,40.576473236083984,24,24
72,car,9,False,False,216,2026-03-02 15:54:06.523,45.0,693.5877685546875,175.24447631835938,12.773534774780273,39.84061050415039,24,24
72,car,9,False,False,217,2026-03-02 15:54:06.886,45.0,685.1207275390625,172.4863739013672,12.729724884033203,38.47587585449219,24,24
72,car,9,False,False,218,2026-03-02 15:54:07.260,45.0,679.187744140625,170.12396240234375,12.729504585266113,37.33817672729492,24,24
72,car,9,False,False,219,2026-03-02 15:54:07.634,45.0,674.482177734375,168.621337890625,12.702037811279297,36.55312728881836,24,24
72,car,9,False,False,220,2026-03-02 15:54:08.000,45.0,670.770751953125,167.02024841308594,12.710799217224121,35.76704406738281,24,24
72,car,9,False,False,221,2026-03-02 15:54:08.356,43.0,667.65283203125,165.73690795898438,12.713671684265137,35.119651794433594,24,24
72,car,9,False,False,222,2026-03-02 15:54:08.751,43.0,661.2665405273438,163.99774169921875,12.65259075164795,34.11693572998047,24,24
72,car,9,False,False,223,2026-03-02 15:54:09.151,45.0,656.2828369140625,162.0093994140625,12.651820182800293,33.065589904785156,24,24
72,car,9,False,False,224,2026-03-02 15:54:09.510,45.0,652.539794921875,160.5398712158203,12.649405479431152,32.26995849609375,24,24
72,car,9,False,False,225,2026-03-02 15:54:09.865,45.0,649.51611328125,159.2073974609375,12.658638954162598,31.55641746520996,24,24
72,car,9,False,False,226,2026-03-02 15:54:10.349,43.0,646.3966064453125,157.9193572998047,12.661569595336914,30.845653533935547,24,24
72,car,9,False,False,227,2026-03-02 15:54:10.719,43.0,640.6317749023438,155.2498779296875,12.689961433410645,29.376323699951172,24,24
72,car,9,False,False,228,2026-03-02 15:54:11.115,43.0,636.7440795898438,154.24114990234375,12.64647102355957,28.71487045288086,24,24
72,car,9,False,False,229,2026-03-02 15:54:11.474,43.0,633.4591064453125,153.021484375,12.63861083984375,27.982723236083984,24,24
72,car,9,False,False,230,2026-03-02 15:54:11.832,43.0,630.226318359375,152.0150146484375,12.61517333984375,27.3410701751709,24,24
72,car,9,False,False,231,2026-03-02 15:54:12.192,42.0,626.4673461914062,150.88858032226562,12.584010124206543,26.605411529541016,24,24
72,car,9,False,False,232,2026-03-02 15:54:12.559,42.0,621.4827880859375,148.9769744873047,12.576040267944336,25.413227081298828,24,24
72,car,9,False,False,233,2026-03-02 15:54:12.921,42.0,618.0225830078125,147.56776428222656,12.57716178894043,24.528614044189453,24,24
72,car,9,False,False,234,2026-03-02 15:54:13.281,42.0,615.0325927734375,146.2195587158203,12.58898639678955,23.686532974243164,24,24
72,car,9,False,False,235,2026-03-02 15:54:13.651,42.0,611.6094970703125,145.08953857421875,12.56811809539795,22.91526222229004,24,24
72,car,9,False,False,236,2026-03-02 15:54:14.024,42.0,608.6700439453125,144.2410888671875,12.539719581604004,22.306652069091797,24,24
72,car,9,False,False,237,2026-03-02 15:54:14.409,42.0,604.3326416015625,142.8399658203125,12.509825706481934,21.3179988861084,24,24
72,car,9,False,False,238,2026-03-02 15:54:14.772,42.0,601.2803955078125,141.64828491210938,12.50594711303711,20.50179672241211,24,24
72,car,9,False,False,239,2026-03-02 15:54:15.133,42.0,598.316650390625,140.73385620117188,12.481345176696777,19.828495025634766,24,24
72,car,9,False,False,240,2026-03-02 15:54:15.497,42.0,595.1395263671875,139.22584533691406,12.500110626220703,18.807153701782227,24,24
72,car,9,False,False,241,2026-03-02 15:54:15.862,42.0,590.0261840820312,137.29779052734375,12.487312316894531,17.4049072265625,24,24
72,car,9,False,False,242,2026-03-02 15:54:16.221,42.0,586.037109375,135.9156951904297,12.466328620910645,16.35640525817871,24,24
72,car,9,False,False,243,2026-03-02 15:54:16.574,43.0,582.7864990234375,134.8715057373047,12.441658020019531,15.535670280456543,24,24
72,car,9,False,False,244,2026-03-02 15:54:16.929,43.0,580.408935546875,134.197998046875,12.415361404418945,14.981581687927246,24,24
72,car,9,False,False,245,2026-03-02 15:54:17.286,42.0,578.503662109375,133.68106079101562,12.392078399658203,14.547440528869629,24,24
72,car,9,False,False,246,2026-03-02 15:54:17.643,42.0,574.3051147460938,131.964599609375,12.392010688781738,13.225378036499023,24,24
72,car,9,False,False,247,2026-03-02 15:54:18.005,43.0,570.966064453125,130.98153686523438,12.357281684875488,12.390864372253418,24,24
72,car,9,False,False,248,2026-03-02 15:54:18.370,43.0,568.7258911132812,130.34176635742188,12.33191204071045,11.836877822875977,24,24
72,car,9,False,False,249,2026-03-02 15:54:18.732,43.0,567.102783203125,129.52450561523438,12.3456392288208,11.206660270690918,24,24
72,car,9,False,False,250,2026-03-02 15:54:19.095,41.0,564.957763671875,128.88555908203125,12.323465347290039,10.648540496826172,24,24
72,car,9,False,False,251,2026-03-02 15:54:19.459,43.0,560.6846313476562,127.18536376953125,12.318201065063477,9.238607406616211,24,24
72,car,9,False,False,252,2026-03-02 15:54:19.843,43.0,557.91845703125,126.37159729003906,12.287964820861816,8.500605583190918,24,24
72,car,9,False,False,253,2026-03-02 15:54:20.214,43.0,555.6812744140625,125.41555786132812,12.291123390197754,7.694472789764404,24,24
72,car,9,False,False,254,2026-03-02 15:54:20.572,43.0,553.5535888671875,124.76546478271484,12.269742965698242,7.096372127532959,24,24
72,car,9,False,False,255,2026-03-02 15:54:20.932,43.0,550.7310791015625,123.96793365478516,12.234933853149414,6.339293003082275,24,24
79,car,9,False,False,194,2026-03-02 15:53:58.618,0.0,1155.6785888671875,336.4918518066406,13.62738037109375,81.15364074707031,1,1
79,car,9,False,False,195,2026-03-02 15:53:58.968,37.0,1141.87939453125,331.42950439453125,13.623634338378906,80.4635009765625,2,2
79,car,9,False,False,196,2026-03-02 15:53:59.320,35.0,1130.30517578125,326.57684326171875,13.64560604095459,79.81962585449219,3,3
79,car,9,False,False,197,2026-03-02 15:53:59.669,34.0,1119.74267578125,322.75274658203125,13.640734672546387,79.26654052734375,4,4
79,car,9,False,False,198,2026-03-02 15:54:00.019,35.0,1101.080078125,315.74560546875,13.642607688903809,78.2357177734375,5,5
79,car,9,False,False,199,2026-03-02 15:54:00.369,37.0,1088.2125244140625,311.35693359375,13.624662399291992,77.53955078125,6,6
79,car,9,False,False,200,2026-03-02 15:54:00.723,35.0,1077.376708984375,307.1432189941406,13.631978034973145,76.8895492553711,7,7
79,car,10,True,False,201,2026-03-02 15:54:01.076,34.0,1068.1268310546875,303.1763610839844,13.65489673614502,76.28504943847656,8,8
79,car,9,False,False,202,2026-03-02 15:54:01.432,34.0,1058.2203369140625,300.0313415527344,13.630157470703125,75.73152160644531,9,9
79,car,10,True,False,203,2026-03-02 15:54:01.787,34.0,1042.1878662109375,293.7007751464844,13.64598560333252,74.68132781982422,10,10
79,car,10,True,False,204,2026-03-02 15:54:02.138,35.0,1031.269775390625,288.9601745605469,13.677250862121582,73.89424896240234,11,11
79,car,10,True,False,205,2026-03-02 15:54:02.493,34.0,1022.2281494140625,285.3926086425781,13.686861038208008,73.26407623291016,12,12
79,car,10,True,False,206,2026-03-02 15:54:02.847,34.0,1013.279541015625,282.5003662109375,13.66596508026123,72.69926452636719,13,13
79,car,10,True,False,207,2026-03-02 15:54:03.221,34.0,1005.0493774414062,278.95037841796875,13.689440727233887,72.06446075439453,14,14
79,car,10,True,False,208,2026-03-02 15:54:03.613,34.0,990.6859130859375,273.3799743652344,13.700786590576172,70.99720764160156,15,15
79,car,10,True,False,209,2026-03-02 15:54:03.982,34.0,981.4083862304688,269.6910095214844,13.712916374206543,70.27392578125,16,16
79,car,10,True,False,210,2026-03-02 15:54:04.348,35.0,973.25244140625,266.428955078125,13.724809646606445,69.61988830566406,17,17
79,car,10,True,False,211,2026-03-02 15:54:04.708,34.0,965.519287109375,263.4178466796875,13.732138633728027,68.99668884277344,18,18
79,car,10,True,False,212,2026-03-02 15:54:05.069,34.0,957.5655517578125,261.1641540527344,13.696130752563477,68.45857238769531,19,19
79,car,10,True,False,213,2026-03-02 15:54:05.435,34.0,945.7021484375,256.7051696777344,13.69874095916748,67.48131561279297,20,20
79,car,10,True,False,214,2026-03-02 15:54:05.796,35.0,937.1879272460938,253.2273406982422,13.71545124053955,66.71861267089844,21,21
79,car,10,True,False,215,2026-03-02 15:54:06.161,34.0,929.693603515625,250.5445556640625,13.710129737854004,66.08843994140625,22,22
79,car,10,True,False,216,2026-03-02 15:54:06.523,34.0,922.7340698242188,248.0652313232422,13.704437255859375,65.49348449707031,23,23
79,car,10,True,False,217,2026-03-02 15:54:06.886,34.0,908.552001953125,242.80734252929688,13.703876495361328,64.21170043945312,24,24
79,car,10,True,False,218,2026-03-02 15:54:07.260,34.0,899.1171875,238.94996643066406,13.723716735839844,63.268531799316406,24,24
79,car,10,True,False,219,2026-03-02 15:54:07.634,35.0,891.8355102539062,236.3856658935547,13.71592903137207,62.59263610839844,24,24
79,car,10,True,False,220,2026-03-02 15:54:08.000,35.0,885.33154296875,233.96615600585938,13.716246604919434,61.954071044921875,24,24
79,car,10,True,False,221,2026-03-02 15:54:08.356,34.0,879.8740234375,232.30520629882812,13.695158958435059,61.475406646728516,24,24
79,car,10,True,False,222,2026-03-02 15:54:08.751,34.0,869.11669921875,228.16705322265625,13.703365325927734,60.350181579589844,24,24
79,car,10,True,False,223,2026-03-02 15:54:09.151,35.0,861.6441650390625,225.54220581054688,13.69438648223877,59.59392166137695,24,24
79,car,10,True,False,224,2026-03-02 15:54:09.510,35.0,855.9744873046875,223.35791015625,13.698988914489746,58.970855712890625,24,24
79,car,10,True,False,225,2026-03-02 15:54:09.865,35.0,850.6807861328125,221.23976135253906,13.708126068115234,58.36280059814453,24,24
79,car,10,True,False,226,2026-03-02 15:54:10.349,34.0,845.2703857421875,219.3289794921875,13.702118873596191,57.78221893310547,24,24
79,car,10,True,False,227,2026-03-02 15:54:10.719,34.0,835.5370483398438,215.38082885742188,13.722726821899414,56.604312896728516,24,24
79,car,10,True,False,228,2026-03-02 15:54:11.115,35.0,828.8194580078125,213.07626342773438,13.710955619812012,55.859718322753906,24,24
79,car,10,True,False,229,2026-03-02 15:54:11.474,35.0,823.5070190429688,211.28475952148438,13.699515342712402,55.26689147949219,24,24
79,car,10,True,False,230,2026-03-02 15:54:11.832,36.0,818.4013671875,209.07693481445312,13.719337463378906,54.57737350463867,24,24
79,car,10,True,False,231,2026-03-02 15:54:12.192,35.0,812.8782958984375,207.349365234375,13.698610305786133,53.97016525268555,24,24
79,car,10,True,False,232,2026-03-02 15:54:12.559,35.0,804.594482421875,204.30166625976562,13.696613311767578,52.931644439697266,24,24
79,car,10,True,False,233,2026-03-02 15:54:12.921,36.0,798.8483276367188,202.25338745117188,13.690864562988281,52.21014404296875,24,24
79,car,10,True,False,234,2026-03-02 15:54:13.281,37.0,793.765625,199.96270751953125,13.717523574829102,51.440189361572266,24,24
79,car,10,True,False,235,2026-03-02 15:54:13.651,37.0,788.5767822265625,198.02987670898438,13.718006134033203,50.741519927978516,24,24
79,car,10,True,False,236,2026-03-02 15:54:14.024,37.0,784.0860595703125,196.40005493164062,13.715520858764648,50.1376838684082,24,24
79,car,10,True,False,237,2026-03-02 15:54:14.409,37.0,777.0285034179688,194.4171142578125,13.671977043151855,49.32466125488281,24,24
79,car,10,True,False,238,2026-03-02 15:54:14.772,37.0,771.7100830078125,192.80572509765625,13.646627426147461,48.669456481933594,24,24
79,car,10,True,False,240,2026-03-02 15:54:15.497,37.0,767.001220703125,190.98056030273438,13.651397705078125,47.96989822387695,23,23
79,car,10,True,False,241,2026-03-02 15:54:15.862,37.0,753.0338134765625,186.03428649902344,13.632834434509277,45.957489013671875,23,23
79,car,10,True,False,242,2026-03-02 15:54:16.221,37.0,747.5552368164062,183.68336486816406,13.654760360717773,45.016502380371094,23,23
79,car,10,True,False,243,2026-03-02 15:54:16.574,37.0,742.731201171875,182.17208862304688,13.633979797363281,44.341827392578125,23,23
79,car,10,True,False,244,2026-03-02 15:54:16.929,37.0,739.2412109375,181.10360717773438,13.616934776306152,43.854835510253906,23,23
79,car,10,True,False,245,2026-03-02 15:54:17.286,37.0,736.1420288085938,180.1663818359375,13.600791931152344,43.421443939208984,23,23
79,car,10,True,False,246,2026-03-02 15:54:17.643,37.0,729.489501953125,177.74769592285156,13.595577239990234,42.34467697143555,23,23
79,car,10,True,False,247,2026-03-02 15:54:18.005,37.0,724.6402587890625,175.95809936523438,13.593669891357422,41.533592224121094,23,23
79,car,10,True,False,248,2026-03-02 15:54:18.371,37.0,720.98046875,174.54830932617188,13.596646308898926,40.89125442504883,23,23
79,car,10,True,False,249,2026-03-02 15:54:18.732,37.0,717.5776977539062,173.40557861328125,13.58675479888916,40.34287643432617,23,23
79,car,10,True,False,250,2026-03-02 15:54:19.095,37.0,714.5053100585938,172.1285400390625,13.596353530883789,39.75679397583008,23,23
79,car,10,True,False,251,2026-03-02 15:54:19.459,37.0,708.06396484375,169.62554931640625,13.603445053100586,38.56415939331055,23,23
79,car,10,True,False,252,2026-03-02 15:54:19.843,37.0,703.7886352539062,168.34181213378906,13.578910827636719,37.89215087890625,23,23
79,car,10,True,False,253,2026-03-02 15:54:20.214,37.0,700.107421875,166.9747314453125,13.577932357788086,37.20891571044922,23,23
79,car,10,True,False,254,2026-03-02 15:54:20.572,37.0,696.52685546875,165.98471069335938,13.550265312194824,36.662010192871094,23,23
79,car,10,True,False,255,2026-03-02 15:54:20.932,37.0,692.3523559570312,164.65232849121094,13.531662940979004,35.94853210449219,23,23
79,car,10,True,False,256,2026-03-02 15:54:21.291,37.0,687.1396484375,162.9150848388672,13.513886451721191,35.013553619384766,23,23
79,car,10,True,False,257,2026-03-02 15:54:21.650,37.0,683.437744140625,161.41358947753906,13.522540092468262,34.23176956176758,23,23
79,car,10,True,False,258,2026-03-02 15:54:22.010,36.0,680.4664306640625,160.27151489257812,13.52448558807373,33.62002182006836,23,23
79,car,10,True,False,259,2026-03-02 15:54:22.369,36.0,676.6920776367188,159.3206024169922,13.486306190490723,33.03630065917969,23,23
79,car,10,True,False,260,2026-03-02 15:54:22.730,36.0,673.8526611328125,158.48751831054688,13.466880798339844,32.5440559387207,23,23
79,car,10,True,False,261,2026-03-02 15:54:23.089,36.0,669.3653564453125,156.72662353515625,13.472291946411133,31.568410873413086,23,23
79,car,10,True,False,262,2026-03-02 15:54:23.452,36.0,665.5191650390625,155.21876525878906,13.476898193359375,30.716596603393555,23,23
79,car,10,True,False,263,2026-03-02 15:54:23.809,36.0,662.33154296875,153.80636596679688,13.494421005249023,29.927528381347656,23,23
79,car,10,True,False,264,2026-03-02 15:54:24.171,36.0,659.37060546875,152.90663146972656,13.476143836975098,29.366649627685547,24,24
79,car,10,True,False,265,2026-03-02 15:54:24.529,36.0,653.0843505859375,151.03094482421875,13.433727264404297,28.17085838317871,24,24
79,car,10,True,False,266,2026-03-02 15:54:24.903,36.0,648.9404296875,149.5625,13.42508602142334,27.25912857055664,24,24
79,car,10,True,False,267,2026-03-02 15:54:25.264,38.0,645.4129638671875,148.2895050048828,13.419591903686523,26.458974838256836,24,24
79,car,10,True,False,268,2026-03-02 15:54:25.629,38.0,642.6178588867188,147.26556396484375,13.41650104522705,25.808557510375977,24,24
79,car,10,True,False,269,2026-03-02 15:54:25.997,36.0,640.3546752929688,146.45132446289062,13.412672996520996,25.28301239013672,24,24
79,car,10,True,False,270,2026-03-02 15:54:26.362,36.0,636.066650390625,144.65203857421875,13.427963256835938,24.144495010375977,24,24
79,car,10,True,False,271,2026-03-02 15:54:26.725,38.0,632.438720703125,143.44725036621094,13.412853240966797,23.322479248046875,24,24
79,car,10,True,False,272,2026-03-02 15:54:27.088,38.0,629.8980712890625,142.72982788085938,13.39084243774414,22.80403709411621,24,24
79,car,10,True,False,273,2026-03-02 15:54:27.450,38.0,627.7640380859375,141.8816680908203,13.394216537475586,22.237394332885742,24,24
79,car,10,True,False,274,2026-03-02 15:54:27.814,38.0,625.12158203125,140.64764404296875,13.415090560913086,21.430130004882812,24,24
79,car,10,True,False,275,2026-03-02 15:54:28.177,41.0,620.6605834960938,139.53085327148438,13.362592697143555,20.56062889099121,24,24
79,car,10,True,False,276,2026-03-02 15:54:28.536,41.0,617.6322021484375,138.94235229492188,13.311025619506836,20.054967880249023,24,24
79,car,10,True,False,277,2026-03-02 15:54:28.900,41.0,615.43603515625,138.0341796875,13.317365646362305,19.421615600585938,24,24
79,car,10,True,False,278,2026-03-02 15:54:29.264,42.0,612.9932861328125,136.38150024414062,13.384072303771973,18.34821319580078,24,24
79,car,10,True,False,279,2026-03-02 15:54:29.634,41.0,610.0948486328125,135.59584045410156,13.354520797729492,17.718679428100586,24,24
79,car,9,False,False,280,2026-03-02 15:54:30.008,34.0,606.303466796875,135.30029296875,13.246994018554688,17.306556701660156,24,24
79,car,9,False,False,281,2026-03-02 15:54:30.373,34.0,603.72265625,134.552001953125,13.224357604980469,16.708436965942383,24,24
79,car,9,False,False,282,2026-03-02 15:54:30.737,41.0,601.3547973632812,133.50335693359375,13.237361907958984,15.941344261169434,24,24
79,car,9,False,False,283,2026-03-02 15:54:31.092,41.0,598.449462890625,132.689697265625,13.208776473999023,15.268284797668457,24,24
79,car,9,False,False,284,2026-03-02 15:54:31.456,41.0,595.1723022460938,131.60572814941406,13.191910743713379,14.399017333984375,24,24
79,car,9,False,False,285,2026-03-02 15:54:31.818,37.0,592.4383544921875,130.7503662109375,13.17297077178955,13.693784713745117,24,24
79,car,9,False,False,286,2026-03-02 15:54:32.183,37.0,590.060546875,129.68182373046875,13.187498092651367,12.871045112609863,24,24
79,car,9,False,False,287,2026-03-02 15:54:32.548,38.0,587.5916748046875,128.80032348632812,13.180702209472656,12.148428916931152,24,24
79,car,9,False,False,288,2026-03-02 15:54:32.910,37.0,585.6293334960938,128.1138153076172,13.173864364624023,11.576647758483887,24,24
79,car,9,False,False,289,2026-03-02 15:54:33.271,37.0,581.1682739257812,126.74043273925781,13.139689445495605,10.37845230102539,24,24
79,car,9,False,False,290,2026-03-02 15:54:33.632,37.0,578.4271240234375,125.82691955566406,13.125208854675293,9.58401107788086,24,24
79,car,9,False,False,291,2026-03-02 15:54:33.991,38.0,575.953369140625,124.98392486572266,13.113816261291504,8.845417022705078,24,24
79,car,9,False,False,292,2026-03-02 15:54:34.352,38.0,573.8487548828125,124.60736083984375,13.070175170898438,8.441264152526855,24,24
79,car,9,False,False,293,2026-03-02 15:54:34.733,37.0,572.1676025390625,124.10786437988281,13.05484676361084,7.981062412261963,24,24
79,car,9,False,False,294,2026-03-02 15:54:35.091,37.0,568.6998291015625,123.04208374023438,13.026408195495605,6.996212005615234,24,24
79,car,9,False,False,295,2026-03-02 15:54:35.449,37.0,566.0096435546875,122.42396545410156,12.983099937438965,6.368246078491211,24,24
79,car,9,False,False,296,2026-03-02 15:54:35.822,37.0,564.08740234375,121.96913146972656,12.953219413757324,5.906496047973633,24,24
52,car,4,False,False,200,2026-03-02 15:54:00.722,0.0,388.0181884765625,142.43861389160156,4.786547660827637,7.359773635864258,1,1
52,car,4,False,False,201,2026-03-02 15:54:01.076,30.0,388.5692138671875,143.28993225097656,4.772714138031006,7.934447288513184,2,2
52,car,4,False,False,202,2026-03-02 15:54:01.432,25.0,389.2374267578125,143.79550170898438,4.777235507965088,8.295199394226074,3,3
52,car,4,False,False,203,2026-03-02 15:54:01.787,29.0,390.1311950683594,144.58050537109375,4.7788848876953125,8.841353416442871,4,4
52,car,4,False,False,204,2026-03-02 15:54:02.137,24.0,390.7846374511719,144.95660400390625,4.787973880767822,9.115730285644531,5,5
52,car,4,False,False,205,2026-03-02 15:54:02.492,19.0,391.4041748046875,145.12063598632812,4.8042449951171875,9.25668716430664,6,6
52,car,4,False,False,206,2026-03-02 15:54:02.847,17.0,391.95318603515625,145.3822021484375,4.813981533050537,9.452394485473633,7,7
52,car,4,False,False,207,2026-03-02 15:54:03.221,14.0,392.6038818359375,145.6925811767578,4.825464248657227,9.683711051940918,8,8
52,car,4,False,False,208,2026-03-02 15:54:03.613,16.0,393.45343017578125,146.15689086914062,4.83802604675293,10.020048141479492,9,9
52,car,4,False,False,209,2026-03-02 15:54:03.982,14.0,393.92974853515625,146.5250701904297,4.840734004974365,10.272679328918457,10,10
52,car,4,False,False,210,2026-03-02 15:54:04.348,14.0,394.24993896484375,146.79562377929688,4.841629505157471,10.455670356750488,11,11
52,car,4,False,False,211,2026-03-02 15:54:04.708,13.0,394.9761962890625,146.75607299804688,4.869659900665283,10.478402137756348,12,12
52,car,4,False,False,212,2026-03-02 15:54:05.069,14.0,395.34674072265625,147.59063720703125,4.8498945236206055,10.999712944030762,13,13
52,car,4,False,False,213,2026-03-02 15:54:05.435,14.0,396.2186279296875,148.24609375,4.855477809906006,11.44214153289795,14,14
52,car,4,False,False,214,2026-03-02 15:54:05.796,14.0,396.82196044921875,148.611572265625,4.862790584564209,11.694647789001465,15,15
52,car,4,False,False,215,2026-03-02 15:54:06.161,14.0,397.3357238769531,149.44821166992188,4.848334789276123,12.214079856872559,16,16
52,car,4,False,False,216,2026-03-02 15:54:06.523,16.0,397.9461669921875,149.9652099609375,4.849937915802002,12.550687789916992,17,17
52,car,4,False,False,217,2026-03-02 15:54:06.886,18.0,398.8642883300781,151.03665161132812,4.840917110443115,13.220090866088867,18,18
52,car,4,False,False,218,2026-03-02 15:54:07.260,18.0,399.75927734375,151.78292846679688,4.843728065490723,13.69692611694336,19,19
52,car,4,False,False,219,2026-03-02 15:54:07.634,18.0,400.40869140625,152.5283966064453,4.83790922164917,14.15401840209961,20,20
52,car,4,False,False,220,2026-03-02 15:54:08.000,18.0,400.7899169921875,152.68255615234375,4.8453874588012695,14.263081550598145,21,21
52,car,4,False,False,221,2026-03-02 15:54:08.356,18.0,401.1533508300781,152.727294921875,4.856432914733887,14.310091018676758,22,22
52,car,4,False,False,222,2026-03-02 15:54:08.751,18.0,402.30035400390625,154.16583251953125,4.841508865356445,15.171852111816406,23,23
52,car,4,False,False,223,2026-03-02 15:54:09.151,18.0,402.75933837890625,154.84744262695312,4.8315958976745605,15.570009231567383,24,24
52,car,4,False,False,224,2026-03-02 15:54:09.510,18.0,403.1919860839844,155.22543334960938,4.832296371459961,15.800076484680176,24,24
52,car,4,False,False,225,2026-03-02 15:54:09.865,14.0,403.6294860839844,155.33547973632812,4.843272686004639,15.885453224182129,24,24
52,car,4,False,False,226,2026-03-02 15:54:10.349,13.0,404.3907775878906,155.68121337890625,4.856501579284668,16.116411209106445,24,24
52,car,4,False,False,227,2026-03-02 15:54:10.719,13.0,405.30908203125,156.28175354003906,4.865458011627197,16.49134063720703,24,24
52,car,4,False,False,228,2026-03-02 15:54:11.115,13.0,405.7751159667969,156.71681213378906,4.86507511138916,16.749523162841797,24,24
52,car,4,False,False,229,2026-03-02 15:54:11.474,15.0,406.3056945800781,157.220947265625,4.864311218261719,17.046493530273438,24,24
52,car,4,False,False,230,2026-03-02 15:54:11.832,15.0,406.90582275390625,157.51953125,4.873616695404053,17.23832130432129,24,24
52,car,4,False,False,231,2026-03-02 15:54:12.192,15.0,407.41192626953125,158.0744171142578,4.870102882385254,17.557415008544922,24,24
52,car,4,False,False,232,2026-03-02 15:54:12.558,15.0,408.0044250488281,158.51556396484375,4.873776435852051,17.820701599121094,24,24
52,car,4,False,False,233,2026-03-02 15:54:12.921,15.0,408.502685546875,158.86495971679688,4.877654075622559,18.02994728088379,24,24
52,car,4,False,False,234,2026-03-02 15:54:13.281,15.0,408.96697998046875,159.19580078125,4.881057262420654,18.226856231689453,24,24
52,car,4,False,False,235,2026-03-02 15:54:13.651,14.0,409.5439758300781,159.58834838867188,4.885958194732666,18.461009979248047,24,24
52,car,4,False,False,236,2026-03-02 15:54:14.024,13.0,409.95745849609375,159.95242309570312,4.8863911628723145,18.67021942138672,24,24
52,car,4,False,False,237,2026-03-02 15:54:14.409,14.0,410.76513671875,160.57565307617188,4.890475273132324,19.032028198242188,24,24
52,car,4,False,False,238,2026-03-02 15:54:14.772,14.0,411.3277587890625,161.1556396484375,4.887935161590576,19.35561752319336,24,24
52,car,4,False,False,239,2026-03-02 15:54:15.133,14.0,411.8951416015625,161.80892944335938,4.8828864097595215,19.713781356811523,24,24
52,car,4,False,False,240,2026-03-02 15:54:15.497,13.0,412.36016845703125,162.13247680664062,4.8865132331848145,19.90060043334961,24,24
52,car,4,False,False,241,2026-03-02 15:54:15.862,13.0,413.18682861328125,162.58645629882812,4.897350311279297,20.171384811401367,24,24
52,car,4,False,False,242,2026-03-02 15:54:16.220,12.0,413.9451904296875,162.9736328125,4.908310890197754,20.40419578552246,24,24
52,car,4,False,False,243,2026-03-02 15:54:16.574,13.0,414.5225830078125,163.4365234375,4.910495758056641,20.662704467773438,24,24
52,car,4,False,False,244,2026-03-02 15:54:16.928,13.0,414.9925537109375,163.8167266845703,4.912140369415283,20.873781204223633,24,24
52,car,4,False,False,245,2026-03-02 15:54:17.286,13.0,415.55194091796875,164.37631225585938,4.910209655761719,21.175430297851562,24,24
52,car,4,False,False,246,2026-03-02 15:54:17.643,13.0,416.0838623046875,165.06362915039062,4.9027862548828125,21.534759521484375,24,24
52,car,4,False,False,247,2026-03-02 15:54:18.005,13.0,416.7591552734375,165.7857208251953,4.898837089538574,21.915740966796875,24,24
52,car,4,False,False,248,2026-03-02 15:54:18.370,13.0,417.25775146484375,166.22080993652344,4.899449825286865,22.148860931396484,24,24
52,car,4,False,False,249,2026-03-02 15:54:18.732,13.0,417.64324951171875,166.46412658691406,4.9032487869262695,22.284582138061523,24,24
52,car,4,False,False,250,2026-03-02 15:54:19.095,13.0,418.2662658691406,166.90969848632812,4.907497406005859,22.527626037597656,24,24
52,car,4,False,False,251,2026-03-02 15:54:19.459,13.0,419.1136169433594,167.353759765625,4.919013500213623,22.78097152709961,24,24
52,car,4,False,False,252,2026-03-02 15:54:19.843,13.0,419.6380615234375,167.65020751953125,4.925341606140137,22.9471492767334,24,24
52,car,4,False,False,253,2026-03-02 15:54:20.213,13.0,420.110595703125,168.19970703125,4.9209818840026855,23.226680755615234,24,24
52,car,4,False,False,254,2026-03-02 15:54:20.572,13.0,420.7041015625,168.79977416992188,4.918729782104492,23.53420066833496,24,24
52,car,4,False,False,255,2026-03-02 15:54:20.932,13.0,421.35498046875,169.44677734375,4.9166669845581055,23.864103317260742,24,24
52,car,4,False,False,256,2026-03-02 15:54:21.291,13.0,422.1987609863281,170.0413360595703,4.922590255737305,24.178335189819336,24,24
52,car,4,False,False,257,2026-03-02 15:54:21.650,13.0,423.0069580078125,170.51048278808594,4.93174934387207,24.432415008544922,24,24
52,car,4,False,False,258,2026-03-02 15:54:22.010,13.0,423.617431640625,170.9566192626953,4.935418128967285,24.66442108154297,24,24
52,car,4,False,False,259,2026-03-02 15:54:22.369,14.0,424.0284118652344,171.6595458984375,4.923813343048096,24.998600006103516,24,24
52,car,4,False,False,260,2026-03-02 15:54:22.730,14.0,424.3777770996094,172.21051025390625,4.915633201599121,25.260225296020508,24,24
52,car,4,False,False,261,2026-03-02 15:54:23.089,13.0,425.08538818359375,172.62265014648438,4.923529624938965,25.478330612182617,24,24
52,car,4,False,False,262,2026-03-02 15:54:23.452,13.0,425.5455627441406,173.1588134765625,4.919365882873535,25.736549377441406,24,24
52,car,4,False,False,263,2026-03-02 15:54:23.809,13.0,426.1964111328125,173.81466674804688,4.917043685913086,26.054988861083984,24,24
52,car,4,False,False,264,2026-03-02 15:54:24.170,13.0,426.83929443359375,174.45654296875,4.914969444274902,26.36479949951172,24,24
52,car,4,False,False,265,2026-03-02 15:54:24.528,14.0,427.74407958984375,175.32278442382812,4.913341045379639,26.781482696533203,24,24
52,car,4,False,False,266,2026-03-02 15:54:24.903,14.0,428.4894104003906,175.88613891601562,4.9171223640441895,27.058467864990234,24,24
52,car,4,False,False,267,2026-03-02 15:54:25.264,14.0,429.2156982421875,176.39944458007812,4.921996116638184,27.311813354492188,24,24
52,car,4,False,False,268,2026-03-02 15:54:25.629,14.0,429.8311767578125,176.8260955810547,4.926388740539551,27.521936416625977,24,24
52,car,4,False,False,269,2026-03-02 15:54:25.997,13.0,430.66290283203125,177.28265380859375,4.9363579750061035,27.7545223236084,24,24
52,car,4,False,False,270,2026-03-02 15:54:26.361,13.0,432.096435546875,178.61126708984375,4.935145854949951,28.375286102294922,24,24
52,car,4,False,False,271,2026-03-02 15:54:26.725,14.0,432.87603759765625,179.54608154296875,4.927385330200195,28.795482635498047,24,24
52,car,4,False,False,272,2026-03-02 15:54:27.088,14.0,433.38165283203125,180.16131591796875,4.922093391418457,29.0694580078125,24,24
52,car,4,False,False,273,2026-03-02 15:54:27.450,14.0,434.03485107421875,180.54507446289062,4.928961277008057,29.256256103515625,24,24
52,car,4,False,False,274,2026-03-02 15:54:27.814,14.0,434.83203125,181.2456817626953,4.929592132568359,29.575807571411133,24,24
52,car,4,False,False,275,2026-03-02 15:54:28.177,15.0,435.95086669921875,182.41160583496094,4.924447536468506,30.092321395874023,24,24
52,car,4,False,False,276,2026-03-02 15:54:28.536,16.0,436.7157287597656,183.20843505859375,4.92097282409668,30.441822052001953,24,24
52,car,4,False,False,277,2026-03-02 15:54:28.899,14.0,437.49078369140625,183.7313995361328,4.926781177520752,30.68294906616211,24,24
52,car,4,False,False,278,2026-03-02 15:54:29.263,14.0,438.33880615234375,184.05419921875,4.941259384155273,30.849069595336914,24,24
52,car,4,False,False,279,2026-03-02 15:54:29.633,14.0,439.3641357421875,184.7033233642578,4.950226783752441,31.1485652923584,24,24
52,car,4,False,False,280,2026-03-02 15:54:30.008,14.0,440.4989013671875,185.95855712890625,4.9426188468933105,31.681468963623047,24,24
52,car,4,False,False,281,2026-03-02 15:54:30.373,16.0,441.5590515136719,186.623779296875,4.95198917388916,31.983076095581055,24,24
52,car,4,False,False,282,2026-03-02 15:54:30.737,14.0,442.4548034667969,187.00628662109375,4.965667247772217,32.169193267822266,24,24
52,car,4,False,False,283,2026-03-02 15:54:31.092,16.0,443.399658203125,187.83628845214844,4.966251373291016,32.52326202392578,24,24
52,car,4,False,False,284,2026-03-02 15:54:31.454,16.0,444.51318359375,188.9443359375,4.962767124176025,32.98445510864258,24,24
52,car,4,False,False,285,2026-03-02 15:54:31.818,16.0,445.642333984375,189.82064819335938,4.967162132263184,33.35725402832031,24,24
52,car,4,False,False,286,2026-03-02 15:54:32.183,16.0,446.66876220703125,190.8850555419922,4.96260929107666,33.78972625732422,24,24
52,car,4,False,False,287,2026-03-02 15:54:32.548,16.0,447.66583251953125,191.4652099609375,4.972590923309326,34.04379653930664,24,24
52,car,4,False,False,288,2026-03-02 15:54:32.910,16.0,448.5172119140625,192.33189392089844,4.969329833984375,34.39127731323242,24,24
52,car,4,False,False,289,2026-03-02 15:54:33.271,17.0,450.03411865234375,193.73663330078125,4.967953205108643,34.95457077026367,24,24
52,car,4,False,False,290,2026-03-02 15:54:33.632,18.0,451.3861083984375,195.039306640625,4.965164661407471,35.46767807006836,24,24
52,car,4,False,False,291,2026-03-02 15:54:33.990,18.0,452.6732177734375,196.17327880859375,4.965828895568848,35.914100646972656,24,24
52,car,4,False,False,292,2026-03-02 15:54:34.352,19.0,453.62744140625,197.28433227539062,4.9579877853393555,36.3331413269043,24,24
52,car,4,False,False,293,2026-03-02 15:54:34.733,18.0,454.6231689453125,197.862548828125,4.967702388763428,36.571678161621094,24,24
52,car,4,False,False,294,2026-03-02 15:54:35.090,18.0,456.5152587890625,199.58309936523438,4.967010021209717,37.2265510559082,24,24
52,car,4,False,False,295,2026-03-02 15:54:35.449,19.0,457.9749755859375,200.98342895507812,4.964274883270264,37.74827575683594,24,24
52,car,4,False,False,296,2026-03-02 15:54:35.822,19.0,459.15936279296875,201.73452758789062,4.973691463470459,38.04275894165039,24,24
52,car,4,False,False,297,2026-03-02 15:54:36.184,19.0,460.342529296875,202.42477416992188,4.984842777252197,38.315643310546875,24,24
52,car,4,False,False,298,2026-03-02 15:54:36.545,19.0,461.50848388671875,203.47067260742188,4.984770774841309,38.698814392089844,24,24
52,car,4,False,False,299,2026-03-02 15:54:36.900,20.0,463.3790588378906,205.1614990234375,4.984273433685303,39.30988311767578,24,24
52,car,4,False,False,300,2026-03-02 15:54:37.259,20.0,464.66180419921875,206.2626953125,4.985663414001465,39.70552062988281,24,24
52,car,4,False,False,301,2026-03-02 15:54:37.616,21.0,465.8718566894531,207.5535125732422,4.979537010192871,40.15193176269531,24,24
52,car,4,False,False,302,2026-03-02 15:54:38.001,21.0,467.28033447265625,208.51373291015625,4.98836612701416,40.50188064575195,24,24
52,car,4,False,False,303,2026-03-02 15:54:38.358,21.0,468.744140625,210.01882934570312,4.982662200927734,41.013492584228516,24,24
52,car,4,False,False,304,2026-03-02 15:54:38.716,22.0,470.4393310546875,211.6463623046875,4.979485988616943,41.563655853271484,24,24
52,car,4,False,False,305,2026-03-02 15:54:39.086,22.0,472.26446533203125,212.69857788085938,4.996237277984619,41.94485855102539,24,24
52,car,4,False,False,306,2026-03-02 15:54:39.450,23.0,473.75146484375,214.15380859375,4.992607116699219,42.4242057800293,24,24
52,car,4,False,False,307,2026-03-02 15:54:39.813,22.0,475.0491027832031,215.4722900390625,4.988095283508301,42.85126495361328,24,24
52,car,4,False,False,308,2026-03-02 15:54:40.175,23.0,476.35028076171875,216.81802368164062,4.982954025268555,43.281192779541016,24,24
52,car,4,False,False,309,2026-03-02 15:54:40.538,23.0,478.09637451171875,218.45877075195312,4.980777263641357,43.804954528808594,24,24
52,car,4,False,False,310,2026-03-02 15:54:40.905,23.0,480.1556396484375,220.07388305664062,4.987155914306641,44.32667541503906,24,24
52,car,4,False,False,311,2026-03-02 15:54:41.264,23.0,481.8586730957031,221.1603240966797,4.99928617477417,44.6859245300293,24,24
52,car,4,False,False,312,2026-03-02 15:54:41.634,23.0,483.44549560546875,222.74835205078125,4.994564056396484,45.17017364501953,24,24
52,car,4,False,False,313,2026-03-02 15:54:41.993,23.0,486.25274658203125,224.95120239257812,5.002923011779785,45.8543701171875,24,24
52,car,4,False,False,314,2026-03-02 15:54:42.375,23.0,488.2835388183594,226.9383544921875,4.998181343078613,46.44181442260742,24,24
52,car,4,False,False,315,2026-03-02 15:54:42.739,25.0,490.0774230957031,228.66018676757812,4.994958877563477,46.94432830810547,24,24
52,car,4,False,False,316,2026-03-02 15:54:43.099,25.0,491.3985595703125,230.03416442871094,4.989780902862549,47.33612823486328,24,24
52,car,4,False,False,317,2026-03-02 15:54:43.460,23.0,492.7391052246094,231.18255615234375,4.991123676300049,47.66896438598633,24,24
52,car,4,False,False,318,2026-03-02 15:54:43.819,23.0,495.3936767578125,233.66378784179688,4.988283157348633,48.36868667602539,24,24
52,car,4,False,False,319,2026-03-02 15:54:44.178,25.0,497.28045654296875,235.55999755859375,4.9828314781188965,48.88890838623047,24,24
52,car,4,False,False,320,2026-03-02 15:54:44.541,25.0,498.9732666015625,237.17636108398438,4.980212688446045,49.329185485839844,24,24
52,car,4,False,False,321,2026-03-02 15:54:44.896,25.0,500.3480224609375,238.52728271484375,4.977123737335205,49.691402435302734,24,24
52,car,4,False,False,322,2026-03-02 15:54:45.258,25.0,503.1312255859375,240.99404907226562,4.977815628051758,50.35250473022461,24,24
52,car,4,False,False,323,2026-03-02 15:54:45.636,25.0,505.422607421875,243.06582641601562,4.977337837219238,50.89630126953125,24,24
52,car,4,False,False,324,2026-03-02 15:54:46.035,25.0,507.40325927734375,244.68719482421875,4.981198310852051,51.32225799560547,24,24
52,car,4,False,False,325,2026-03-02 15:54:46.397,25.0,509.02606201171875,245.7895965576172,4.9899983406066895,51.61830520629883,24,24
52,car,4,False,False,326,2026-03-02 15:54:46.761,25.0,510.96734619140625,247.47695922851562,4.991212368011475,52.04804229736328,24,24
52,car,4,False,False,327,2026-03-02 15:54:47.129,25.0,513.8494873046875,250.4500732421875,4.981432914733887,52.773746490478516,24,24
52,car,4,False,False,328,2026-03-02 15:54:47.495,25.0,515.75,252.7152099609375,4.967666149139404,53.30598068237305,24,24
52,car,4,False,False,329,2026-03-02 15:54:47.863,25.0,517.77734375,254.29391479492188,4.973496913909912,53.69484329223633,24,24
52,car,4,False,False,330,2026-03-02 15:54:48.311,25.0,519.8002319335938,255.7958526611328,4.981016159057617,54.063621520996094,24,24
52,car,4,False,False,331,2026-03-02 15:54:48.762,25.0,521.8054809570312,257.7511291503906,4.977189064025879,54.517127990722656,24,24
52,car,4,False,False,332,2026-03-02 15:54:49.141,25.0,524.8339233398438,260.2776794433594,4.981629848480225,55.10761260986328,24,24
52,car,4,False,False,333,2026-03-02 15:54:49.518,24.0,527.324462890625,262.1497497558594,4.990077495574951,55.545982360839844,24,24
52,car,4,False,False,334,2026-03-02 15:54:49.901,24.0,529.435791015625,263.82318115234375,4.995117664337158,55.92915344238281,24,24
52,car,4,False,False,335,2026-03-02 15:54:50.283,24.0,531.5966796875,265.9659118652344,4.990176677703857,56.396053314208984,24,24
52,car,4,False,False,336,2026-03-02 15:54:50.672,23.0,533.67041015625,267.9808349609375,4.986462593078613,56.82992935180664,24,24
52,car,4,False,False,337,2026-03-02 15:54:51.046,23.0,537.876953125,271.30517578125,4.9965057373046875,57.556392669677734,24,24
52,car,4,False,False,338,2026-03-02 15:54:51.536,23.0,540.754638671875,274.1741027832031,4.989750385284424,58.14701461791992,24,24
52,car,4,False,False,339,2026-03-02 15:54:51.909,23.0,543.5498046875,276.1663818359375,5.001157283782959,58.574180603027344,24,24
52,car,4,False,False,340,2026-03-02 15:54:52.266,23.0,545.8486328125,278.28326416015625,4.999711990356445,59.001670837402344,24,24
52,car,4,False,False,341,2026-03-02 15:54:52.627,23.0,549.0966796875,280.7875671386719,5.008486270904541,59.51498794555664,24,24
52,car,4,False,False,342,2026-03-02 15:54:52.993,23.0,551.89453125,283.26849365234375,5.008793830871582,60.00270080566406,24,24
52,car,4,False,False,343,2026-03-02 15:54:53.356,24.0,554.6153564453125,285.7969055175781,5.006561756134033,60.4876594543457,24,24
52,car,4,False,False,344,2026-03-02 15:54:53.721,24.0,556.9237670898438,288.068603515625,5.001959323883057,60.912559509277344,24,24
52,car,4,False,False,345,2026-03-02 15:54:54.084,23.0,559.0284423828125,289.78192138671875,5.005516052246094,61.2391242980957,24,24
52,car,4,False,False,346,2026-03-02 15:54:54.446,23.0,563.5201416015625,293.34918212890625,5.0148725509643555,61.910369873046875,24,24
52,car,4,False,False,347,2026-03-02 15:54:54.826,24.0,566.6839599609375,296.1322937011719,5.015619277954102,62.41385269165039,24,24
52,car,4,False,False,348,2026-03-02 15:54:55.186,24.0,569.2445068359375,298.2418212890625,5.019209861755371,62.79393768310547,24,24
52,car,4,False,False,349,2026-03-02 15:54:55.555,24.0,571.7520141601562,300.17999267578125,5.025341987609863,63.14283752441406,24,24
52,car,4,False,False,350,2026-03-02 15:54:55.929,23.0,574.65966796875,302.7596435546875,5.025476455688477,63.588958740234375,24,24
52,car,4,False,False,351,2026-03-02 15:54:56.290,23.0,578.9327392578125,306.69073486328125,5.0228071212768555,64.25077056884766,24,24
52,car,4,False,False,352,2026-03-02 15:54:56.655,23.0,582.23974609375,309.30889892578125,5.029379367828369,64.6947250366211,24,24
52,car,4,False,False,353,2026-03-02 15:54:57.018,23.0,585.105712890625,311.382568359375,5.038929462432861,65.04767608642578,24,24
52,car,4,False,False,354,2026-03-02 15:54:57.431,23.0,587.8724975585938,313.9401550292969,5.036890029907227,65.45694732666016,24,24
52,car,4,False,False,355,2026-03-02 15:54:57.793,23.0,590.8271484375,316.58538818359375,5.036454677581787,65.8759536743164,24,24
52,car,4,False,False,356,2026-03-02 15:54:58.151,23.0,595.3768310546875,320.60552978515625,5.036839008331299,66.50152587890625,24,24
52,car,4,False,False,357,2026-03-02 15:54:58.519,23.0,598.7880859375,323.211181640625,5.045074939727783,66.91055297851562,24,24
52,car,4,False,False,358,2026-03-02 15:54:58.879,23.0,601.8829345703125,326.1787109375,5.040762901306152,67.34916687011719,24,24
52,car,4,False,False,359,2026-03-02 15:54:59.239,23.0,605.28369140625,329.03253173828125,5.043899059295654,67.77420043945312,24,24
52,car,4,False,False,360,2026-03-02 15:54:59.599,23.0,608.4439697265625,332.0799865722656,5.039255142211914,68.20889282226562,24,24
51,car,2,False,False,215,2026-03-02 15:54:06.161,0.0,321.55438232421875,147.28622436523438,2.1426784992218018,6.049668788909912,1,1
51,car,2,False,False,217,2026-03-02 15:54:06.886,7.0,321.8162536621094,147.47366333007812,2.148005485534668,6.185428142547607,2,2
51,car,2,False,False,218,2026-03-02 15:54:07.260,24.0,322.6343994140625,148.6266632080078,2.1510977745056152,6.962023735046387,3,3
51,car,2,False,False,219,2026-03-02 15:54:07.634,41.0,323.0116271972656,150.010986328125,2.1324987411499023,7.841085433959961,4,4
51,car,2,False,False,220,2026-03-02 15:54:08.000,28.0,323.36669921875,150.41714477539062,2.136068344116211,8.111837387084961,5,5
51,car,2,False,False,221,2026-03-02 15:54:08.356,14.0,323.7491149902344,150.71498107910156,2.143144369125366,8.317303657531738,6,6
51,car,2,False,False,222,2026-03-02 15:54:08.751,28.0,324.3951416015625,152.14849853515625,2.1334738731384277,9.220365524291992,7,7
51,car,2,False,False,223,2026-03-02 15:54:09.151,26.0,324.7356262207031,152.9420166015625,2.1275734901428223,9.712517738342285,8,8
51,car,2,False,False,224,2026-03-02 15:54:09.510,20.0,325.0810546875,153.10897827148438,2.1362228393554688,9.832605361938477,9,9
51,car,2,False,False,225,2026-03-02 15:54:09.865,14.0,325.42401123046875,153.00994873046875,2.150881290435791,9.795707702636719,10,10
51,car,2,False,False,226,2026-03-02 15:54:10.349,20.0,325.8525390625,153.96670532226562,2.1443588733673096,10.383260726928711,11,11
51,car,2,False,False,227,2026-03-02 15:54:10.719,26.0,326.5075378417969,154.881103515625,2.1469597816467285,10.953726768493652,12,12
51,car,2,False,False,228,2026-03-02 15:54:11.115,21.0,327.07611083984375,155.36581420898438,2.156209707260132,11.267208099365234,13,13
51,car,2,False,False,229,2026-03-02 15:54:11.474,19.0,327.79718017578125,155.9219970703125,2.1691932678222656,11.628859519958496,14,14
51,car,2,False,False,230,2026-03-02 15:54:11.832,18.0,328.4665832519531,156.3988037109375,2.182067394256592,11.94009017944336,15,15
51,car,2,False,False,231,2026-03-02 15:54:12.192,19.0,329.09893798828125,157.12100219726562,2.187986373901367,12.384984016418457,16,16
51,car,2,False,False,232,2026-03-02 15:54:12.558,20.0,329.5181579589844,157.82574462890625,2.1867728233337402,12.80355453491211,17,17
51,car,2,False,False,233,2026-03-02 15:54:12.921,19.0,330.0734558105469,158.42218017578125,2.192763328552246,13.167140007019043,18,18
51,car,2,False,False,234,2026-03-02 15:54:13.281,19.0,330.4693908691406,158.88278198242188,2.196213722229004,13.444215774536133,19,19
51,car,2,False,False,235,2026-03-02 15:54:13.651,19.0,330.883544921875,159.44329833984375,2.1980364322662354,13.775359153747559,20,20
51,car,2,False,False,236,2026-03-02 15:54:14.024,18.0,331.3233642578125,159.98587036132812,2.2011377811431885,14.096160888671875,21,21
51,car,2,False,False,237,2026-03-02 15:54:14.409,19.0,331.7552185058594,160.80410766601562,2.1977992057800293,14.562520027160645,22,22
51,car,2,False,False,238,2026-03-02 15:54:14.772,19.0,332.17242431640625,161.5484619140625,2.195625066757202,14.984415054321289,23,23
51,car,2,False,False,239,2026-03-02 15:54:15.133,20.0,332.7510986328125,162.2328338623047,2.2003138065338135,15.38052749633789,23,23
51,car,2,False,False,240,2026-03-02 15:54:15.497,19.0,333.180908203125,162.56092834472656,2.207749605178833,15.578181266784668,23,23
51,car,2,False,False,241,2026-03-02 15:54:15.862,19.0,334.1451416015625,163.4849090576172,2.220181941986084,16.116579055786133,24,24
51,car,2,False,False,242,2026-03-02 15:54:16.220,19.0,334.7095947265625,164.10211181640625,2.225719451904297,16.46847915649414,24,24
51,car,2,False,False,243,2026-03-02 15:54:16.574,19.0,335.2498474121094,164.53302001953125,2.234494686126709,16.7210693359375,24,24
51,car,2,False,False,244,2026-03-02 15:54:16.928,19.0,335.6156005859375,165.03347778320312,2.2358272075653076,16.997940063476562,24,24
51,car,2,False,False,245,2026-03-02 15:54:17.286,18.0,335.8868408203125,165.496337890625,2.2348036766052246,17.248815536499023,24,24
51,car,2,False,False,246,2026-03-02 15:54:17.643,18.0,336.15008544921875,166.16629028320312,2.229006290435791,17.60233497619629,24,24
51,car,2,False,False,247,2026-03-02 15:54:18.005,18.0,336.77374267578125,166.73953247070312,2.237358331680298,17.925188064575195,24,24
51,car,2,False,False,248,2026-03-02 15:54:18.370,18.0,337.1518249511719,167.21856689453125,2.2395410537719727,18.18535804748535,24,24
51,car,2,False,False,249,2026-03-02 15:54:18.732,17.0,337.493408203125,167.44573974609375,2.2459590435028076,18.317346572875977,24,24
51,car,2,False,False,250,2026-03-02 15:54:19.095,17.0,337.98529052734375,167.96533203125,2.2509987354278564,18.601802825927734,24,24
51,car,2,False,False,251,2026-03-02 15:54:19.459,17.0,338.92718505859375,168.37521362304688,2.273240566253662,18.855854034423828,24,24
51,car,2,False,False,252,2026-03-02 15:54:19.843,17.0,339.50335693359375,168.75454711914062,2.28399658203125,19.073503494262695,24,24
51,car,2,False,False,253,2026-03-02 15:54:20.213,17.0,339.86236572265625,169.20828247070312,2.285953998565674,19.314363479614258,24,24
51,car,2,False,False,254,2026-03-02 15:54:20.572,15.0,340.17864990234375,169.56503295898438,2.2886013984680176,19.504772186279297,24,24
51,car,2,False,False,255,2026-03-02 15:54:20.932,14.0,340.6205139160156,169.9908447265625,2.2938528060913086,19.734601974487305,24,24
51,car,2,False,False,256,2026-03-02 15:54:21.291,14.0,341.2463073730469,170.43222045898438,2.3047454357147217,19.98088836669922,24,24
51,car,2,False,False,257,2026-03-02 15:54:21.650,14.0,341.7151794433594,171.0626220703125,2.3063926696777344,20.307373046875,24,24
51,car,2,False,False,258,2026-03-02 15:54:22.010,14.0,342.0915832519531,171.63897705078125,2.306194543838501,20.601072311401367,24,24
51,car,2,False,False,259,2026-03-02 15:54:22.368,13.0,342.5231628417969,172.10671997070312,2.310112476348877,20.844911575317383,24,24
51,car,2,False,False,260,2026-03-02 15:54:22.730,13.0,342.87152099609375,172.9060516357422,2.304231643676758,21.237794876098633,24,24
51,car,2,False,False,261,2026-03-02 15:54:23.089,13.0,343.7096862792969,173.58258056640625,2.316723585128784,21.596830368041992,24,24
51,car,2,False,False,262,2026-03-02 15:54:23.452,13.0,344.1966552734375,174.16140747070312,2.319979429244995,21.88963508605957,24,24
51,car,2,False,False,263,2026-03-02 15:54:23.809,13.0,344.63262939453125,174.67050170898438,2.323070764541626,22.146072387695312,24,24
51,car,2,False,False,264,2026-03-02 15:54:24.170,13.0,344.86474609375,174.95872497558594,2.324345111846924,22.289854049682617,24,24
51,car,2,False,False,265,2026-03-02 15:54:24.528,13.0,345.4852294921875,175.698486328125,2.3283822536468506,22.65817642211914,24,24
51,car,2,False,False,266,2026-03-02 15:54:24.903,13.0,346.0928955078125,176.38558959960938,2.333094358444214,22.999340057373047,24,24
51,car,2,False,False,267,2026-03-02 15:54:25.264,13.0,346.52813720703125,176.79710388183594,2.3381478786468506,23.206212997436523,24,24
51,car,2,False,False,268,2026-03-02 15:54:25.629,13.0,346.9787292480469,177.13009643554688,2.345317840576172,23.378093719482422,24,24
51,car,2,False,False,269,2026-03-02 15:54:25.997,13.0,347.35845947265625,177.43028259277344,2.3509275913238525,23.531131744384766,24,24
51,car,2,False,False,270,2026-03-02 15:54:26.361,13.0,348.4336853027344,178.36404418945312,2.364950656890869,23.998559951782227,24,24
51,car,2,False,False,271,2026-03-02 15:54:26.725,13.0,349.1130676269531,178.85398864746094,2.375845193862915,24.2479248046875,24,24
51,car,2,False,False,272,2026-03-02 15:54:27.087,13.0,349.48956298828125,179.11761474609375,2.382024049758911,24.382125854492188,24,24
51,car,2,False,False,273,2026-03-02 15:54:27.450,13.0,349.95159912109375,179.34332275390625,2.39164400100708,24.503917694091797,24,24
51,car,2,False,False,274,2026-03-02 15:54:27.814,13.0,350.4644775390625,179.53848266601562,2.4034640789031982,24.61481285095215,24,24
51,car,2,False,False,275,2026-03-02 15:54:28.177,13.0,350.93975830078125,180.15634155273438,2.4051730632781982,24.90555191040039,24,24
51,car,2,False,False,276,2026-03-02 15:54:28.536,13.0,351.4267578125,180.6748046875,2.409320831298828,25.152584075927734,24,24
51,car,2,False,False,277,2026-03-02 15:54:28.899,13.0,351.73834228515625,180.97494506835938,2.412626028060913,25.296491622924805,24,24
51,car,2,False,False,278,2026-03-02 15:54:29.263,13.0,351.85186767578125,181.23336791992188,2.4106998443603516,25.41217613220215,24,24
51,car,2,False,False,279,2026-03-02 15:54:29.633,13.0,352.0330810546875,181.528076171875,2.410099983215332,25.546354293823242,24,24
51,car,2,False,False,280,2026-03-02 15:54:30.008,13.0,352.3437805175781,182.29710388183594,2.403578281402588,25.886404037475586,24,24
51,car,2,False,False,281,2026-03-02 15:54:30.373,13.0,352.60601806640625,182.61007690429688,2.4050896167755127,26.030874252319336,24,24
51,car,2,False,False,282,2026-03-02 15:54:30.737,11.0,352.72198486328125,182.90756225585938,2.4024531841278076,26.161067962646484,24,24
51,car,2,False,False,283,2026-03-02 15:54:31.092,11.0,353.19921875,183.43435668945312,2.406080484390259,26.40427589416504,24,24
51,car,2,False,False,284,2026-03-02 15:54:31.454,9.0,353.55303955078125,183.69094848632812,2.411529779434204,26.528331756591797,24,24
51,car,2,False,False,285,2026-03-02 15:54:31.818,8.0,353.90570068359375,183.96499633789062,2.416567802429199,26.659202575683594,24,24
51,car,2,False,False,286,2026-03-02 15:54:32.183,7.0,354.1130676269531,184.28421020507812,2.4162538051605225,26.80104637145996,24,24
51,car,2,False,False,287,2026-03-02 15:54:32.548,7.0,354.36236572265625,184.42459106445312,2.4209039211273193,26.87114715576172,24,24
51,car,2,False,False,288,2026-03-02 15:54:32.910,7.0,354.5401611328125,184.59860229492188,2.4226882457733154,26.95137596130371,24,24
51,car,2,False,False,289,2026-03-02 15:54:33.271,7.0,355.0340270996094,185.04769897460938,2.428335666656494,27.15951156616211,24,24
51,car,2,False,False,290,2026-03-02 15:54:33.632,7.0,355.2960205078125,185.41287231445312,2.4287030696868896,27.321149826049805,24,24
51,car,2,False,False,291,2026-03-02 15:54:33.990,7.0,355.4366455078125,185.7894287109375,2.425184965133667,27.480817794799805,24,24
51,car,2,False,False,292,2026-03-02 15:54:34.352,7.0,355.5761413574219,185.94940185546875,2.426090955734253,27.552398681640625,24,24
51,car,2,False,False,293,2026-03-02 15:54:34.733,7.0,355.75537109375,186.00396728515625,2.430354595184326,27.583269119262695,24,24
51,car,2,False,False,294,2026-03-02 15:54:35.090,7.0,355.9910888671875,186.20608520507812,2.433277130126953,27.676406860351562,24,24
51,car,2,False,False,295,2026-03-02 15:54:35.449,7.0,356.19024658203125,186.45962524414062,2.434041738510132,27.788230895996094,24,24
51,car,2,False,False,296,2026-03-02 15:54:35.822,7.0,356.3062744140625,186.677490234375,2.4330475330352783,27.881391525268555,24,24
51,car,2,False,False,297,2026-03-02 15:54:36.184,7.0,356.38909912109375,186.87405395507812,2.4314985275268555,27.964200973510742,24,24
51,car,2,False,False,298,2026-03-02 15:54:36.544,6.0,356.45452880859375,187.00982666015625,2.430675983428955,28.02170753479004,24,24
51,car,2,False,False,299,2026-03-02 15:54:36.900,6.0,356.55718994140625,187.11817932128906,2.4315273761749268,28.070011138916016,24,24
51,car,2,False,False,300,2026-03-02 15:54:37.259,6.0,356.6640930175781,187.4702911376953,2.4275269508361816,28.215560913085938,24,24
51,car,2,False,False,301,2026-03-02 15:54:37.616,6.0,356.6925048828125,187.68519592285156,2.423995018005371,28.302352905273438,24,24
51,car,2,False,False,302,2026-03-02 15:54:38.001,6.0,356.72296142578125,187.69866943359375,2.4246280193328857,28.309185028076172,24,24
51,car,2,False,False,303,2026-03-02 15:54:38.358,5.0,356.7969970703125,187.70675659179688,2.426668643951416,28.31599998474121,24,24
51,car,2,False,False,304,2026-03-02 15:54:38.716,5.0,357.06640625,187.64199829101562,2.4360148906707764,28.303415298461914,24,24
51,car,2,False,False,305,2026-03-02 15:54:39.086,4.0,357.2288513183594,187.54986572265625,2.4427385330200195,28.274736404418945,24,24
51,car,2,False,False,306,2026-03-02 15:54:39.449,4.0,357.274658203125,187.6182861328125,2.44270396232605,28.30414581298828,24,24
51,car,2,False,False,307,2026-03-02 15:54:39.813,4.0,357.2984313964844,187.71661376953125,2.441401720046997,28.344329833984375,24,24
51,car,2,False,False,308,2026-03-02 15:54:40.175,3.0,357.294189453125,187.77020263671875,2.440180540084839,28.365375518798828,24,24
51,car,2,False,False,309,2026-03-02 15:54:40.538,3.0,357.28680419921875,187.7996368408203,2.439359664916992,28.376684188842773,24,24
51,car,2,False,False,310,2026-03-02 15:54:40.905,3.0,357.27838134765625,187.7904052734375,2.4392974376678467,28.372615814208984,24,24
51,car,2,False,False,311,2026-03-02 15:54:41.264,2.0,357.20684814453125,187.83895874023438,2.4361772537231445,28.388378143310547,24,24
51,car,2,False,False,312,2026-03-02 15:54:41.634,2.0,357.2562255859375,187.8229217529297,2.437974214553833,28.38442611694336,24,24
51,car,2,False,False,313,2026-03-02 15:54:41.993,1.0,357.2618103027344,187.80979919433594,2.438408136367798,28.37949562072754,24,24
51,car,2,False,False,314,2026-03-02 15:54:42.375,1.0,357.26470947265625,187.80029296875,2.4386885166168213,28.375869750976562,24,24
51,car,2,False,False,315,2026-03-02 15:54:42.739,1.0,357.25677490234375,187.80886840820312,2.438277244567871,28.378881454467773,24,24
51,car,2,False,False,316,2026-03-02 15:54:43.099,1.0,357.3572998046875,187.85536193847656,2.4403202533721924,28.402196884155273,24,24
51,car,2,False,False,317,2026-03-02 15:54:43.460,1.0,357.278076171875,187.838623046875,2.4383039474487305,28.39171028137207,24,24
51,car,2,False,False,318,2026-03-02 15:54:43.819,0.0,357.2428283691406,187.81695556640625,2.437697172164917,28.38140869140625,24,24
51,car,2,False,False,319,2026-03-02 15:54:44.178,0.0,357.1999206542969,187.80953979492188,2.4365711212158203,28.376380920410156,24,24
51,car,2,False,False,320,2026-03-02 15:54:44.541,0.0,357.19110107421875,187.82809448242188,2.4359302520751953,28.3833065032959,24,24
51,car,2,False,False,321,2026-03-02 15:54:44.896,0.0,357.1770324707031,187.83985900878906,2.4352715015411377,28.387283325195312,24,24
51,car,2,False,False,322,2026-03-02 15:54:45.258,0.0,357.169677734375,187.86183166503906,2.4346044063568115,28.395631790161133,24,24
51,car,2,False,False,323,2026-03-02 15:54:45.636,0.0,357.16412353515625,187.89889526367188,2.4336836338043213,28.41004180908203,24,24
51,car,2,False,False,324,2026-03-02 15:54:46.035,0.0,357.16162109375,187.871337890625,2.434170961380005,28.399005889892578,24,24
51,car,2,False,False,325,2026-03-02 15:54:46.397,0.0,357.1454772949219,187.83621215820312,2.4344065189361572,28.38430404663086,24,24
51,car,2,False,False,326,2026-03-02 15:54:46.761,0.0,357.2235107421875,187.86297607421875,2.436183214187622,28.398704528808594,24,24
51,car,2,False,False,327,2026-03-02 15:54:47.129,0.0,357.1841125488281,187.8257293701172,2.435770273208618,28.382028579711914,24,24
51,car,2,False,False,328,2026-03-02 15:54:47.495,0.0,357.154052734375,187.8466033935547,2.4344499111175537,28.388837814331055,24,24
51,car,2,False,False,329,2026-03-02 15:54:47.863,0.0,357.1512451171875,187.8990478515625,2.4332973957061768,28.40947723388672,24,24
51,car,2,False,False,330,2026-03-02 15:54:48.311,0.0,357.14813232421875,187.88525390625,2.433485746383667,28.40386199951172,24,24
51,car,2,False,False,331,2026-03-02 15:54:48.762,0.0,357.1435546875,187.83432006835938,2.4343879222869873,28.383459091186523,24,24
51,car,2,False,False,332,2026-03-02 15:54:49.141,0.0,357.153076171875,187.86080932617188,2.434131145477295,28.394418716430664,24,24
51,car,2,False,False,333,2026-03-02 15:54:49.518,0.0,357.22308349609375,187.9293670654297,2.434816837310791,28.424976348876953,24,24
51,car,2,False,False,334,2026-03-02 15:54:49.901,0.0,357.1592712402344,187.90533447265625,2.43340802192688,28.412357330322266,24,24
51,car,2,False,False,335,2026-03-02 15:54:50.283,0.0,357.139892578125,187.865234375,2.4336485862731934,28.395530700683594,24,24
51,car,2,False,False,336,2026-03-02 15:54:50.671,0.0,357.1100158691406,187.83502197265625,2.433375358581543,28.38210678100586,24,24
51,car,2,False,False,337,2026-03-02 15:54:51.046,0.0,357.1234130859375,187.82852172851562,2.4339065551757812,28.38018226623535,24,24
51,car,2,False,False,338,2026-03-02 15:54:51.536,0.0,357.13433837890625,187.8553466796875,2.433685064315796,28.391342163085938,24,24
51,car,2,False,False,339,2026-03-02 15:54:51.909,0.0,357.23150634765625,187.92465209960938,2.4351634979248047,28.423519134521484,24,24
51,car,2,False,False,340,2026-03-02 15:54:52.266,0.0,357.2847900390625,187.95452880859375,2.4361395835876465,28.437936782836914,24,24
51,car,2,False,False,341,2026-03-02 15:54:52.627,0.0,357.298095703125,187.9656982421875,2.436307668685913,28.443002700805664,24,24
51,car,2,False,False,342,2026-03-02 15:54:52.993,0.0,357.3244323730469,187.96633911132812,2.4370779991149902,28.444536209106445,24,24
51,car,2,False,False,343,2026-03-02 15:54:53.356,0.0,357.34228515625,187.9529571533203,2.4378819465637207,28.440109252929688,24,24
51,car,2,False,False,344,2026-03-02 15:54:53.720,0.0,357.34332275390625,187.97604370117188,2.437441825866699,28.449295043945312,24,24
51,car,2,False,False,345,2026-03-02 15:54:54.084,0.0,357.31597900390625,187.98672485351562,2.436410903930664,28.452192306518555,24,24
51,car,2,False,False,346,2026-03-02 15:54:54.446,0.0,357.3486328125,187.92103576660156,2.4387218952178955,28.42778205871582,24,24
51,car,2,False,False,347,2026-03-02 15:54:54.826,0.0,357.3519287109375,187.90771484375,2.439091682434082,28.42266845703125,24,24
51,car,2,False,False,348,2026-03-02 15:54:55.186,0.0,357.29217529296875,187.91006469726562,2.4372658729553223,28.420692443847656,24,24
51,car,2,False,False,349,2026-03-02 15:54:55.555,0.0,357.2301025390625,187.9789276123047,2.4340157508850098,28.44493293762207,24,24
51,car,2,False,False,350,2026-03-02 15:54:55.929,0.0,357.20123291015625,188.13006591796875,2.4300804138183594,28.503292083740234,24,24
51,car,2,False,False,351,2026-03-02 15:54:56.290,0.0,357.1602478027344,188.23052978515625,2.4268205165863037,28.540979385375977,24,24
51,car,2,False,False,352,2026-03-02 15:54:56.655,0.0,357.2433166503906,188.26075744628906,2.4286739826202393,28.556941986083984,24,24
51,car,2,False,False,353,2026-03-02 15:54:57.018,0.0,357.349853515625,188.17926025390625,2.4334962368011475,28.52994155883789,24,24
51,car,2,False,False,354,2026-03-02 15:54:57.431,0.0,357.3111267089844,188.24749755859375,2.430957794189453,28.55500030517578,24,24
51,car,2,False,False,355,2026-03-02 15:54:57.793,0.0,357.1898193359375,188.27426147460938,2.4268105030059814,28.559675216674805,24,24
51,car,2,False,False,356,2026-03-02 15:54:58.151,0.0,357.138427734375,188.27505493164062,2.4252679347991943,28.557493209838867,24,24
51,car,2,False,False,357,2026-03-02 15:54:58.519,0.0,357.1329040527344,188.28494262695312,2.424903154373169,28.561126708984375,24,24
51,car,2,False,False,358,2026-03-02 15:54:58.879,0.0,357.18096923828125,188.27102661132812,2.4266133308410645,28.557968139648438,24,24
51,car,2,False,False,359,2026-03-02 15:54:59.239,0.0,357.23956298828125,188.25140380859375,2.4287524223327637,28.553068161010742,24,24
51,car,2,False,False,360,2026-03-02 15:54:59.599,0.0,357.28607177734375,188.2320556640625,2.430527448654175,28.54768943786621,24,24
90,car,9,False,False,215,2026-03-02 15:54:06.161,0.0,1145.273193359375,338.73431396484375,13.38106918334961,81.09777069091797,1,1
90,car,9,False,False,216,2026-03-02 15:54:06.523,32.0,1133.9248046875,334.05853271484375,13.395586013793945,80.49404907226562,2,2
90,car,9,False,False,217,2026-03-02 15:54:06.886,48.0,1110.3153076171875,325.41448974609375,13.38239574432373,79.27506256103516,3,3
90,car,9,False,False,218,2026-03-02 15:54:07.260,43.0,1094.8671875,320.00927734375,13.362923622131348,78.46482849121094,4,4
90,car,9,False,False,219,2026-03-02 15:54:07.634,39.0,1083.6258544921875,315.567626953125,13.36982536315918,77.8128890991211,5,5
90,car,9,False,False,220,2026-03-02 15:54:08.000,35.0,1073.794921875,311.6036376953125,13.379426002502441,77.22083282470703,6,6
90,car,9,False,False,221,2026-03-02 15:54:08.356,33.0,1064.73828125,307.8197937011719,13.394207000732422,76.64997100830078,7,7
90,car,9,False,False,222,2026-03-02 15:54:08.751,35.0,1047.84423828125,301.51629638671875,13.389254570007324,75.62425231933594,8,8
90,car,9,False,False,223,2026-03-02 15:54:09.151,36.0,1037.179443359375,297.0164794921875,13.409383773803711,74.90144348144531,9,9
90,car,9,False,False,224,2026-03-02 15:54:09.510,35.0,1028.122314453125,293.0329895019531,13.434321403503418,74.25375366210938,10,10
90,car,9,False,False,225,2026-03-02 15:54:09.865,34.0,1019.8258056640625,289.661865234375,13.444907188415527,73.67619323730469,11,11
90,car,9,False,False,226,2026-03-02 15:54:10.349,34.0,1011.1672973632812,286.73016357421875,13.428863525390625,73.12577819824219,12,12
90,car,9,False,False,227,2026-03-02 15:54:10.719,34.0,996.933349609375,281.17071533203125,13.436811447143555,72.10993194580078,13,13
90,car,9,False,False,228,2026-03-02 15:54:11.115,35.0,986.69580078125,277.17254638671875,13.442697525024414,71.35535430908203,14,14
90,car,9,False,False,229,2026-03-02 15:54:11.474,34.0,978.495361328125,273.8950500488281,13.45117473602295,70.7264175415039,15,15
90,car,9,False,False,230,2026-03-02 15:54:11.832,34.0,970.8784790039062,270.7619323730469,13.463600158691406,70.11788177490234,16,16
90,car,9,False,False,231,2026-03-02 15:54:12.192,34.0,962.9822998046875,267.66998291015625,13.468993186950684,69.49339294433594,17,17
90,car,9,False,False,232,2026-03-02 15:54:12.559,34.0,950.7012939453125,263.1366882324219,13.463655471801758,68.53233337402344,18,18
90,car,9,False,False,233,2026-03-02 15:54:12.921,34.0,942.4923095703125,259.6949462890625,13.481075286865234,67.81392669677734,19,19
90,car,9,False,False,234,2026-03-02 15:54:13.281,34.0,935.0206298828125,256.973876953125,13.47596263885498,67.20403289794922,20,20
90,car,9,False,False,235,2026-03-02 15:54:13.652,34.0,927.761962890625,254.496337890625,13.462220191955566,66.62425994873047,21,21
90,car,9,False,False,236,2026-03-02 15:54:14.024,33.0,921.4214477539062,252.61093139648438,13.435346603393555,66.15105438232422,22,22
90,car,9,False,False,237,2026-03-02 15:54:14.410,34.0,910.7119750976562,248.58059692382812,13.434038162231445,65.20379638671875,23,23
90,car,9,False,False,238,2026-03-02 15:54:14.772,34.0,902.8502807617188,245.56887817382812,13.43591594696045,64.4810791015625,24,24
90,car,9,False,False,239,2026-03-02 15:54:15.133,34.0,895.8358154296875,243.06695556640625,13.427534103393555,63.85249328613281,24,24
90,car,9,False,False,240,2026-03-02 15:54:15.497,34.0,889.2174682617188,240.42996215820312,13.434672355651855,63.2013053894043,24,24
90,car,9,False,False,241,2026-03-02 15:54:15.862,34.0,876.4014892578125,235.28738403320312,13.450961112976074,61.894775390625,24,24
90,car,9,False,False,242,2026-03-02 15:54:16.221,34.0,867.7604370117188,231.75814819335938,13.465861320495605,60.97169876098633,24,24
90,car,9,False,False,243,2026-03-02 15:54:16.574,34.0,860.7982177734375,229.42935180664062,13.448474884033203,60.30531692504883,24,24
90,car,9,False,False,244,2026-03-02 15:54:16.929,34.0,855.6594848632812,227.43478393554688,13.451421737670898,59.75240707397461,24,24
90,car,9,False,False,245,2026-03-02 15:54:17.286,34.0,850.9091796875,225.66915893554688,13.449614524841309,59.248321533203125,24,24
90,car,9,False,False,246,2026-03-02 15:54:17.643,34.0,840.5743408203125,221.79495239257812,13.447543144226074,58.1187629699707,24,24
90,car,9,False,False,247,2026-03-02 15:54:18.005,34.0,833.689453125,219.3343963623047,13.438892364501953,57.37034225463867,24,24
90,car,9,False,False,248,2026-03-02 15:54:18.370,34.0,828.673095703125,217.49911499023438,13.435044288635254,56.80595016479492,24,24
90,car,9,False,False,249,2026-03-02 15:54:18.732,34.0,823.720458984375,215.50259399414062,13.442449569702148,56.20005798339844,24,24
90,car,9,False,False,250,2026-03-02 15:54:19.095,34.0,818.5224609375,213.3204803466797,13.455709457397461,55.53362274169922,24,24
90,car,9,False,False,251,2026-03-02 15:54:19.459,34.0,809.8502197265625,210.08987426757812,13.4526948928833,54.48653793334961,24,24
90,car,9,False,False,252,2026-03-02 15:54:19.843,35.0,803.7423095703125,207.92623901367188,13.443459510803223,53.756736755371094,24,24
90,car,9,False,False,253,2026-03-02 15:54:20.214,35.0,798.6785888671875,206.0938720703125,13.438122749328613,53.13153839111328,24,24
90,car,9,False,False,254,2026-03-02 15:54:20.572,35.0,793.5194091796875,204.36917114257812,13.423465728759766,52.51814270019531,24,24
90,car,9,False,False,255,2026-03-02 15:54:20.932,35.0,788.3034057617188,202.36105346679688,13.425506591796875,51.82255554199219,24,24
90,car,9,False,False,256,2026-03-02 15:54:21.291,35.0,780.9269409179688,199.47537231445312,13.431465148925781,50.80477523803711,24,24
90,car,9,False,False,257,2026-03-02 15:54:21.650,35.0,775.4512939453125,197.2821807861328,13.439384460449219,50.017913818359375,24,24
90,car,9,False,False,258,2026-03-02 15:54:22.010,35.0,770.730224609375,195.54469299316406,13.436071395874023,49.367164611816406,24,24
90,car,9,False,False,259,2026-03-02 15:54:22.369,35.0,766.3088989257812,194.08973693847656,13.421318054199219,48.79447937011719,24,24
90,car,9,False,False,260,2026-03-02 15:54:22.730,35.0,761.8248291015625,192.88897705078125,13.387547492980957,48.280887603759766,24,24
90,car,9,False,False,261,2026-03-02 15:54:23.089,35.0,755.5927124023438,190.1005401611328,13.416356086730957,47.24132537841797,24,24
90,car,9,False,False,262,2026-03-02 15:54:23.452,35.0,750.42431640625,188.23281860351562,13.409997940063477,46.48648452758789,24,24
90,car,9,False,False,263,2026-03-02 15:54:23.809,37.0,745.46142578125,186.57626342773438,13.394227981567383,45.788700103759766,24,24
90,car,9,False,False,264,2026-03-02 15:54:24.170,35.0,741.1473999023438,185.18557739257812,13.376846313476562,45.187347412109375,24,24
90,car,9,False,False,265,2026-03-02 15:54:24.528,35.0,733.160400390625,182.23068237304688,13.371014595031738,43.93341064453125,24,24
90,car,9,False,False,266,2026-03-02 15:54:24.903,37.0,727.386962890625,180.18588256835938,13.360132217407227,43.03204345703125,24,24
90,car,9,False,False,267,2026-03-02 15:54:25.264,37.0,722.9832763671875,178.36456298828125,13.370650291442871,42.24672317504883,24,24
90,car,9,False,False,268,2026-03-02 15:54:25.629,37.0,719.4720458984375,177.01487731933594,13.371678352355957,41.6436653137207,24,24
90,car,9,False,False,269,2026-03-02 15:54:25.997,37.0,716.6241455078125,175.65518188476562,13.392040252685547,41.0595817565918,24,24
90,car,9,False,False,270,2026-03-02 15:54:26.362,37.0,710.015380859375,173.5825653076172,13.359417915344238,40.045867919921875,24,24
90,car,9,False,False,271,2026-03-02 15:54:26.725,37.0,704.92626953125,171.9150390625,13.339151382446289,39.22443389892578,24,24
90,car,9,False,False,272,2026-03-02 15:54:27.088,37.0,701.2734375,170.71011352539062,13.324978828430176,38.6226692199707,24,24
90,car,9,False,False,273,2026-03-02 15:54:27.450,37.0,698.2376098632812,169.42001342773438,13.334967613220215,38.01213455200195,24,24
90,car,9,False,False,274,2026-03-02 15:54:27.814,37.0,694.85009765625,168.30035400390625,13.321796417236328,37.43827819824219,24,24
90,car,9,False,False,275,2026-03-02 15:54:28.177,37.0,688.6100463867188,166.30715942382812,13.291751861572266,36.388309478759766,24,24
90,car,9,False,False,276,2026-03-02 15:54:28.536,37.0,684.432861328125,165.21368408203125,13.252594947814941,35.76423645019531,24,24
90,car,9,False,False,277,2026-03-02 15:54:28.899,37.0,681.228515625,164.06539916992188,13.246281623840332,35.16029357910156,24,24
90,car,9,False,False,278,2026-03-02 15:54:29.263,37.0,678.003662109375,162.47201538085938,13.274225234985352,34.371829986572266,24,24
90,car,9,False,False,279,2026-03-02 15:54:29.633,37.0,674.1555786132812,160.92752075195312,13.279826164245605,33.5565299987793,24,24
90,car,9,False,False,280,2026-03-02 15:54:30.008,37.0,668.698974609375,159.39675903320312,13.235051155090332,32.647789001464844,24,24
90,car,9,False,False,281,2026-03-02 15:54:30.373,37.0,665.1007690429688,158.17489624023438,13.22214412689209,31.95062828063965,24,24
90,car,9,False,False,282,2026-03-02 15:54:30.737,40.0,662.098388671875,156.78793334960938,13.24100399017334,31.205045700073242,24,24
90,car,9,False,False,283,2026-03-02 15:54:31.092,40.0,658.5511474609375,155.54205322265625,13.231505393981934,30.478939056396484,24,24
90,car,9,False,False,284,2026-03-02 15:54:31.454,40.0,654.3203125,154.13931274414062,13.213133811950684,29.635391235351562,24,24
90,car,9,False,False,285,2026-03-02 15:54:31.818,38.0,650.764892578125,152.99256896972656,13.194796562194824,28.929723739624023,24,24
90,car,9,False,False,286,2026-03-02 15:54:32.183,38.0,647.587158203125,152.40048217773438,13.142245292663574,28.486888885498047,24,24
90,car,9,False,False,287,2026-03-02 15:54:32.548,40.0,644.4393920898438,151.02203369140625,13.155702590942383,27.68160057067871,24,24
90,car,9,False,False,288,2026-03-02 15:54:32.910,38.0,641.9149169921875,149.97598266601562,13.161653518676758,27.05380630493164,24,24
90,car,9,False,False,289,2026-03-02 15:54:33.271,38.0,636.0282592773438,147.85025024414062,13.149065017700195,25.709396362304688,24,24
90,car,9,False,False,290,2026-03-02 15:54:33.632,38.0,632.1158447265625,146.2886962890625,13.153304100036621,24.72291374206543,24,24
90,car,9,False,False,291,2026-03-02 15:54:33.990,38.0,628.8192138671875,145.4180145263672,13.118402481079102,24.098785400390625,24,24
90,car,9,False,False,292,2026-03-02 15:54:34.352,38.0,626.286865234375,144.57571411132812,13.106356620788574,23.527179718017578,24,24
90,car,9,False,False,293,2026-03-02 15:54:34.733,37.0,624.00732421875,143.8449249267578,13.093012809753418,23.021289825439453,24,24
90,car,9,False,False,294,2026-03-02 15:54:35.090,37.0,619.176025390625,142.13525390625,13.078442573547363,21.84926986694336,24,24
90,car,9,False,False,295,2026-03-02 15:54:35.449,38.0,615.8983154296875,141.13552856445312,13.05419921875,21.124128341674805,24,24
90,car,9,False,False,296,2026-03-02 15:54:35.822,38.0,613.40576171875,140.27587890625,13.044373512268066,20.51295280456543,24,24
90,car,9,False,False,297,2026-03-02 15:54:36.184,38.0,611.352294921875,139.60452270507812,13.032907485961914,20.024188995361328,24,24
90,car,9,False,False,298,2026-03-02 15:54:36.545,37.0,608.7815551757812,138.83897399902344,13.011697769165039,19.447195053100586,24,24
90,car,9,False,False,299,2026-03-02 15:54:36.900,38.0,604.53857421875,136.86492919921875,13.04047679901123,18.083160400390625,24,24
90,car,9,False,False,300,2026-03-02 15:54:37.259,38.0,601.642578125,136.21087646484375,12.997191429138184,17.528125762939453,24,24
90,car,9,False,False,301,2026-03-02 15:54:37.616,37.0,599.436279296875,135.61856079101562,12.972517013549805,17.047800064086914,24,24
90,car,9,False,False,302,2026-03-02 15:54:38.001,37.0,596.95849609375,134.60147094726562,12.976820945739746,16.29878807067871,24,24
90,car,9,False,False,303,2026-03-02 15:54:38.358,37.0,594.348876953125,133.93692016601562,12.943870544433594,15.739128112792969,24,24
90,car,9,False,False,304,2026-03-02 15:54:38.716,37.0,590.698486328125,132.80416870117188,12.916053771972656,14.825604438781738,24,24
90,car,9,False,False,305,2026-03-02 15:54:39.086,35.0,588.3359375,131.97067260742188,12.907156944274902,14.1656494140625,24,24
90,car,9,False,False,306,2026-03-02 15:54:39.450,33.0,586.0062866210938,131.3315887451172,12.881189346313477,13.619728088378906,24,24
90,car,9,False,False,307,2026-03-02 15:54:39.813,33.0,583.786376953125,130.6465301513672,12.863350868225098,13.047659873962402,24,24
90,car,9,False,False,308,2026-03-02 15:54:40.175,32.0,581.4481201171875,129.92041015625,12.844799995422363,12.436190605163574,24,24
90,car,9,False,False,309,2026-03-02 15:54:40.539,33.0,578.2286376953125,128.63839721679688,12.845691680908203,11.403471946716309,24,24
90,car,9,False,False,310,2026-03-02 15:54:40.905,33.0,575.7076416015625,127.39289855957031,12.869546890258789,10.424345970153809,24,24
90,car,9,False,False,311,2026-03-02 15:54:41.265,32.0,573.3072509765625,126.83586883544922,12.831965446472168,9.891870498657227,24,24
90,car,9,False,False,312,2026-03-02 15:54:41.634,32.0,571.225341796875,126.1789779663086,12.815855979919434,9.310907363891602,24,24
90,car,9,False,False,313,2026-03-02 15:54:41.993,32.0,567.3946533203125,124.84513854980469,12.797969818115234,8.142203330993652,24,24
90,car,9,False,False,314,2026-03-02 15:54:42.375,32.0,564.3834228515625,123.61854553222656,12.801124572753906,7.084089756011963,24,24
90,car,9,False,False,315,2026-03-02 15:54:42.739,32.0,561.6229248046875,122.96614837646484,12.757482528686523,6.429249286651611,24,24
90,car,9,False,False,316,2026-03-02 15:54:43.099,32.0,559.9847412109375,122.52485656738281,12.736708641052246,5.999291896820068,24,24
94,car,8,False,False,238,2026-03-02 15:54:14.772,0.0,1104.5877685546875,353.8834228515625,12.212503433227539,81.35074615478516,1,1
94,car,8,False,False,239,2026-03-02 15:54:15.133,31.0,1092.9866943359375,349.0771789550781,12.212339401245117,80.75653076171875,2,2
94,car,8,False,False,240,2026-03-02 15:54:15.497,31.0,1082.6005859375,344.31591796875,12.228765487670898,80.17582702636719,3,3
94,car,8,False,False,241,2026-03-02 15:54:15.862,31.0,1060.791748046875,334.68035888671875,12.251202583312988,78.93487548828125,4,4
94,car,8,False,False,242,2026-03-02 15:54:16.221,39.0,1046.63916015625,328.1361083984375,12.277512550354004,78.06721496582031,5,5
94,car,8,False,False,243,2026-03-02 15:54:16.574,33.0,1035.625,323.89422607421875,12.265851020812988,77.44469451904297,6,6
94,car,8,False,False,244,2026-03-02 15:54:16.929,32.0,1026.3936767578125,320.08758544921875,12.26562786102295,76.8876724243164,7,7
94,car,8,False,False,245,2026-03-02 15:54:17.286,31.0,1018.0029296875,316.59027099609375,12.266887664794922,76.36671447753906,8,8
94,car,8,False,False,246,2026-03-02 15:54:17.643,32.0,1002.2203369140625,309.7010498046875,12.281827926635742,75.32555389404297,9,9
94,car,8,False,False,247,2026-03-02 15:54:18.005,33.0,991.4071044921875,304.94927978515625,12.293731689453125,74.58303833007812,10,10
94,car,8,False,False,248,2026-03-02 15:54:18.371,36.0,981.0218505859375,299.6358947753906,12.336673736572266,73.76900482177734,11,11
94,car,8,False,False,249,2026-03-02 15:54:18.732,33.0,973.5890502929688,296.1936340332031,12.353075981140137,73.2090072631836,12,12
94,car,8,False,False,250,2026-03-02 15:54:19.095,32.0,965.5934448242188,293.4112548828125,12.331893920898438,72.69615173339844,13,13
94,car,8,False,False,251,2026-03-02 15:54:19.459,33.0,952.3480224609375,288.20501708984375,12.321681022644043,71.75578308105469,14,14
94,car,8,False,False,252,2026-03-02 15:54:19.843,36.0,942.6724853515625,283.8712158203125,12.337246894836426,70.98385620117188,15,15
94,car,8,False,False,253,2026-03-02 15:54:20.214,33.0,934.6107177734375,280.8616943359375,12.323873519897461,70.3981704711914,16,16
94,car,8,False,False,254,2026-03-02 15:54:20.572,34.0,927.278076171875,277.26934814453125,12.349769592285156,69.74595642089844,17,17
94,car,8,False,False,255,2026-03-02 15:54:20.932,33.0,919.3861694335938,274.17816162109375,12.343091011047363,69.1278305053711,18,18
94,car,9,False,False,256,2026-03-02 15:54:21.291,34.0,907.1029052734375,268.7261657714844,12.362021446228027,68.0510482788086,19,19
94,car,9,False,False,257,2026-03-02 15:54:21.650,35.0,898.4173583984375,264.85052490234375,12.376815795898438,67.26141357421875,20,20
94,car,9,False,False,258,2026-03-02 15:54:22.010,34.0,891.1776123046875,261.8158874511719,12.380147933959961,66.61479949951172,21,21
94,car,9,False,False,259,2026-03-02 15:54:22.369,34.0,884.1429443359375,258.810302734375,12.386192321777344,65.96422576904297,22,22
94,car,9,False,False,260,2026-03-02 15:54:22.730,34.0,877.5015869140625,256.3087463378906,12.375710487365723,65.3880615234375,23,23
94,car,9,False,False,261,2026-03-02 15:54:23.089,34.0,867.4093627929688,252.84188842773438,12.342984199523926,64.54437255859375,24,24
94,car,9,False,False,262,2026-03-02 15:54:23.452,35.0,859.3923950195312,249.54660034179688,12.343182563781738,63.77043533325195,24,24
94,car,9,False,False,263,2026-03-02 15:54:23.809,36.0,852.3399658203125,246.75961303710938,12.337749481201172,63.09200668334961,24,24
94,car,9,False,False,264,2026-03-02 15:54:24.171,35.0,846.2545166015625,244.28717041015625,12.336387634277344,62.48326110839844,24,24
94,car,9,False,False,265,2026-03-02 15:54:24.529,35.0,833.4739990234375,239.1005096435547,12.333136558532715,61.166961669921875,24,24
94,car,9,False,False,266,2026-03-02 15:54:24.903,36.0,824.9567260742188,235.30625915527344,12.348602294921875,60.1968994140625,24,24
94,car,9,False,False,267,2026-03-02 15:54:25.264,39.0,818.1134643554688,232.40652465820312,12.353463172912598,59.42416763305664,24,24
94,car,9,False,False,268,2026-03-02 15:54:25.629,39.0,812.6869506835938,229.91552734375,12.36768627166748,58.761138916015625,24,24
94,car,9,False,False,269,2026-03-02 15:54:25.997,36.0,807.78466796875,227.85940551757812,12.370251655578613,58.18899917602539,24,24
94,car,9,False,False,270,2026-03-02 15:54:26.362,36.0,798.06982421875,223.7252960205078,12.378747940063477,57.013633728027344,24,24
94,car,9,False,False,271,2026-03-02 15:54:26.725,36.0,791.1533813476562,221.2232666015625,12.360361099243164,56.245094299316406,24,24
94,car,9,False,False,272,2026-03-02 15:54:27.088,36.0,786.1243286132812,218.96090698242188,12.371634483337402,55.58015060424805,24,24
94,car,9,False,False,273,2026-03-02 15:54:27.450,36.0,781.4964599609375,217.16729736328125,12.365839958190918,55.02031326293945,24,24
94,car,9,False,False,274,2026-03-02 15:54:27.814,35.0,776.4302978515625,215.18853759765625,12.360265731811523,54.393898010253906,24,24
94,car,9,False,False,275,2026-03-02 15:54:28.177,35.0,767.747802734375,211.83270263671875,12.348430633544922,53.3028450012207,24,24
94,car,9,False,False,276,2026-03-02 15:54:28.536,36.0,761.9502563476562,209.61270141601562,12.339111328125,52.560874938964844,24,24
94,car,9,False,False,277,2026-03-02 15:54:28.899,36.0,757.584716796875,207.66818237304688,12.34807014465332,51.92616271972656,24,24
94,car,9,False,False,278,2026-03-02 15:54:29.263,36.0,752.9241943359375,205.66427612304688,12.35351276397705,51.25402069091797,24,24
94,car,9,False,False,279,2026-03-02 15:54:29.633,36.0,747.2811279296875,203.45668029785156,12.347051620483398,50.479087829589844,24,24
94,car,9,False,False,280,2026-03-02 15:54:30.008,36.0,739.8180541992188,200.79774475097656,12.322420120239258,49.49763488769531,24,24
94,car,9,False,False,281,2026-03-02 15:54:30.373,39.0,735.1677856445312,198.74078369140625,12.331318855285645,48.76699447631836,24,24
94,car,9,False,False,282,2026-03-02 15:54:30.737,39.0,730.5973510742188,196.93429565429688,12.326881408691406,48.09358215332031,24,24
94,car,9,False,False,283,2026-03-02 15:54:31.092,39.0,726.0735473632812,194.98507690429688,12.33249568939209,47.370784759521484,24,24
94,car,9,False,False,284,2026-03-02 15:54:31.454,39.0,719.6937866210938,192.6099395751953,12.31690788269043,46.43496322631836,24,24
94,car,9,False,False,285,2026-03-02 15:54:31.818,39.0,714.843994140625,190.5674591064453,12.319939613342285,45.639862060546875,24,24
94,car,9,False,False,286,2026-03-02 15:54:32.183,39.0,710.9412841796875,189.06900024414062,12.31307601928711,45.03144836425781,24,24
94,car,9,False,False,287,2026-03-02 15:54:32.548,39.0,706.02001953125,187.31317138671875,12.295598983764648,44.29168701171875,24,24
94,car,9,False,False,288,2026-03-02 15:54:32.910,39.0,702.1712036132812,186.06674194335938,12.273448944091797,43.74287796020508,24,24
94,car,9,False,False,289,2026-03-02 15:54:33.271,39.0,694.3065185546875,183.023681640625,12.260015487670898,42.44199752807617,24,24
94,car,9,False,False,290,2026-03-02 15:54:33.632,39.0,689.224609375,181.00009155273438,12.254932403564453,41.56098937988281,24,24
94,car,9,False,False,291,2026-03-02 15:54:33.990,39.0,684.9130249023438,179.12359619140625,12.261295318603516,40.745906829833984,24,24
94,car,9,False,False,292,2026-03-02 15:54:34.352,39.0,681.5023803710938,177.7703094482422,12.257508277893066,40.1341552734375,24,24
94,car,9,False,False,293,2026-03-02 15:54:34.733,39.0,678.3535766601562,176.6884765625,12.242521286010742,39.61900329589844,24,24
94,car,9,False,False,294,2026-03-02 15:54:35.091,39.0,672.4351806640625,174.43946838378906,12.228738784790039,38.55868148803711,24,24
94,car,9,False,False,295,2026-03-02 15:54:35.449,39.0,668.074462890625,172.68777465820312,12.22495174407959,37.7269401550293,24,24
94,car,9,False,False,296,2026-03-02 15:54:35.822,39.0,664.365478515625,171.5410614013672,12.19763469696045,37.13232421875,24,24
94,car,9,False,False,297,2026-03-02 15:54:36.184,39.0,661.24609375,170.4369354248047,12.184202194213867,36.57476043701172,24,24
94,car,9,False,False,298,2026-03-02 15:54:36.545,39.0,658.2808837890625,169.05169677734375,12.195030212402344,35.91254425048828,24,24
94,car,9,False,False,299,2026-03-02 15:54:36.900,39.0,652.35888671875,166.8587188720703,12.17593765258789,34.781734466552734,24,24
94,car,9,False,False,300,2026-03-02 15:54:37.259,39.0,648.367431640625,165.94712829589844,12.12203598022461,34.22589874267578,24,24
94,car,9,False,False,301,2026-03-02 15:54:37.616,39.0,645.5809326171875,164.78778076171875,12.121724128723145,33.62741470336914,24,24
94,car,9,False,False,302,2026-03-02 15:54:38.001,39.0,642.2421264648438,163.35507202148438,12.124517440795898,32.88236618041992,24,24
94,car,9,False,False,303,2026-03-02 15:54:38.358,39.0,638.7759399414062,161.93289184570312,12.122678756713867,32.12282180786133,24,24
94,car,9,False,False,304,2026-03-02 15:54:38.716,39.0,634.235595703125,159.84243774414062,12.137123107910156,31.013107299804688,24,24
94,car,9,False,False,305,2026-03-02 15:54:39.086,40.0,631.0130615234375,158.3525390625,12.148052215576172,30.206525802612305,24,24
94,car,9,False,False,306,2026-03-02 15:54:39.450,40.0,628.1903076171875,157.30413818359375,12.138383865356445,29.60053062438965,24,24
94,car,9,False,False,307,2026-03-02 15:54:39.813,39.0,625.2078247070312,156.18191528320312,12.12913703918457,28.945606231689453,24,24
94,car,9,False,False,308,2026-03-02 15:54:40.175,35.0,622.0274047851562,155.36138916015625,12.0904541015625,28.406238555908203,24,24
94,car,9,False,False,309,2026-03-02 15:54:40.539,39.0,617.872314453125,153.9779052734375,12.06313419342041,27.55140495300293,24,24
94,car,9,False,False,310,2026-03-02 15:54:40.905,36.0,614.77587890625,152.85719299316406,12.049382209777832,26.863405227661133,24,24
94,car,9,False,False,311,2026-03-02 15:54:41.265,40.0,611.7066650390625,151.57974243164062,12.048484802246094,26.093727111816406,24,24
94,car,9,False,False,312,2026-03-02 15:54:41.634,40.0,608.9736328125,150.21920776367188,12.0651273727417,25.29144859313965,24,24
94,car,9,False,False,313,2026-03-02 15:54:41.993,40.0,603.808837890625,148.52944946289062,12.027374267578125,24.1735897064209,24,24
94,car,9,False,False,314,2026-03-02 15:54:42.375,40.0,599.8662109375,146.9881591796875,12.018012046813965,23.178192138671875,24,24
94,car,9,False,False,315,2026-03-02 15:54:42.739,40.0,596.7697143554688,145.88906860351562,12.001594543457031,22.439586639404297,24,24
94,car,9,False,False,316,2026-03-02 15:54:43.099,40.0,594.65185546875,145.01681518554688,11.99993896484375,21.866348266601562,24,24
94,car,8,False,False,317,2026-03-02 15:54:43.460,39.0,592.280517578125,144.33787536621094,11.973967552185059,21.372211456298828,24,24
94,car,9,False,False,318,2026-03-02 15:54:43.819,39.0,587.885986328125,142.4541015625,11.97619342803955,20.11163902282715,24,24
94,car,9,False,False,319,2026-03-02 15:54:44.178,40.0,584.669677734375,141.07498168945312,11.977890014648438,19.169326782226562,24,24
94,car,8,False,False,320,2026-03-02 15:54:44.541,40.0,582.295166015625,140.27615356445312,11.960963249206543,18.5838565826416,24,24
94,car,8,False,False,321,2026-03-02 15:54:44.896,40.0,580.1617431640625,139.87806701660156,11.91907024383545,18.230255126953125,24,24
94,car,8,False,False,322,2026-03-02 15:54:45.258,40.0,576.35986328125,138.35321044921875,11.911683082580566,17.13477897644043,24,24
94,car,8,False,False,323,2026-03-02 15:54:45.636,40.0,573.25732421875,137.36810302734375,11.883724212646484,16.373794555664062,24,24
94,car,8,False,False,324,2026-03-02 15:54:46.035,40.0,570.958984375,136.95286560058594,11.836302757263184,15.98621654510498,24,24
94,car,8,False,False,325,2026-03-02 15:54:46.397,40.0,569.1522827148438,136.21652221679688,11.833325386047363,15.440186500549316,24,24
94,car,8,False,False,326,2026-03-02 15:54:46.761,40.0,566.7254028320312,135.0159912109375,11.847257614135742,14.572245597839355,24,24
94,car,8,False,False,327,2026-03-02 15:54:47.129,40.0,562.9752197265625,133.53030395507812,11.83740234375,13.429091453552246,24,24
94,car,8,False,False,328,2026-03-02 15:54:47.495,39.0,559.9987182617188,132.75534057617188,11.794520378112793,12.755247116088867,24,24
94,car,8,False,False,329,2026-03-02 15:54:47.863,39.0,557.7175903320312,132.36952209472656,11.74339485168457,12.36327075958252,24,24
94,car,8,False,False,330,2026-03-02 15:54:48.311,39.0,555.9155883789062,131.6456298828125,11.738945007324219,11.789302825927734,24,24
94,car,8,False,False,331,2026-03-02 15:54:48.762,40.0,553.45361328125,130.4415283203125,11.751542091369629,10.85833740234375,24,24
94,car,8,False,False,332,2026-03-02 15:54:49.142,40.0,550.3958740234375,129.37847900390625,11.72940444946289,9.962355613708496,24,24
94,car,8,False,False,333,2026-03-02 15:54:49.520,40.0,548.1242065429688,128.98440551757812,11.67793083190918,9.54773998260498,24,24
94,car,8,False,False,334,2026-03-02 15:54:49.901,39.0,545.9667358398438,128.11959838867188,11.67189884185791,8.827004432678223,24,24
94,car,8,False,False,335,2026-03-02 15:54:50.283,38.0,543.66748046875,127.39170837402344,11.648208618164062,8.179372787475586,24,24
94,car,8,False,False,336,2026-03-02 15:54:50.672,36.0,541.720947265625,126.75325012207031,11.629929542541504,7.610603332519531,24,24
94,car,8,False,False,337,2026-03-02 15:54:51.046,36.0,537.95458984375,125.38288879394531,11.606155395507812,6.4013352394104,24,24
94,car,8,False,False,338,2026-03-02 15:54:51.536,36.0,535.4727783203125,124.26277923583984,11.609810829162598,5.438174247741699,24,24
94,car,8,False,False,339,2026-03-02 15:54:51.909,36.0,533.02490234375,123.58110046386719,11.575047492980957,4.775599956512451,24,24
53,car,4,False,False,241,2026-03-02 15:54:15.862,0.0,378.66668701171875,142.31289672851562,4.440335750579834,6.657019138336182,1,1
53,car,4,False,False,242,2026-03-02 15:54:16.220,11.0,379.2562255859375,142.57247924804688,4.4524993896484375,6.862600803375244,2,2
53,car,4,False,False,243,2026-03-02 15:54:16.574,12.0,379.7944030761719,142.9269256591797,4.459039688110352,7.1244587898254395,3,3
53,car,4,False,False,244,2026-03-02 15:54:16.929,14.0,380.321044921875,143.47836303710938,4.457552433013916,7.508941650390625,4,4
53,car,4,False,False,245,2026-03-02 15:54:17.286,13.0,380.76495361328125,143.82347106933594,4.460887908935547,7.755721092224121,5,5
53,car,4,False,False,246,2026-03-02 15:54:17.643,13.0,381.4775390625,144.09283447265625,4.477100849151611,7.971628665924072,6,6
53,car,4,False,False,247,2026-03-02 15:54:18.005,13.0,382.1207275390625,144.44845581054688,4.487373352050781,8.236001968383789,7,7
53,car,4,False,False,248,2026-03-02 15:54:18.370,13.0,382.49371337890625,144.75424194335938,4.489499092102051,8.450591087341309,8,8
53,car,4,False,False,249,2026-03-02 15:54:18.732,12.0,382.8505554199219,144.87969970703125,4.49791145324707,8.551687240600586,9,9
53,car,4,False,False,250,2026-03-02 15:54:19.095,13.0,383.46063232421875,145.21817016601562,4.507517337799072,8.800653457641602,10,10
53,car,4,False,False,251,2026-03-02 15:54:19.459,13.0,384.36810302734375,145.54342651367188,4.5285420417785645,9.059704780578613,11,11
53,car,4,False,False,252,2026-03-02 15:54:19.843,13.0,384.9223327636719,145.9251708984375,4.534331798553467,9.329304695129395,12,12
53,car,4,False,False,253,2026-03-02 15:54:20.213,13.0,385.50628662109375,146.3206787109375,4.540657997131348,9.60787296295166,13,13
53,car,4,False,False,254,2026-03-02 15:54:20.572,13.0,385.9371032714844,146.67828369140625,4.542797088623047,9.852301597595215,14,14
53,car,4,False,False,255,2026-03-02 15:54:20.932,13.0,386.37677001953125,147.28814697265625,4.535672664642334,10.247773170471191,15,15
53,car,4,False,False,256,2026-03-02 15:54:21.291,13.0,386.9381103515625,147.62147521972656,4.543473720550537,10.483125686645508,16,16
53,car,4,False,False,257,2026-03-02 15:54:21.650,13.0,387.5502014160156,148.1048126220703,4.547410488128662,10.809820175170898,17,17
53,car,4,False,False,258,2026-03-02 15:54:22.010,13.0,388.1094665527344,148.77886962890625,4.542236328125,11.243569374084473,18,18
53,car,4,False,False,259,2026-03-02 15:54:22.369,13.0,388.52008056640625,149.7369384765625,4.521162986755371,11.829875946044922,19,19
53,car,4,False,False,260,2026-03-02 15:54:22.730,13.0,389.01995849609375,149.9630584716797,4.530667781829834,11.992460250854492,20,20
53,car,4,False,False,261,2026-03-02 15:54:23.089,13.0,389.6561279296875,149.74972534179688,4.561451435089111,11.908441543579102,21,21
53,car,4,False,False,262,2026-03-02 15:54:23.452,13.0,390.12451171875,150.65475463867188,4.544426441192627,12.460527420043945,22,22
53,car,4,False,False,263,2026-03-02 15:54:23.809,13.0,390.58624267578125,151.01431274414062,4.5475287437438965,12.69528579711914,23,23
53,car,4,False,False,264,2026-03-02 15:54:24.170,13.0,390.97491455078125,150.94305419921875,4.564017295837402,12.67861270904541,24,24
53,car,4,False,False,265,2026-03-02 15:54:24.528,13.0,391.762939453125,152.31715393066406,4.541122913360596,13.506875991821289,24,24
53,car,4,False,False,266,2026-03-02 15:54:24.903,13.0,392.20947265625,152.91583251953125,4.534897327423096,13.869817733764648,24,24
53,car,4,False,False,267,2026-03-02 15:54:25.264,13.0,392.64593505859375,153.28749084472656,4.536648750305176,14.103521347045898,24,24
53,car,4,False,False,268,2026-03-02 15:54:25.629,13.0,393.07659912109375,153.51719665527344,4.543370246887207,14.25721263885498,24,24
53,car,4,False,False,269,2026-03-02 15:54:25.997,13.0,393.3921813964844,153.88949584960938,4.5408430099487305,14.482232093811035,24,24
53,car,4,False,False,270,2026-03-02 15:54:26.361,13.0,393.99774169921875,154.74386596679688,4.530953407287598,14.98773193359375,24,24
53,car,4,False,False,271,2026-03-02 15:54:26.725,13.0,394.5740051269531,154.8775634765625,4.546165943145752,15.095307350158691,24,24
53,car,4,False,False,272,2026-03-02 15:54:27.088,13.0,394.93804931640625,154.9744110107422,4.5553131103515625,15.169909477233887,24,24
53,car,4,False,False,273,2026-03-02 15:54:27.450,13.0,395.06097412109375,155.2564239501953,4.54936408996582,15.330490112304688,24,24
53,car,4,False,False,274,2026-03-02 15:54:27.814,13.0,395.820556640625,155.89926147460938,4.5524516105651855,15.723135948181152,24,24
53,car,4,False,False,275,2026-03-02 15:54:28.177,13.0,396.8653869628906,156.75689697265625,4.557616233825684,16.24419593811035,24,24
53,car,4,False,False,276,2026-03-02 15:54:28.536,13.0,397.5610656738281,157.37619018554688,4.559298038482666,16.613712310791016,24,24
53,car,4,False,False,277,2026-03-02 15:54:28.899,12.0,398.09222412109375,157.71856689453125,4.565235137939453,16.825456619262695,24,24
53,car,4,False,False,278,2026-03-02 15:54:29.263,12.0,398.600830078125,158.04574584960938,4.570920944213867,17.027055740356445,24,24
53,car,4,False,False,279,2026-03-02 15:54:29.633,12.0,399.12255859375,158.25523376464844,4.581233978271484,17.167198181152344,24,24
53,car,4,False,False,280,2026-03-02 15:54:30.008,12.0,399.8546142578125,158.7364501953125,4.588972568511963,17.460586547851562,24,24
53,car,4,False,False,281,2026-03-02 15:54:30.373,12.0,400.37371826171875,159.04656982421875,4.5955424308776855,17.651531219482422,24,24
53,car,4,False,False,282,2026-03-02 15:54:30.737,11.0,400.9083251953125,159.25595092773438,4.606203079223633,17.790739059448242,24,24
53,car,4,False,False,283,2026-03-02 15:54:31.092,12.0,401.4390869140625,159.7552490234375,4.606381893157959,18.078262329101562,24,24
53,car,4,False,False,284,2026-03-02 15:54:31.454,12.0,402.0093078613281,160.14305114746094,4.611845016479492,18.30954360961914,24,24
53,car,4,False,False,285,2026-03-02 15:54:31.818,12.0,402.563232421875,160.61978149414062,4.613584518432617,18.583982467651367,24,24
53,car,4,False,False,286,2026-03-02 15:54:32.183,12.0,403.0295715332031,161.13601684570312,4.610983848571777,18.871828079223633,24,24
53,car,4,False,False,287,2026-03-02 15:54:32.548,12.0,403.39410400390625,161.34133911132812,4.615947246551514,18.99606704711914,24,24
53,car,4,False,False,288,2026-03-02 15:54:32.910,12.0,404.01678466796875,161.9078369140625,4.616799354553223,19.31552505493164,24,24
53,car,4,False,False,289,2026-03-02 15:54:33.271,12.0,404.8949279785156,162.7568359375,4.616238594055176,19.787321090698242,24,24
53,car,4,False,False,290,2026-03-02 15:54:33.632,12.0,405.71588134765625,163.35333251953125,4.6225972175598145,20.127561569213867,24,24
53,car,4,False,False,291,2026-03-02 15:54:33.990,12.0,406.3284912109375,163.61927795410156,4.6335649490356445,20.29235076904297,24,24
53,car,4,False,False,292,2026-03-02 15:54:34.352,12.0,406.94219970703125,164.0399627685547,4.639134407043457,20.532089233398438,24,24
53,car,4,False,False,293,2026-03-02 15:54:34.733,12.0,407.31982421875,164.38775634765625,4.639451503753662,20.722179412841797,24,24
53,car,4,False,False,294,2026-03-02 15:54:35.090,12.0,408.0643615722656,165.13072204589844,4.638089179992676,21.1223201751709,24,24
53,car,4,False,False,295,2026-03-02 15:54:35.449,12.0,408.66046142578125,165.54713439941406,4.6431732177734375,21.35502815246582,24,24
53,car,4,False,False,296,2026-03-02 15:54:35.822,12.0,409.07501220703125,165.7786865234375,4.648700714111328,21.48854637145996,24,24
53,car,4,False,False,297,2026-03-02 15:54:36.184,12.0,409.4663391113281,165.98153686523438,4.654448986053467,21.606775283813477,24,24
53,car,4,False,False,298,2026-03-02 15:54:36.545,12.0,410.03277587890625,166.23757934570312,4.664044380187988,21.759605407714844,24,24
53,car,4,False,False,299,2026-03-02 15:54:36.900,12.0,410.9105224609375,166.69686889648438,4.676697254180908,22.025033950805664,24,24
53,car,4,False,False,300,2026-03-02 15:54:37.259,12.0,411.6904602050781,167.29153442382812,4.6814494132995605,22.34716796875,24,24
53,car,4,False,False,301,2026-03-02 15:54:37.616,12.0,412.2613220214844,167.65481567382812,4.687384605407715,22.548049926757812,24,24
53,car,4,False,False,302,2026-03-02 15:54:38.001,12.0,412.837890625,168.01943969726562,4.693432807922363,22.749048233032227,24,24
53,car,4,False,False,303,2026-03-02 15:54:38.358,12.0,413.3046875,168.61114501953125,4.688142776489258,23.048120498657227,24,24
53,car,4,False,False,304,2026-03-02 15:54:38.716,12.0,414.1512451171875,169.30947875976562,4.691399574279785,23.414527893066406,24,24
53,car,4,False,False,305,2026-03-02 15:54:39.086,12.0,414.7579040527344,169.62042236328125,4.700175762176514,23.58910369873047,24,24
53,car,4,False,False,306,2026-03-02 15:54:39.450,12.0,415.38555908203125,170.05569458007812,4.705353736877441,23.820602416992188,24,24
53,car,4,False,False,307,2026-03-02 15:54:39.813,12.0,415.8232421875,170.83056640625,4.692953586578369,24.193796157836914,24,24
53,car,4,False,False,308,2026-03-02 15:54:40.175,12.0,416.2566223144531,171.19125366210938,4.694486618041992,24.378652572631836,24,24
53,car,4,False,False,309,2026-03-02 15:54:40.538,12.0,416.94677734375,171.6603240966797,4.700467586517334,24.62466812133789,24,24
53,car,4,False,False,310,2026-03-02 15:54:40.905,12.0,417.40643310546875,172.0181884765625,4.702901840209961,24.807979583740234,24,24
53,car,4,False,False,311,2026-03-02 15:54:41.265,12.0,418.04071044921875,172.17416381835938,4.717621803283691,24.91053009033203,24,24
53,car,4,False,False,312,2026-03-02 15:54:41.634,10.0,418.48602294921875,172.32199096679688,4.726646423339844,24.999343872070312,24,24
53,car,4,False,False,313,2026-03-02 15:54:41.993,10.0,419.685791015625,173.11380004882812,4.737610816955566,25.41045379638672,24,24
53,car,4,False,False,314,2026-03-02 15:54:42.375,12.0,420.473876953125,173.7313995361328,4.741487979888916,25.720962524414062,24,24
53,car,4,False,False,315,2026-03-02 15:54:42.739,12.0,421.2274169921875,174.21189880371094,4.748856544494629,25.96841049194336,24,24
53,car,4,False,False,316,2026-03-02 15:54:43.099,12.0,421.7745666503906,174.56777954101562,4.753949165344238,26.150283813476562,24,24
53,car,4,False,False,317,2026-03-02 15:54:43.460,10.0,422.2119140625,174.9410400390625,4.7550368309021,26.333234786987305,24,24
53,car,4,False,False,318,2026-03-02 15:54:43.819,10.0,422.931396484375,175.48330688476562,4.759209156036377,26.60205841064453,24,24
53,car,4,False,False,319,2026-03-02 15:54:44.178,11.0,423.5409851074219,175.92947387695312,4.763167381286621,26.822980880737305,24,24
53,car,4,False,False,320,2026-03-02 15:54:44.541,11.0,424.0196533203125,176.07833862304688,4.772966384887695,26.910572052001953,24,24
53,car,4,False,False,321,2026-03-02 15:54:44.896,11.0,424.43536376953125,176.26722717285156,4.779477119445801,27.011690139770508,24,24
53,car,4,False,False,322,2026-03-02 15:54:45.258,11.0,425.095458984375,176.87326049804688,4.779609203338623,27.300365447998047,24,24
53,car,4,False,False,323,2026-03-02 15:54:45.636,11.0,425.67718505859375,177.3767547607422,4.78073787689209,27.54049301147461,24,24
53,car,4,False,False,324,2026-03-02 15:54:46.035,12.0,426.3807373046875,177.852294921875,4.786502361297607,27.7739315032959,24,24
53,car,4,False,False,325,2026-03-02 15:54:46.397,12.0,426.9376220703125,178.08526611328125,4.7957844734191895,27.89859390258789,24,24
53,car,4,False,False,326,2026-03-02 15:54:46.761,11.0,427.4079284667969,178.37313842773438,4.800593376159668,28.041210174560547,24,24
53,car,4,False,False,327,2026-03-02 15:54:47.129,11.0,428.2840576171875,178.91661071777344,4.809274196624756,28.308673858642578,24,24
53,car,4,False,False,328,2026-03-02 15:54:47.495,12.0,428.9635009765625,179.5359649658203,4.809458255767822,28.595643997192383,24,24
53,car,4,False,False,329,2026-03-02 15:54:47.863,11.0,429.6256103515625,179.93582153320312,4.816320896148682,28.79109001159668,24,24
53,car,4,False,False,330,2026-03-02 15:54:48.311,10.0,430.2649841308594,180.33302307128906,4.822556972503662,28.98351287841797,24,24
53,car,4,False,False,331,2026-03-02 15:54:48.762,10.0,430.8428649902344,180.55506896972656,4.832663536071777,29.101688385009766,24,24
53,car,4,False,False,332,2026-03-02 15:54:49.142,10.0,431.52191162109375,180.832763671875,4.843957424163818,29.246919631958008,24,24
53,car,4,False,False,333,2026-03-02 15:54:49.518,10.0,431.9163818359375,181.1922607421875,4.844001770019531,29.41030502319336,24,24
53,car,4,False,False,334,2026-03-02 15:54:49.901,10.0,432.5503845214844,181.62176513671875,4.848921775817871,29.612749099731445,24,24
53,car,4,False,False,335,2026-03-02 15:54:50.283,10.0,433.1329040527344,182.2349853515625,4.846287250518799,29.88436508178711,24,24
53,car,4,False,False,336,2026-03-02 15:54:50.672,10.0,433.5703125,182.63735961914062,4.846209526062012,30.064374923706055,24,24
53,car,4,False,False,337,2026-03-02 15:54:51.046,10.0,434.5362854003906,183.10699462890625,4.859638214111328,30.29579734802246,24,24
53,car,4,False,False,338,2026-03-02 15:54:51.536,10.0,435.1150817871094,183.58377075195312,4.8613057136535645,30.51000213623047,24,24
53,car,4,False,False,339,2026-03-02 15:54:51.909,10.0,435.59075927734375,184.0860595703125,4.85909366607666,30.72803497314453,24,24
53,car,4,False,False,340,2026-03-02 15:54:52.266,10.0,436.0552978515625,184.31640625,4.86535120010376,30.839595794677734,24,24
53,car,4,False,False,341,2026-03-02 15:54:52.627,10.0,436.71539306640625,184.46456909179688,4.880015850067139,30.9287052154541,24,24
53,car,4,False,False,342,2026-03-02 15:54:52.993,10.0,437.28668212890625,184.79547119140625,4.886120796203613,31.083576202392578,24,24
53,car,4,False,False,343,2026-03-02 15:54:53.356,10.0,437.90753173828125,185.2323455810547,4.890233993530273,31.280813217163086,24,24
53,car,4,False,False,344,2026-03-02 15:54:53.721,10.0,438.36468505859375,185.40843200683594,4.897953987121582,31.37001609802246,24,24
53,car,4,False,False,345,2026-03-02 15:54:54.084,10.0,438.73504638671875,185.52198791503906,4.905138969421387,31.431087493896484,24,24
53,car,4,False,False,346,2026-03-02 15:54:54.446,10.0,439.52178955078125,186.07211303710938,4.9103875160217285,31.67764663696289,24,24
53,car,4,False,False,347,2026-03-02 15:54:54.826,9.0,440.06182861328125,186.39556884765625,4.915719032287598,31.82567596435547,24,24
53,car,4,False,False,348,2026-03-02 15:54:55.186,9.0,440.41741943359375,186.58587646484375,4.919951438903809,31.914348602294922,24,24
53,car,4,False,False,349,2026-03-02 15:54:55.555,9.0,440.96820068359375,186.85073852539062,4.927453994750977,32.04013442993164,24,24
53,car,4,False,False,350,2026-03-02 15:54:55.929,9.0,441.4432373046875,187.41265869140625,4.9231791496276855,32.272945404052734,24,24
53,car,4,False,False,351,2026-03-02 15:54:56.290,9.0,442.126708984375,187.93124389648438,4.926349639892578,32.498252868652344,24,24
53,car,4,False,False,352,2026-03-02 15:54:56.655,8.0,442.6103515625,188.14073181152344,4.933627128601074,32.5987434387207,24,24
53,car,4,False,False,353,2026-03-02 15:54:57.018,8.0,442.98187255859375,188.18785095214844,4.942856311798096,32.633724212646484,24,24
53,car,4,False,False,354,2026-03-02 15:54:57.431,8.0,443.42156982421875,188.36557006835938,4.949856758117676,32.72013473510742,24,24
53,car,4,False,False,355,2026-03-02 15:54:57.793,8.0,443.92620849609375,189.08883666992188,4.941248416900635,33.009849548339844,24,24
53,car,4,False,False,356,2026-03-02 15:54:58.151,9.0,444.6204833984375,189.56500244140625,4.94600772857666,33.2164192199707,24,24
53,car,4,False,False,357,2026-03-02 15:54:58.519,8.0,445.1658935546875,189.87347412109375,4.9518208503723145,33.35418701171875,24,24
53,car,4,False,False,358,2026-03-02 15:54:58.879,7.0,445.8642578125,190.1265106201172,4.963758945465088,33.478580474853516,24,24
53,car,4,False,False,359,2026-03-02 15:54:59.239,7.0,446.45416259765625,190.36204528808594,4.973124027252197,33.59128189086914,24,24
53,car,4,False,False,360,2026-03-02 15:54:59.599,7.0,446.924560546875,190.8837890625,4.969944000244141,33.801143646240234,24,24
101,car,8,False,False,253,2026-03-02 15:54:20.214,0.0,1107.6131591796875,352.34173583984375,12.311361312866211,81.30256652832031,1,1
101,car,8,False,False,254,2026-03-02 15:54:20.572,36.0,1094.066650390625,346.9579162597656,12.304454803466797,80.62100219726562,2,2
101,car,8,False,False,255,2026-03-02 15:54:20.932,35.0,1082.3201904296875,342.03509521484375,12.307608604431152,79.99346160888672,3,3
101,car,8,False,False,256,2026-03-02 15:54:21.291,36.0,1062.6123046875,333.2820129394531,12.331645965576172,78.85984802246094,4,4
101,car,8,False,False,257,2026-03-02 15:54:21.650,39.0,1049.4765625,327.51531982421875,12.3457670211792,78.07791137695312,5,5
101,car,8,False,False,258,2026-03-02 15:54:22.010,37.0,1037.5029296875,322.70111083984375,12.34186840057373,77.38145446777344,6,6
101,car,8,False,False,259,2026-03-02 15:54:22.369,36.0,1026.90625,318.3166198730469,12.343194961547852,76.73674774169922,7,7
101,car,8,False,False,260,2026-03-02 15:54:22.730,36.0,1016.3932495117188,314.3591613769531,12.328920364379883,76.11749267578125,8,8
101,car,8,False,False,261,2026-03-02 15:54:23.089,36.0,1000.9715576171875,308.155029296875,12.32348918914795,75.14153289794922,9,9
101,car,8,False,False,262,2026-03-02 15:54:23.452,37.0,989.2178955078125,302.6611633300781,12.350753784179688,74.29243469238281,10,10
101,car,8,False,False,263,2026-03-02 15:54:23.809,38.0,978.5107421875,298.20794677734375,12.353272438049316,73.55262756347656,11,11
101,car,8,False,False,264,2026-03-02 15:54:24.171,37.0,969.9749755859375,294.6049499511719,12.357574462890625,72.9416732788086,12,12
101,car,9,False,False,265,2026-03-02 15:54:24.529,38.0,951.690673828125,286.27337646484375,12.393898963928223,71.51115417480469,13,13
101,car,9,False,False,266,2026-03-02 15:54:24.903,39.0,939.0570068359375,280.77642822265625,12.408607482910156,70.50787353515625,14,14
101,car,9,False,False,267,2026-03-02 15:54:25.264,40.0,928.9034423828125,276.53424072265625,12.412883758544922,69.69658660888672,15,15
101,car,9,False,False,268,2026-03-02 15:54:25.629,39.0,920.473876953125,273.27862548828125,12.404349327087402,69.0399169921875,16,16
101,car,9,False,False,269,2026-03-02 15:54:25.997,38.0,913.025634765625,270.2347412109375,12.404367446899414,68.42449951171875,17,17
101,car,9,False,False,270,2026-03-02 15:54:26.362,39.0,899.6402587890625,264.679931640625,12.408387184143066,67.27265930175781,18,18
101,car,9,False,False,271,2026-03-02 15:54:26.725,40.0,890.6239013671875,260.5573425292969,12.429410934448242,66.41468811035156,19,19
101,car,9,False,False,272,2026-03-02 15:54:27.088,39.0,883.0777587890625,257.7540283203125,12.416133880615234,65.77421569824219,20,20
101,car,9,False,False,273,2026-03-02 15:54:27.450,38.0,876.7429809570312,255.2166748046875,12.413749694824219,65.19786071777344,21,21
101,car,9,False,False,274,2026-03-02 15:54:27.814,37.0,870.0840454101562,252.1021728515625,12.433279037475586,64.50955200195312,22,22
101,car,9,False,False,275,2026-03-02 15:54:28.177,38.0,858.3595581054688,246.9874725341797,12.450139045715332,63.319026947021484,23,23
101,car,9,False,False,276,2026-03-02 15:54:28.536,39.0,849.9166870117188,243.72117614746094,12.441368103027344,62.503597259521484,24,24
101,car,9,False,False,277,2026-03-02 15:54:28.899,39.0,843.2474365234375,241.21974182128906,12.430220603942871,61.85832977294922,24,24
101,car,9,False,False,278,2026-03-02 15:54:29.263,39.0,836.4669189453125,238.33566284179688,12.436420440673828,61.12808609008789,24,24
101,car,9,False,False,279,2026-03-02 15:54:29.633,39.0,829.390380859375,235.55319213867188,12.431036949157715,60.38981246948242,24,24
101,car,9,False,False,280,2026-03-02 15:54:30.008,39.0,818.76904296875,231.22129821777344,12.431072235107422,59.22031021118164,24,24
101,car,9,False,False,281,2026-03-02 15:54:30.373,39.0,811.8642578125,228.4063720703125,12.431031227111816,58.437767028808594,24,24
101,car,9,False,False,282,2026-03-02 15:54:30.737,39.0,805.635986328125,225.9656982421875,12.425594329833984,57.735931396484375,24,24
101,car,9,False,False,283,2026-03-02 15:54:31.092,39.0,799.1669921875,223.45135498046875,12.418684005737305,56.9958610534668,24,24
101,car,9,False,False,284,2026-03-02 15:54:31.454,39.0,790.4172973632812,219.67083740234375,12.43045425415039,55.88814926147461,24,24
101,car,9,False,False,285,2026-03-02 15:54:31.818,39.0,783.9022216796875,217.12716674804688,12.424006462097168,55.09949493408203,24,24
101,car,9,False,False,286,2026-03-02 15:54:32.183,39.0,778.2489013671875,214.9652099609375,12.415696144104004,54.41102600097656,24,24
101,car,9,False,False,287,2026-03-02 15:54:32.548,41.0,772.8404541015625,212.43800354003906,12.434226989746094,53.63447952270508,24,24
101,car,9,False,False,288,2026-03-02 15:54:32.910,39.0,768.082275390625,211.00701904296875,12.40444564819336,53.12291717529297,24,24
101,car,9,False,False,289,2026-03-02 15:54:33.271,39.0,757.2821044921875,206.71441650390625,12.397270202636719,51.682106018066406,24,24
101,car,9,False,False,290,2026-03-02 15:54:33.632,39.0,749.7822265625,203.77963256835938,12.3893404006958,50.659584045410156,24,24
101,car,9,False,False,291,2026-03-02 15:54:33.990,39.0,744.421630859375,201.76132202148438,12.378711700439453,49.93201446533203,24,24
101,car,9,False,False,292,2026-03-02 15:54:34.352,39.0,740.2531127929688,199.97059631347656,12.383866310119629,49.2985954284668,24,24
101,car,9,False,False,293,2026-03-02 15:54:34.733,39.0,735.921875,198.4130096435547,12.37057876586914,48.710208892822266,24,24
101,car,9,False,False,294,2026-03-02 15:54:35.091,39.0,728.0672607421875,195.32984924316406,12.362139701843262,47.549190521240234,24,24
101,car,9,False,False,295,2026-03-02 15:54:35.449,39.0,722.235595703125,192.9292755126953,12.362770080566406,46.63304901123047,24,24
101,car,9,False,False,296,2026-03-02 15:54:35.822,39.0,717.6370849609375,191.14544677734375,12.356303215026855,45.92704391479492,24,24
101,car,9,False,False,297,2026-03-02 15:54:36.184,39.0,714.4163818359375,189.80279541015625,12.35770320892334,45.39776611328125,24,24
101,car,9,False,False,298,2026-03-02 15:54:36.545,39.0,710.0435180664062,188.21449279785156,12.344420433044434,44.73810577392578,24,24
101,car,9,False,False,299,2026-03-02 15:54:36.900,39.0,702.5155029296875,185.03652954101562,12.35019302368164,43.44032287597656,24,24
101,car,9,False,False,300,2026-03-02 15:54:37.259,39.0,697.9732666015625,183.4586181640625,12.331226348876953,42.74436569213867,24,24
101,car,9,False,False,301,2026-03-02 15:54:37.616,39.0,694.085693359375,182.1162109375,12.314207077026367,42.142250061035156,24,24
101,car,9,False,False,302,2026-03-02 15:54:38.001,39.0,690.282470703125,180.74990844726562,12.300880432128906,41.527740478515625,24,24
101,car,9,False,False,303,2026-03-02 15:54:38.358,39.0,685.8773193359375,178.95021057128906,12.299888610839844,40.73274230957031,24,24
101,car,9,False,False,304,2026-03-02 15:54:38.716,39.0,680.288818359375,176.6263885498047,12.301389694213867,39.688568115234375,24,24
101,car,9,False,False,305,2026-03-02 15:54:39.086,39.0,676.2841796875,174.9505157470703,12.303224563598633,38.92076110839844,24,24
101,car,9,False,False,306,2026-03-02 15:54:39.450,39.0,672.5130004882812,173.51300048828125,12.295181274414062,38.23507308959961,24,24
101,car,9,False,False,307,2026-03-02 15:54:39.813,37.0,668.5095825195312,172.12933349609375,12.276521682739258,37.546878814697266,24,24
101,car,9,False,False,308,2026-03-02 15:54:40.175,37.0,664.590087890625,170.72804260253906,12.261265754699707,36.84580612182617,24,24
101,car,9,False,False,309,2026-03-02 15:54:40.539,37.0,659.4573974609375,168.74659729003906,12.25135326385498,35.85615158081055,24,24
101,car,9,False,False,310,2026-03-02 15:54:40.905,37.0,655.49951171875,167.49774169921875,12.223546028137207,35.18498992919922,24,24
101,car,9,False,False,311,2026-03-02 15:54:41.265,37.0,652.0900268554688,166.35446166992188,12.204129219055176,34.5729866027832,24,24
101,car,9,False,False,312,2026-03-02 15:54:41.635,37.0,648.9713134765625,164.91233825683594,12.214866638183594,33.849945068359375,24,24
101,car,9,False,False,313,2026-03-02 15:54:41.993,37.0,642.7828369140625,162.28524780273438,12.219383239746094,32.47609329223633,24,24
101,car,9,False,False,314,2026-03-02 15:54:42.375,37.0,638.2853393554688,160.58056640625,12.20751667022705,31.537029266357422,24,24
101,car,9,False,False,315,2026-03-02 15:54:42.739,37.0,634.5947875976562,159.4088134765625,12.1806058883667,30.848827362060547,24,24
101,car,9,False,False,316,2026-03-02 15:54:43.099,37.0,631.81396484375,158.66485595703125,12.14966106414795,30.383468627929688,24,24
101,car,9,False,False,317,2026-03-02 15:54:43.460,37.0,629.2630615234375,157.84442138671875,12.131397247314453,29.89318084716797,24,24
101,car,9,False,False,318,2026-03-02 15:54:43.819,37.0,624.2689208984375,155.81724548339844,12.127066612243652,28.732555389404297,24,24
101,car,9,False,False,319,2026-03-02 15:54:44.182,37.0,620.97705078125,154.20199584960938,12.145583152770996,27.825725555419922,24,24
101,car,9,False,False,320,2026-03-02 15:54:44.541,37.0,618.2135009765625,153.22853088378906,12.131772994995117,27.227235794067383,24,24
101,car,9,False,False,321,2026-03-02 15:54:44.896,37.0,615.73095703125,152.43997192382812,12.112560272216797,26.723478317260742,24,24
101,car,9,False,False,322,2026-03-02 15:54:45.258,37.0,611.014892578125,150.54571533203125,12.106545448303223,25.56433868408203,24,24
101,car,9,False,False,323,2026-03-02 15:54:45.636,36.0,607.43994140625,149.55056762695312,12.067118644714355,24.881330490112305,24,24
101,car,9,False,False,324,2026-03-02 15:54:46.035,36.0,604.5037841796875,148.523193359375,12.050957679748535,24.210908889770508,24,24
101,car,9,False,False,325,2026-03-02 15:54:46.397,36.0,602.71435546875,147.484375,12.073836326599121,23.593299865722656,24,24
101,car,9,False,False,326,2026-03-02 15:54:46.763,36.0,599.74755859375,146.44451904296875,12.057480812072754,22.897705078125,24,24
101,car,9,False,False,327,2026-03-02 15:54:47.129,36.0,594.9288940429688,144.78945922851562,12.0277099609375,21.76561737060547,24,24
101,car,8,False,False,328,2026-03-02 15:54:47.495,36.0,591.6978759765625,144.02064514160156,11.979722023010254,21.171550750732422,24,24
101,car,8,False,False,329,2026-03-02 15:54:47.863,36.0,589.1315307617188,143.3385009765625,11.947051048278809,20.657548904418945,24,24
101,car,8,False,False,330,2026-03-02 15:54:48.311,36.0,586.8060913085938,142.29251098632812,11.952075004577637,19.958988189697266,24,24
101,car,8,False,False,331,2026-03-02 15:54:48.762,36.0,584.043701171875,140.976318359375,11.964204788208008,19.076717376708984,24,24
101,car,8,False,False,332,2026-03-02 15:54:49.142,36.0,580.330810546875,139.68692016601562,11.940873146057129,18.1346492767334,24,24
101,car,8,False,False,333,2026-03-02 15:54:49.520,36.0,577.9723510742188,138.93991088867188,11.91983699798584,17.56833839416504,24,24
101,car,8,False,False,334,2026-03-02 15:54:49.901,36.0,575.5994262695312,138.0341033935547,11.911370277404785,16.90496253967285,24,24
101,car,8,False,False,335,2026-03-02 15:54:50.283,36.0,572.9822998046875,137.25457763671875,11.883430480957031,16.290733337402344,24,24
101,car,8,False,False,336,2026-03-02 15:54:50.672,36.0,570.4466552734375,136.42176818847656,11.862619400024414,15.644062042236328,24,24
101,car,8,False,False,337,2026-03-02 15:54:51.046,36.0,565.8872680664062,134.84634399414062,11.831230163574219,14.415987014770508,24,24
101,car,8,False,False,338,2026-03-02 15:54:51.536,36.0,562.7718505859375,133.3626708984375,11.844353675842285,13.313260078430176,24,24
101,car,8,False,False,339,2026-03-02 15:54:51.909,36.0,559.8461303710938,132.69752502441406,11.793868064880371,12.70932674407959,24,24
101,car,8,False,False,340,2026-03-02 15:54:52.266,36.0,557.2989501953125,131.90382385253906,11.768054008483887,12.044663429260254,24,24
101,car,8,False,False,341,2026-03-02 15:54:52.627,36.0,554.7977294921875,131.05984497070312,11.748032569885254,11.343753814697266,24,24
101,car,8,False,False,342,2026-03-02 15:54:52.993,35.0,552.68115234375,130.3348388671875,11.73184585571289,10.73713207244873,24,24
101,car,8,False,False,343,2026-03-02 15:54:53.356,36.0,550.1920776367188,129.42181396484375,11.717893600463867,9.976447105407715,24,24
101,car,8,False,False,344,2026-03-02 15:54:53.721,36.0,548.175048828125,128.8438720703125,11.692203521728516,9.459129333496094,24,24
101,car,8,False,False,345,2026-03-02 15:54:54.085,35.0,546.377197265625,128.1574249267578,11.684229850769043,8.880839347839355,24,24
101,car,8,False,False,346,2026-03-02 15:54:54.446,35.0,542.9491577148438,127.01034545898438,11.654417991638184,7.871736526489258,24,24
101,car,8,False,False,347,2026-03-02 15:54:54.826,35.0,540.2843017578125,125.83700561523438,11.656082153320312,6.882221698760986,24,24
101,car,8,False,False,348,2026-03-02 15:54:55.186,36.0,538.3276977539062,125.05580139160156,11.650086402893066,6.200941562652588,24,24
104,car,9,False,False,255,2026-03-02 15:54:20.932,0.0,1161.762939453125,337.9479064941406,13.660208702087402,81.39398956298828,1,1
104,car,10,True,True,256,2026-03-02 15:54:21.291,61.0,1141.2867431640625,328.77685546875,13.723966598510742,80.24111938476562,2,2
104,car,10,True,False,257,2026-03-02 15:54:21.650,50.0,1127.19189453125,323.6475524902344,13.71978759765625,79.50963592529297,3,3
104,car,10,True,False,258,2026-03-02 15:54:22.010,39.0,1114.92236328125,319.32196044921875,13.710089683532715,78.86640167236328,4,4
104,car,10,True,False,259,2026-03-02 15:54:22.369,36.0,1104.604736328125,314.8958435058594,13.735830307006836,78.24275970458984,5,5
104,car,10,True,False,260,2026-03-02 15:54:22.730,34.0,1094.718017578125,311.45623779296875,13.72598934173584,77.70238494873047,6,6
104,car,10,True,False,261,2026-03-02 15:54:23.089,36.0,1078.784912109375,305.56256103515625,13.725286483764648,76.77352142333984,7,7
104,car,10,True,False,262,2026-03-02 15:54:23.452,39.0,1066.5814208984375,300.75970458984375,13.737794876098633,76.00997161865234,8,8
104,car,10,True,False,263,2026-03-02 15:54:23.809,36.0,1056.355712890625,297.344482421875,13.720660209655762,75.4141616821289,9,9
104,car,10,True,False,264,2026-03-02 15:54:24.171,34.0,1047.39697265625,293.7607421875,13.732678413391113,74.81932830810547,10,10
104,car,10,True,False,265,2026-03-02 15:54:24.529,36.0,1028.2425537109375,285.83172607421875,13.772028923034668,73.47029876708984,11,11
104,car,10,True,False,266,2026-03-02 15:54:24.903,39.0,1015.7005615234375,280.72210693359375,13.794947624206543,72.55744934082031,12,12
104,car,10,True,False,267,2026-03-02 15:54:25.264,38.0,1005.5970458984375,277.02618408203125,13.793312072753906,71.84941101074219,13,13
104,car,10,True,False,268,2026-03-02 15:54:25.629,38.0,997.2116088867188,274.15966796875,13.781950950622559,71.2726821899414,14,14
104,car,10,True,False,269,2026-03-02 15:54:25.997,36.0,990.1273193359375,271.1866149902344,13.799784660339355,70.70684051513672,15,15
104,car,10,True,False,270,2026-03-02 15:54:26.362,38.0,975.920166015625,265.66058349609375,13.814312934875488,69.5938949584961,16,16
104,car,10,True,False,271,2026-03-02 15:54:26.726,38.0,966.344482421875,262.1195373535156,13.814908027648926,68.84374237060547,17,17
104,car,10,True,False,272,2026-03-02 15:54:27.088,38.0,958.4578247070312,258.9102478027344,13.830777168273926,68.17015838623047,18,18
104,car,10,True,False,273,2026-03-02 15:54:27.451,37.0,951.6049194335938,256.322509765625,13.834206581115723,67.60083770751953,19,19
104,car,10,True,False,274,2026-03-02 15:54:27.814,36.0,944.6118774414062,253.47389221191406,13.848926544189453,66.97787475585938,20,20
104,car,10,True,False,275,2026-03-02 15:54:28.177,37.0,931.9808349609375,248.81201171875,13.849874496459961,65.89305114746094,21,21
104,car,10,True,False,276,2026-03-02 15:54:28.536,38.0,923.5919189453125,245.70094299316406,13.851346015930176,65.14862060546875,22,22
104,car,10,True,False,277,2026-03-02 15:54:28.900,37.0,916.953369140625,243.1856689453125,13.855512619018555,64.5380859375,23,23
104,car,10,True,False,278,2026-03-02 15:54:29.264,36.0,910.4121704101562,240.43556213378906,13.875036239624023,63.87958526611328,24,24
104,car,10,True,False,279,2026-03-02 15:54:29.634,35.0,903.2581176757812,238.3721466064453,13.84299373626709,63.30381774902344,24,24
104,car,10,True,False,280,2026-03-02 15:54:30.008,35.0,892.32275390625,234.2757568359375,13.847254753112793,62.2391242980957,24,24
104,car,10,True,False,281,2026-03-02 15:54:30.374,36.0,885.0198974609375,231.5946807861328,13.846988677978516,61.518165588378906,24,24
104,car,10,True,False,282,2026-03-02 15:54:30.737,37.0,878.597412109375,228.92572021484375,13.865131378173828,60.813228607177734,24,24
104,car,10,True,False,283,2026-03-02 15:54:31.092,37.0,871.8121948242188,226.9693603515625,13.833172798156738,60.21574783325195,24,24
104,car,10,True,False,284,2026-03-02 15:54:31.456,37.0,862.5455322265625,223.3173370361328,13.84773063659668,59.191680908203125,24,24
104,car,10,True,False,285,2026-03-02 15:54:31.818,37.0,855.4703369140625,220.6595458984375,13.851155281066895,58.41471481323242,24,24
104,car,10,True,False,286,2026-03-02 15:54:32.183,38.0,849.27734375,218.24740600585938,13.859519958496094,57.70230484008789,24,24
104,car,10,True,False,287,2026-03-02 15:54:32.548,38.0,843.3031005859375,216.02017211914062,13.86152458190918,57.02198791503906,24,24
104,car,10,True,False,288,2026-03-02 15:54:32.910,37.0,837.994873046875,213.8525390625,13.875239372253418,56.3656120300293,24,24
104,car,10,True,False,289,2026-03-02 15:54:33.271,37.0,826.5364990234375,209.61166381835938,13.877510070800781,55.00458526611328,24,24
104,car,10,True,False,290,2026-03-02 15:54:33.632,37.0,819.3704833984375,206.94119262695312,13.880162239074707,54.122535705566406,24,24
104,car,10,True,False,291,2026-03-02 15:54:33.991,38.0,813.612548828125,204.68490600585938,13.88961410522461,53.37190246582031,24,24
104,car,10,True,False,292,2026-03-02 15:54:34.352,38.0,808.7762451171875,203.3448028564453,13.860915184020996,52.863624572753906,24,24
104,car,10,True,False,293,2026-03-02 15:54:34.733,37.0,804.5833740234375,201.75045776367188,13.864505767822266,52.31173324584961,24,24
104,car,10,True,False,294,2026-03-02 15:54:35.091,37.0,795.712646484375,198.69935607910156,13.85050106048584,51.19862747192383,24,24
104,car,10,True,False,295,2026-03-02 15:54:35.449,38.0,789.6005859375,196.72763061523438,13.831720352172852,50.44662857055664,24,24
104,car,10,True,False,296,2026-03-02 15:54:35.822,38.0,784.5299682617188,195.27703857421875,13.803179740905762,49.86074447631836,24,24
104,car,10,True,False,297,2026-03-02 15:54:36.184,38.0,780.3818359375,193.42747497558594,13.825236320495605,49.197261810302734,24,24
104,car,10,True,False,298,2026-03-02 15:54:36.545,37.0,775.969970703125,191.71475219726562,13.831356048583984,48.54851531982422,24,24
104,car,10,True,False,299,2026-03-02 15:54:36.900,37.0,768.045166015625,188.63018798828125,13.843181610107422,47.35337448120117,24,24
104,car,10,True,False,300,2026-03-02 15:54:37.259,37.0,762.9452514648438,187.32618713378906,13.80236530303955,46.76198959350586,24,24
104,car,10,True,False,301,2026-03-02 15:54:37.616,37.0,758.6860961914062,186.10073852539062,13.777602195739746,46.222023010253906,24,24
104,car,10,True,False,302,2026-03-02 15:54:38.001,37.0,754.0938720703125,184.4004669189453,13.77783489227295,45.5191650390625,24,24
104,car,10,True,False,303,2026-03-02 15:54:38.358,37.0,749.4658203125,182.31887817382812,13.804895401000977,44.68614959716797,24,24
104,car,10,True,False,304,2026-03-02 15:54:38.716,37.0,742.9440307617188,179.92947387695312,13.803705215454102,43.653629302978516,24,24
104,car,10,True,False,305,2026-03-02 15:54:39.086,37.0,738.0648193359375,178.49603271484375,13.776424407958984,42.97782897949219,24,24
104,car,10,True,False,306,2026-03-02 15:54:39.450,37.0,733.8956909179688,177.1994171142578,13.758147239685059,42.36880874633789,24,24
104,car,10,True,False,307,2026-03-02 15:54:39.813,36.0,729.7357177734375,175.90939331054688,13.739374160766602,41.75390625,24,24
104,car,10,True,False,308,2026-03-02 15:54:40.175,36.0,725.9383544921875,174.24362182617188,13.758994102478027,41.021026611328125,24,24
104,car,10,True,False,309,2026-03-02 15:54:40.539,36.0,720.6806640625,172.3524169921875,13.754828453063965,40.12824630737305,24,24
104,car,10,True,False,310,2026-03-02 15:54:40.905,37.0,716.4130249023438,170.92733764648438,13.74288272857666,39.42868423461914,24,24
104,car,10,True,False,311,2026-03-02 15:54:41.265,37.0,712.3053588867188,169.6983642578125,13.72011947631836,38.79584884643555,24,24
104,car,10,True,False,312,2026-03-02 15:54:41.635,36.0,708.4063720703125,168.43243408203125,13.705984115600586,38.151100158691406,24,24
104,car,10,True,False,313,2026-03-02 15:54:41.994,36.0,700.8179931640625,165.5721435546875,13.709306716918945,36.72126388549805,24,24
104,car,10,True,False,314,2026-03-02 15:54:42.375,36.0,696.233154296875,164.05972290039062,13.694087028503418,35.91769027709961,24,24
104,car,10,True,False,315,2026-03-02 15:54:42.739,37.0,692.0789184570312,162.55650329589844,13.690777778625488,35.12572479248047,24,24
104,car,10,True,False,316,2026-03-02 15:54:43.099,37.0,688.8003540039062,161.60824584960938,13.668815612792969,34.58526611328125,24,24
104,car,10,True,False,317,2026-03-02 15:54:43.460,36.0,685.9029541015625,160.63336181640625,13.660337448120117,34.04787063598633,24,24
104,car,10,True,False,318,2026-03-02 15:54:43.819,36.0,680.77734375,158.65609741210938,13.665887832641602,32.978538513183594,24,24
104,car,10,True,False,319,2026-03-02 15:54:44.182,37.0,676.56884765625,156.77261352539062,13.692200660705566,31.97282600402832,24,24
104,car,10,True,False,320,2026-03-02 15:54:44.541,37.0,673.3714599609375,155.70968627929688,13.681640625,31.35124397277832,24,24
104,car,10,True,False,321,2026-03-02 15:54:44.896,37.0,670.9661254882812,154.8655242919922,13.677362442016602,30.859195709228516,24,24
104,car,10,True,False,322,2026-03-02 15:54:45.258,37.0,665.3528442382812,153.09506225585938,13.650216102600098,29.779661178588867,24,24
104,car,10,True,False,323,2026-03-02 15:54:45.636,37.0,661.3616943359375,151.6034393310547,13.650507926940918,28.892934799194336,24,24
104,car,10,True,False,324,2026-03-02 15:54:46.035,37.0,657.9522705078125,150.7867431640625,13.611289978027344,28.33203125,24,24
104,car,10,True,False,325,2026-03-02 15:54:46.397,37.0,655.2900390625,149.645751953125,13.623903274536133,27.65738296508789,24,24
104,car,10,True,False,326,2026-03-02 15:54:46.763,37.0,652.662353515625,148.23895263671875,13.661087036132812,26.85001564025879,24,24
104,car,10,True,False,327,2026-03-02 15:54:47.129,37.0,647.876220703125,146.7736358642578,13.632951736450195,25.87575912475586,24,24
104,car,10,True,False,328,2026-03-02 15:54:47.495,37.0,644.3922729492188,145.85073852539062,13.599384307861328,25.22536277770996,24,24
104,car,10,True,False,329,2026-03-02 15:54:47.863,37.0,641.5846557617188,144.86044311523438,13.59399700164795,24.573528289794922,24,24
104,car,10,True,False,330,2026-03-02 15:54:48.311,37.0,639.081298828125,143.89959716796875,13.596120834350586,23.9462833404541,24,24
104,car,10,True,False,331,2026-03-02 15:54:48.762,37.0,636.2127685546875,142.70584106445312,13.606975555419922,23.17072868347168,24,24
104,car,10,True,False,332,2026-03-02 15:54:49.142,37.0,631.919921875,141.07418823242188,13.609355926513672,22.068811416625977,24,24
104,car,10,True,False,333,2026-03-02 15:54:49.520,39.0,628.9268798828125,140.0294189453125,13.602494239807129,21.335939407348633,24,24
104,car,10,True,False,334,2026-03-02 15:54:49.901,39.0,626.275634765625,139.1259002685547,13.594306945800781,20.690109252929688,24,24
104,car,10,True,False,335,2026-03-02 15:54:50.283,39.0,623.6294555664062,138.40127563476562,13.569568634033203,20.13416862487793,24,24
104,car,10,True,False,336,2026-03-02 15:54:50.672,36.0,620.730712890625,137.71627807617188,13.532055854797363,19.578672409057617,24,24
104,car,10,True,False,337,2026-03-02 15:54:51.046,36.0,615.4881591796875,135.84796142578125,13.522351264953613,18.206262588500977,24,24
104,car,10,True,False,338,2026-03-02 15:54:51.536,36.0,611.9912109375,134.32867431640625,13.541707992553711,17.11402130126953,24,24
104,car,10,True,False,339,2026-03-02 15:54:51.909,36.0,609.0335693359375,133.644287109375,13.500834465026855,16.52477264404297,24,24
104,car,10,True,False,340,2026-03-02 15:54:52.266,36.0,606.5999145507812,132.9854278564453,13.476061820983887,15.979113578796387,24,24
104,car,10,True,False,341,2026-03-02 15:54:52.627,36.0,603.529296875,131.86895751953125,13.471935272216797,15.112507820129395,24,24
104,car,10,True,False,342,2026-03-02 15:54:52.993,34.0,601.1761474609375,131.0551300048828,13.464677810668945,14.46467113494873,24,24
104,car,10,True,False,343,2026-03-02 15:54:53.357,36.0,598.5684814453125,130.24050903320312,13.44803524017334,13.791831016540527,24,24
104,car,10,True,False,344,2026-03-02 15:54:53.721,36.0,596.22509765625,129.61143493652344,13.422844886779785,13.244601249694824,24,24
104,car,10,True,False,345,2026-03-02 15:54:54.085,35.0,594.173828125,128.8065643310547,13.425548553466797,12.601703643798828,24,24
104,car,10,True,False,346,2026-03-02 15:54:54.446,35.0,590.14501953125,127.63362121582031,13.390506744384766,11.580005645751953,24,24
104,car,10,True,False,347,2026-03-02 15:54:54.826,36.0,587.342529296875,126.42918395996094,13.404461860656738,10.605705261230469,24,24
104,car,10,True,False,348,2026-03-02 15:54:55.186,35.0,585.1932983398438,125.9373779296875,13.37202262878418,10.132599830627441,24,24
104,car,10,True,False,349,2026-03-02 15:54:55.555,34.0,583.4447021484375,125.34968566894531,13.364252090454102,9.620451927185059,24,24
104,car,10,True,False,350,2026-03-02 15:54:55.929,34.0,581.0020751953125,124.64990234375,13.341070175170898,8.979246139526367,24,24
104,car,10,True,False,351,2026-03-02 15:54:56.290,34.0,577.757568359375,123.64185333251953,13.317855834960938,8.06342601776123,24,24
104,car,10,True,False,352,2026-03-02 15:54:56.655,34.0,575.13134765625,122.8033676147461,13.301103591918945,7.296371936798096,24,24
104,car,10,True,False,353,2026-03-02 15:54:57.018,36.0,573.1646728515625,122.03781127929688,13.302506446838379,6.619063854217529,24,24
104,car,10,True,False,354,2026-03-02 15:54:57.431,34.0,571.2839965820312,121.659423828125,13.267520904541016,6.214870452880859,24,24
118,car,9,False,False,284,2026-03-02 15:54:31.456,0.0,1136.306640625,333.56402587890625,13.451763153076172,80.50772857666016,1,1
118,car,9,False,False,285,2026-03-02 15:54:31.818,36.0,1122.787353515625,328.6856994628906,13.442180633544922,79.82246398925781,2,2
118,car,9,False,False,286,2026-03-02 15:54:32.183,35.0,1110.7001953125,324.1505126953125,13.44056224822998,79.1784439086914,3,3
118,car,9,False,False,287,2026-03-02 15:54:32.548,34.0,1100.27783203125,320.1337890625,13.443580627441406,78.59989929199219,4,4
118,car,9,False,False,288,2026-03-02 15:54:32.910,33.0,1090.0439453125,316.03643798828125,13.453120231628418,78.00448608398438,5,5
118,car,9,False,False,289,2026-03-02 15:54:33.271,34.0,1068.5849609375,307.3923645019531,13.476203918457031,76.70181274414062,6,6
118,car,9,False,False,290,2026-03-02 15:54:33.632,35.0,1055.261962890625,302.4233703613281,13.473512649536133,75.89665222167969,7,7
118,car,9,False,False,291,2026-03-02 15:54:33.991,35.0,1044.4541015625,298.5288391113281,13.465142250061035,75.23853302001953,8,8
118,car,9,False,False,292,2026-03-02 15:54:34.352,34.0,1035.35986328125,294.9040832519531,13.473712921142578,74.63533782958984,9,9
118,car,9,False,False,293,2026-03-02 15:54:34.733,34.0,1027.0841064453125,291.485595703125,13.487200736999512,74.06106567382812,10,10
118,car,9,False,False,294,2026-03-02 15:54:35.091,34.0,1011.6165771484375,285.3443603515625,13.501581192016602,72.98088073730469,11,11
118,car,9,False,False,295,2026-03-02 15:54:35.449,35.0,1001.0792236328125,281.56170654296875,13.492630004882812,72.266357421875,12,12
118,car,9,False,False,296,2026-03-02 15:54:35.822,34.0,992.3236694335938,278.12945556640625,13.498916625976562,71.62364196777344,13,13
118,car,9,False,False,297,2026-03-02 15:54:36.184,34.0,985.351318359375,274.95751953125,13.525374412536621,71.04672241210938,14,14
118,car,9,False,False,298,2026-03-02 15:54:36.545,34.0,977.7490234375,272.3704833984375,13.511956214904785,70.51385498046875,15,15
118,car,9,False,False,299,2026-03-02 15:54:36.900,34.0,964.1903076171875,267.0864562988281,13.520883560180664,69.45036315917969,16,16
118,car,9,False,False,300,2026-03-02 15:54:37.259,34.0,954.635498046875,263.6132507324219,13.51467514038086,68.7108154296875,17,17
118,car,9,False,False,301,2026-03-02 15:54:37.616,34.0,947.4017333984375,261.02618408203125,13.507699966430664,68.14434051513672,18,18
118,car,9,False,False,302,2026-03-02 15:54:38.001,34.0,940.2510986328125,258.2516784667969,13.511887550354004,67.54265594482422,19,19
118,car,9,False,False,303,2026-03-02 15:54:38.358,34.0,932.7352294921875,255.24581909179688,13.52106761932373,66.88368225097656,20,20
118,car,9,False,False,304,2026-03-02 15:54:38.716,34.0,921.4039306640625,251.15158081054688,13.51204776763916,65.92884063720703,21,21
118,car,9,False,False,305,2026-03-02 15:54:39.086,35.0,913.398681640625,248.0027313232422,13.519267082214355,65.1959457397461,22,22
118,car,9,False,False,306,2026-03-02 15:54:39.450,34.0,906.4515991210938,245.80438232421875,13.496709823608398,64.63139343261719,23,23
118,car,9,False,False,307,2026-03-02 15:54:39.813,34.0,899.6845703125,243.8726043701172,13.462946891784668,64.10633850097656,24,24
118,car,9,False,False,308,2026-03-02 15:54:40.175,34.0,892.9464111328125,241.9719696044922,13.4275541305542,63.57923126220703,24,24
118,car,9,False,False,309,2026-03-02 15:54:40.539,34.0,883.3434448242188,237.80604553222656,13.456907272338867,62.56291580200195,24,24
118,car,9,False,False,310,2026-03-02 15:54:40.905,35.0,875.965087890625,234.59506225585938,13.480695724487305,61.757259368896484,24,24
118,car,9,False,False,311,2026-03-02 15:54:41.265,35.0,869.3074951171875,231.8848876953125,13.491984367370605,61.04663848876953,24,24
118,car,9,False,False,312,2026-03-02 15:54:41.635,35.0,863.40380859375,229.7677459716797,13.485692977905273,60.456809997558594,24,24
118,car,9,False,False,313,2026-03-02 15:54:41.994,35.0,851.8892822265625,225.36790466308594,13.488969802856445,59.223472595214844,24,24
118,car,9,False,False,314,2026-03-02 15:54:42.375,35.0,844.27978515625,222.43429565429688,13.492744445800781,58.37795639038086,24,24
118,car,9,False,False,315,2026-03-02 15:54:42.739,36.0,838.1090087890625,220.15939331054688,13.489625930786133,57.698089599609375,24,24
118,car,9,False,False,316,2026-03-02 15:54:43.099,36.0,832.860107421875,218.50070190429688,13.47021770477295,57.16706466674805,24,24
118,car,9,False,False,317,2026-03-02 15:54:43.460,35.0,828.34228515625,216.70327758789062,13.475763320922852,56.62521743774414,24,24
118,car,9,False,False,318,2026-03-02 15:54:43.819,35.0,819.7864379882812,213.14016723632812,13.496355056762695,55.54053497314453,24,24
118,car,10,True,False,319,2026-03-02 15:54:44.182,36.0,813.443359375,210.51568603515625,13.510968208312988,54.71812438964844,24,24
118,car,10,True,False,320,2026-03-02 15:54:44.541,36.0,809.3643798828125,208.84234619140625,13.519639015197754,54.182373046875,24,24
118,car,10,True,False,321,2026-03-02 15:54:44.896,36.0,805.130859375,207.42086791992188,13.508708953857422,53.691612243652344,24,24
118,car,10,True,False,322,2026-03-02 15:54:45.258,36.0,796.779296875,204.33502197265625,13.504858016967773,52.63651657104492,24,24
118,car,10,True,False,323,2026-03-02 15:54:45.636,36.0,790.3426513671875,202.21954345703125,13.484708786010742,51.86773681640625,24,24
118,car,10,True,False,324,2026-03-02 15:54:46.035,36.0,785.638427734375,200.36514282226562,13.489925384521484,51.21845626831055,24,24
118,car,10,True,False,325,2026-03-02 15:54:46.397,36.0,781.496337890625,198.57000732421875,13.50533390045166,50.595680236816406,24,24
118,car,10,True,False,326,2026-03-02 15:54:46.763,36.0,776.9705200195312,196.75071716308594,13.512965202331543,49.94044876098633,24,24
118,car,10,True,False,327,2026-03-02 15:54:47.129,36.0,769.3533935546875,194.31744384765625,13.483565330505371,48.98172378540039,24,24
118,car,9,False,False,328,2026-03-02 15:54:47.495,35.0,764.1795654296875,192.95486450195312,13.443503379821777,48.39702224731445,24,24
118,car,10,True,False,329,2026-03-02 15:54:47.863,36.0,760.0737915039062,190.99569702148438,13.471243858337402,47.682621002197266,24,24
118,car,9,False,False,330,2026-03-02 15:54:48.311,36.0,755.900390625,189.90234375,13.437975883483887,47.19821548461914,24,24
118,car,10,True,False,331,2026-03-02 15:54:48.763,37.0,751.510009765625,188.0922393798828,13.448251724243164,46.492401123046875,24,24
118,car,10,True,False,332,2026-03-02 15:54:49.142,37.0,744.9739990234375,185.6512451171875,13.446043968200684,45.49354934692383,24,24
118,car,9,False,False,333,2026-03-02 15:54:49.520,36.0,740.5185546875,184.15936279296875,13.432324409484863,44.85060501098633,24,24
118,car,10,True,False,334,2026-03-02 15:54:49.901,35.0,736.6522216796875,182.5912322998047,13.43973445892334,44.200462341308594,24,24
118,car,9,False,False,335,2026-03-02 15:54:50.283,35.0,732.7015380859375,181.8961181640625,13.382423400878906,43.808956146240234,24,24
118,car,9,False,False,336,2026-03-02 15:54:50.672,34.0,728.7437744140625,180.41500854492188,13.380763053894043,43.16606140136719,24,24
118,car,9,False,False,337,2026-03-02 15:54:51.046,34.0,721.5523071289062,177.46771240234375,13.396364212036133,41.888511657714844,24,24
118,car,10,True,False,338,2026-03-02 15:54:51.537,34.0,716.5091552734375,174.73770141601562,13.456771850585938,40.74552536010742,24,24
118,car,10,True,False,339,2026-03-02 15:54:51.909,35.0,712.222900390625,173.0956268310547,13.458398818969727,39.98286819458008,24,24
118,car,10,True,False,340,2026-03-02 15:54:52.266,37.0,708.611083984375,171.06640625,13.508769989013672,39.10270690917969,24,24
118,car,10,True,False,341,2026-03-02 15:54:52.627,37.0,703.730712890625,168.7828369140625,13.5430908203125,38.049522399902344,24,24
118,car,10,True,False,342,2026-03-02 15:54:52.993,35.0,699.6043090820312,168.38876342773438,13.453550338745117,37.70412063598633,24,24
118,car,10,True,False,343,2026-03-02 15:54:53.357,35.0,695.9451904296875,167.73715209960938,13.39697551727295,37.28501892089844,24,24
118,car,10,True,False,344,2026-03-02 15:54:53.721,37.0,692.940673828125,166.23220825195312,13.425251007080078,36.576107025146484,24,24
118,car,10,True,False,345,2026-03-02 15:54:54.085,37.0,689.8759765625,164.55776977539062,13.465534210205078,35.787559509277344,24,24
118,car,10,True,False,346,2026-03-02 15:54:54.446,37.0,684.2326049804688,162.5349578857422,13.456833839416504,34.71604537963867,24,24
118,car,10,True,False,347,2026-03-02 15:54:54.826,38.0,679.60791015625,160.80157470703125,13.455632209777832,33.78889083862305,24,24
118,car,10,True,False,348,2026-03-02 15:54:55.186,38.0,676.5233154296875,160.2537841796875,13.405770301818848,33.40744400024414,24,24
118,car,10,True,False,349,2026-03-02 15:54:55.555,38.0,673.7211303710938,159.80838012695312,13.355978012084961,33.079952239990234,24,24
118,car,10,True,False,350,2026-03-02 15:54:55.930,38.0,670.576171875,158.35231018066406,13.376916885375977,32.314788818359375,24,24
118,car,9,False,False,351,2026-03-02 15:54:56.290,38.0,665.2063598632812,156.80764770507812,13.336225509643555,31.38004493713379,24,24
118,car,9,False,False,352,2026-03-02 15:54:56.655,38.0,661.857666015625,155.71754455566406,13.320869445800781,30.733642578125,24,24
118,car,9,False,False,353,2026-03-02 15:54:57.018,38.0,659.051513671875,154.655029296875,13.320147514343262,30.1203556060791,24,24
118,car,9,False,False,354,2026-03-02 15:54:57.431,38.0,656.332275390625,153.82289123535156,13.3030424118042,29.605976104736328,24,24
118,car,9,False,False,355,2026-03-02 15:54:57.793,34.0,653.2047119140625,152.88931274414062,13.281193733215332,29.01838493347168,24,24
118,car,9,False,False,356,2026-03-02 15:54:58.151,38.0,648.5545654296875,151.08506774902344,13.283210754394531,27.94167709350586,24,24
118,car,9,False,False,357,2026-03-02 15:54:58.519,38.0,645.816650390625,149.88348388671875,13.296236038208008,27.231748580932617,24,24
118,car,9,False,False,358,2026-03-02 15:54:58.879,38.0,643.2872314453125,148.83534240722656,13.303141593933105,26.595903396606445,24,24
118,car,9,False,False,359,2026-03-02 15:54:59.239,38.0,640.11865234375,147.77317810058594,13.29031753540039,25.908267974853516,24,24
118,car,9,False,False,360,2026-03-02 15:54:59.599,38.0,637.1295776367188,146.91506958007812,13.265631675720215,25.321075439453125,24,24
112,car,7,False,False,286,2026-03-02 15:54:32.183,0.0,1048.6739501953125,363.6298828125,11.075030326843262,80.8992691040039,1,1
112,car,7,False,False,287,2026-03-02 15:54:32.548,30.0,1038.211669921875,358.83917236328125,11.076207160949707,80.33563995361328,2,2
112,car,7,False,False,288,2026-03-02 15:54:32.910,30.0,1027.6751708984375,353.91815185546875,11.080560684204102,79.74580383300781,3,3
112,car,7,False,False,289,2026-03-02 15:54:33.271,31.0,1006.009033203125,343.62371826171875,11.095771789550781,78.4675521850586,4,4
112,car,7,False,False,290,2026-03-02 15:54:33.632,37.0,992.01025390625,337.60504150390625,11.084460258483887,77.65601348876953,5,5
112,car,7,False,False,291,2026-03-02 15:54:33.991,34.0,981.3739013671875,332.8692626953125,11.08122444152832,77.00607299804688,6,6
112,car,7,False,False,292,2026-03-02 15:54:34.352,33.0,972.1832275390625,328.401611328125,11.09150218963623,76.39572143554688,7,7
112,car,7,False,False,293,2026-03-02 15:54:34.733,32.0,963.7439575195312,324.554443359375,11.09212589263916,75.84506225585938,8,8
112,car,7,False,False,294,2026-03-02 15:54:35.091,33.0,948.34130859375,317.1346740722656,11.107733726501465,74.76765441894531,9,9
112,car,7,False,False,295,2026-03-02 15:54:35.449,34.0,937.8457641601562,312.3454895019531,11.108948707580566,74.03282928466797,10,10
112,car,7,False,False,296,2026-03-02 15:54:35.822,34.0,929.1611328125,308.23590087890625,11.115452766418457,73.39273834228516,11,11
112,car,7,False,False,297,2026-03-02 15:54:36.184,34.0,921.7861328125,304.5846252441406,11.127199172973633,72.81871032714844,12,12
112,car,7,False,False,298,2026-03-02 15:54:36.545,34.0,913.8680419921875,300.5948486328125,11.142779350280762,72.17984771728516,13,13
112,car,7,False,False,299,2026-03-02 15:54:36.900,34.0,900.9237060546875,294.572998046875,11.149534225463867,71.15867614746094,14,14
112,car,7,False,False,300,2026-03-02 15:54:37.259,34.0,891.902587890625,290.35626220703125,11.155193328857422,70.4206771850586,15,15
112,car,7,False,False,301,2026-03-02 15:54:37.616,34.0,884.5592041015625,287.13134765625,11.151601791381836,69.83043670654297,16,16
112,car,7,False,False,302,2026-03-02 15:54:38.001,34.0,877.5849609375,284.1300354003906,11.14563274383545,69.26580810546875,17,17
112,car,7,False,False,303,2026-03-02 15:54:38.358,34.0,870.361572265625,280.77899169921875,11.149229049682617,68.63717651367188,18,18
112,car,7,False,False,304,2026-03-02 15:54:38.716,34.0,859.3660888671875,276.083251953125,11.138017654418945,67.70738983154297,19,19
112,car,7,False,False,305,2026-03-02 15:54:39.086,34.0,851.5892944335938,272.45684814453125,11.142690658569336,66.9886474609375,20,20
112,car,7,False,False,306,2026-03-02 15:54:39.450,34.0,844.9839477539062,269.1652526855469,11.155752182006836,66.3333740234375,21,21
112,car,7,False,False,307,2026-03-02 15:54:39.813,34.0,838.76806640625,266.20758056640625,11.162298202514648,65.72330474853516,22,22
112,car,7,False,False,308,2026-03-02 15:54:40.175,34.0,832.6096801757812,263.6636962890625,11.152120590209961,65.16422271728516,23,23
112,car,7,False,False,309,2026-03-02 15:54:40.539,34.0,823.2777099609375,259.5174560546875,11.149164199829102,64.25170135498047,24,24
112,car,7,False,False,310,2026-03-02 15:54:40.905,34.0,816.614013671875,256.20404052734375,11.16273021697998,63.526493072509766,24,24
112,car,7,False,False,311,2026-03-02 15:54:41.265,34.0,810.8765869140625,253.99095153808594,11.145841598510742,62.99247741699219,24,24
112,car,7,False,False,312,2026-03-02 15:54:41.635,34.0,805.68896484375,251.522216796875,11.151532173156738,62.423946380615234,24,24
112,car,7,False,False,313,2026-03-02 15:54:41.994,34.0,794.36572265625,245.6041259765625,11.18894100189209,61.052730560302734,24,24
112,car,7,False,False,314,2026-03-02 15:54:42.375,34.0,786.726806640625,242.07876586914062,11.193048477172852,60.17683410644531,24,24
112,car,7,False,False,315,2026-03-02 15:54:42.739,34.0,781.1678466796875,239.5523681640625,11.194246292114258,59.53133773803711,24,24
112,car,7,False,False,316,2026-03-02 15:54:43.099,34.0,776.7037353515625,237.47714233398438,11.197458267211914,58.99479293823242,24,24
112,car,7,False,False,317,2026-03-02 15:54:43.460,34.0,772.5870361328125,235.9412841796875,11.182168006896973,58.564632415771484,24,24
112,car,7,False,False,318,2026-03-02 15:54:43.819,34.0,763.7835693359375,231.95217895507812,11.183363914489746,57.48663330078125,24,24
112,car,7,False,False,319,2026-03-02 15:54:44.182,34.0,758.2098388671875,229.35171508789062,11.187859535217285,56.77055358886719,24,24
112,car,7,False,False,320,2026-03-02 15:54:44.541,34.0,753.8958740234375,227.38320922851562,11.189190864562988,56.21489715576172,24,24
112,car,7,False,False,321,2026-03-02 15:54:44.896,34.0,750.034423828125,225.93649291992188,11.174504280090332,55.7762451171875,24,24
112,car,7,False,False,322,2026-03-02 15:54:45.258,34.0,742.333740234375,222.81561279296875,11.156673431396484,54.83405685424805,24,24
112,car,7,False,False,323,2026-03-02 15:54:45.636,34.0,736.9693603515625,220.78848266601562,11.136425018310547,54.19530487060547,24,24
112,car,7,False,False,324,2026-03-02 15:54:46.035,34.0,732.649169921875,218.808349609375,11.137825012207031,53.594276428222656,24,24
112,car,7,False,False,325,2026-03-02 15:54:46.397,34.0,729.1588134765625,217.2474365234375,11.136948585510254,53.110069274902344,24,24
112,car,7,False,False,326,2026-03-02 15:54:46.763,34.0,724.8475952148438,215.23599243164062,11.14023494720459,52.483341217041016,24,24
112,car,7,False,False,327,2026-03-02 15:54:47.129,34.0,717.99072265625,212.07952880859375,11.143305778503418,51.47383499145508,24,24
112,car,7,False,False,328,2026-03-02 15:54:47.495,33.0,713.348388671875,210.23678588867188,11.129605293273926,50.84666061401367,24,24
112,car,7,False,False,329,2026-03-02 15:54:47.863,33.0,709.4462890625,208.37928771972656,11.134612083435059,50.234107971191406,24,24
112,car,7,False,False,330,2026-03-02 15:54:48.311,33.0,705.6777954101562,206.50927734375,11.143689155578613,49.613304138183594,24,24
112,car,8,False,False,331,2026-03-02 15:54:48.762,33.0,701.8460693359375,204.57559204101562,11.15485954284668,48.96281433105469,24,24
112,car,8,False,False,332,2026-03-02 15:54:49.142,33.0,695.9259033203125,201.97869873046875,11.150646209716797,48.039634704589844,24,24
112,car,8,False,False,333,2026-03-02 15:54:49.520,33.0,691.741943359375,200.29638671875,11.138994216918945,47.41531753540039,24,24
112,car,8,False,False,334,2026-03-02 15:54:49.901,33.0,687.8421020507812,198.31710815429688,11.151293754577637,46.710269927978516,24,24
112,car,8,False,False,335,2026-03-02 15:54:50.283,33.0,684.2452392578125,197.30322265625,11.116439819335938,46.27745819091797,24,24
112,car,8,False,False,336,2026-03-02 15:54:50.672,33.0,680.7012939453125,195.80105590820312,11.110548973083496,45.70318603515625,24,24
112,car,8,False,False,337,2026-03-02 15:54:51.046,33.0,673.715087890625,192.57949829101562,11.113835334777832,44.46950149536133,24,24
112,car,8,False,False,338,2026-03-02 15:54:51.536,33.0,669.34912109375,190.2117919921875,11.136833190917969,43.57133483886719,24,24
112,car,8,False,False,339,2026-03-02 15:54:51.909,33.0,665.47119140625,188.6859130859375,11.123316764831543,42.93474578857422,24,24
112,car,8,False,False,340,2026-03-02 15:54:52.266,33.0,662.1290283203125,187.69557189941406,11.092122077941895,42.4798698425293,24,24
112,car,8,False,False,341,2026-03-02 15:54:52.627,33.0,657.5097045898438,185.7481689453125,11.083178520202637,41.65916061401367,24,24
112,car,8,False,False,342,2026-03-02 15:54:52.993,33.0,654.1001586914062,184.03443908691406,11.093214988708496,40.95313262939453,24,24
112,car,8,False,False,343,2026-03-02 15:54:53.357,34.0,650.7889404296875,182.51608276367188,11.094194412231445,40.30405044555664,24,24
112,car,8,False,False,344,2026-03-02 15:54:53.721,34.0,647.7239990234375,181.2947998046875,11.08377742767334,39.756107330322266,24,24
112,car,8,False,False,345,2026-03-02 15:54:54.085,33.0,644.9656982421875,180.015625,11.085432052612305,39.195701599121094,24,24
112,car,8,False,False,346,2026-03-02 15:54:54.446,33.0,640.3838500976562,177.66705322265625,11.102253913879395,38.1700553894043,24,24
112,car,8,False,False,347,2026-03-02 15:54:54.826,34.0,636.7129516601562,175.85800170898438,11.111427307128906,37.356014251708984,24,24
112,car,8,False,False,348,2026-03-02 15:54:55.186,34.0,633.8704833984375,174.4529266357422,11.118925094604492,36.71340560913086,24,24
112,car,8,False,False,349,2026-03-02 15:54:55.555,34.0,631.3546142578125,173.52194213867188,11.105560302734375,36.251590728759766,24,24
112,car,8,False,False,350,2026-03-02 15:54:55.930,34.0,628.579833984375,172.71139526367188,11.076737403869629,35.81712341308594,24,24
112,car,8,False,False,351,2026-03-02 15:54:56.290,34.0,623.9375,170.9495391845703,11.054180145263672,34.92783737182617,24,24
112,car,8,False,False,352,2026-03-02 15:54:56.655,34.0,620.9807739257812,169.11721801757812,11.086026191711426,34.078372955322266,24,24
112,car,8,False,False,353,2026-03-02 15:54:57.018,34.0,618.4977416992188,167.57986450195312,11.113166809082031,33.352500915527344,24,24
112,car,8,False,False,354,2026-03-02 15:54:57.431,34.0,615.7921752929688,166.61151123046875,11.09601879119873,32.830753326416016,24,24
112,car,8,False,False,355,2026-03-02 15:54:57.793,34.0,612.935302734375,165.95767211914062,11.053094863891602,32.42234802246094,24,24
112,car,8,False,False,356,2026-03-02 15:54:58.151,34.0,609.0899658203125,164.90248107910156,11.006475448608398,31.796110153198242,24,24
112,car,8,False,False,357,2026-03-02 15:54:58.519,34.0,606.0515747070312,163.89022827148438,10.98118782043457,31.221956253051758,24,24
112,car,8,False,False,358,2026-03-02 15:54:58.879,34.0,603.7352294921875,162.6550750732422,10.992956161499023,30.585430145263672,24,24
112,car,8,False,False,359,2026-03-02 15:54:59.239,34.0,601.012939453125,161.31329345703125,10.99950885772705,29.87289047241211,24,24
112,car,8,False,False,360,2026-03-02 15:54:59.599,34.0,598.2283935546875,160.08352661132812,10.9965181350708,29.194652557373047,24,24
129,car,8,False,False,315,2026-03-02 15:54:42.739,0.0,1110.848388671875,351.9678955078125,12.372115135192871,81.343017578125,1,1
129,car,8,False,False,316,2026-03-02 15:54:43.099,28.0,1100.3282470703125,347.625244140625,12.373322486877441,80.8035659790039,2,2
129,car,8,False,False,317,2026-03-02 15:54:43.460,28.0,1090.2269287109375,343.5328369140625,12.371674537658691,80.27915954589844,3,3
129,car,8,False,False,318,2026-03-02 15:54:43.819,28.0,1072.67333984375,335.6729736328125,12.396734237670898,79.27811431884766,4,4
129,car,8,False,False,319,2026-03-02 15:54:44.182,33.0,1060.1458740234375,330.430419921875,12.401328086853027,78.5667724609375,5,5
129,car,8,False,False,320,2026-03-02 15:54:44.541,32.0,1049.848388671875,326.1181640625,12.405322074890137,77.96537017822266,6,6
129,car,8,False,False,321,2026-03-02 15:54:44.896,30.0,1041.409912109375,322.28106689453125,12.420514106750488,77.43395233154297,7,7
129,car,8,False,False,322,2026-03-02 15:54:45.258,32.0,1025.8604736328125,315.8779296875,12.422791481018066,76.48516082763672,8,8
129,car,9,False,False,323,2026-03-02 15:54:45.636,35.0,1014.787353515625,311.0414123535156,12.435656547546387,75.75981140136719,9,9
129,car,9,False,False,324,2026-03-02 15:54:46.035,34.0,1005.21484375,306.96881103515625,12.44264030456543,75.12606048583984,10,10
129,car,9,False,False,325,2026-03-02 15:54:46.397,33.0,997.172607421875,303.5015563964844,12.450541496276855,74.57636260986328,11,11
129,car,9,False,False,326,2026-03-02 15:54:46.763,34.0,987.69775390625,299.46990966796875,12.45783519744873,73.91881561279297,12,12
129,car,9,False,False,327,2026-03-02 15:54:47.129,34.0,974.9007568359375,293.60040283203125,12.48616886138916,72.9563217163086,13,13
129,car,9,False,False,328,2026-03-02 15:54:47.495,35.0,964.9632568359375,289.660888671875,12.482001304626465,72.25443267822266,14,14
129,car,9,False,False,329,2026-03-02 15:54:47.863,34.0,956.5480346679688,286.217041015625,12.483122825622559,71.63288116455078,15,15
129,car,9,False,False,330,2026-03-02 15:54:48.311,34.0,949.04248046875,283.105224609375,12.485932350158691,71.06147003173828,16,16
129,car,9,False,False,331,2026-03-02 15:54:48.763,33.0,942.111328125,279.5994873046875,12.516995429992676,70.444580078125,17,17
129,car,9,False,False,332,2026-03-02 15:54:49.142,34.0,930.1921997070312,274.19000244140625,12.543641090393066,69.42964172363281,18,18
129,car,9,False,False,333,2026-03-02 15:54:49.520,34.0,921.4307861328125,270.5921630859375,12.546223640441895,68.7098617553711,19,19
129,car,9,False,False,334,2026-03-02 15:54:49.901,34.0,914.0860595703125,267.70623779296875,12.542316436767578,68.11014556884766,20,20
129,car,9,False,False,335,2026-03-02 15:54:50.283,33.0,907.0753784179688,264.97637939453125,12.537332534790039,67.5295639038086,21,21
129,car,9,False,False,336,2026-03-02 15:54:50.672,33.0,900.4202880859375,262.3569641113281,12.533852577209473,66.9637222290039,22,22
129,car,9,False,False,337,2026-03-02 15:54:51.046,33.0,885.928955078125,256.2645263671875,12.545075416564941,65.6346664428711,23,23
129,car,9,False,False,338,2026-03-02 15:54:51.537,34.0,877.2037353515625,252.52305603027344,12.555723190307617,64.79367065429688,24,24
129,car,9,False,False,339,2026-03-02 15:54:51.909,35.0,870.0673828125,249.47747802734375,12.563921928405762,64.09043884277344,24,24
129,car,9,False,False,340,2026-03-02 15:54:52.267,35.0,863.565185546875,246.96640014648438,12.558134078979492,63.47889709472656,24,24
129,car,9,False,False,341,2026-03-02 15:54:52.627,35.0,854.7288208007812,243.31497192382812,12.562397003173828,62.58794403076172,24,24
129,car,9,False,False,342,2026-03-02 15:54:52.993,35.0,847.3135986328125,239.95791625976562,12.581374168395996,61.769168853759766,24,24
129,car,9,False,False,343,2026-03-02 15:54:53.357,35.0,840.996826171875,237.5746612548828,12.57274341583252,61.140167236328125,24,24
129,car,9,False,False,344,2026-03-02 15:54:53.721,35.0,835.5071411132812,235.37294006347656,12.572053909301758,60.55978012084961,24,24
129,car,9,False,False,345,2026-03-02 15:54:54.085,34.0,830.2735595703125,232.97686767578125,12.58735466003418,59.94123458862305,24,24
129,car,9,False,False,346,2026-03-02 15:54:54.446,34.0,820.5037841796875,229.05418395996094,12.586570739746094,58.86125183105469,24,24
129,car,9,False,False,347,2026-03-02 15:54:54.826,35.0,813.22900390625,225.828857421875,12.602840423583984,57.97311782836914,24,24
129,car,9,False,False,348,2026-03-02 15:54:55.187,35.0,807.91455078125,223.66973876953125,12.603960990905762,57.34949493408203,24,24
129,car,9,False,False,349,2026-03-02 15:54:55.555,33.0,803.0611572265625,221.8214874267578,12.598028182983398,56.795738220214844,24,24
129,car,9,False,False,350,2026-03-02 15:54:55.930,33.0,797.5675048828125,219.91213989257812,12.580810546875,56.197166442871094,24,24
129,car,9,False,False,351,2026-03-02 15:54:56.290,33.0,788.8349609375,216.5011749267578,12.574479103088379,55.14239501953125,24,24
129,car,9,False,False,352,2026-03-02 15:54:56.655,33.0,783.1317138671875,213.88900756835938,12.592644691467285,54.349735260009766,24,24
129,car,9,False,False,353,2026-03-02 15:54:57.018,34.0,778.49169921875,211.82705688476562,12.604002952575684,53.70597457885742,24,24
129,car,9,False,False,354,2026-03-02 15:54:57.431,34.0,773.637939453125,210.22171020507812,12.583332061767578,53.14951705932617,24,24
129,car,9,False,False,355,2026-03-02 15:54:57.793,33.0,769.1051025390625,208.68386840820312,12.566057205200195,52.613250732421875,24,24
129,car,9,False,False,356,2026-03-02 15:54:58.151,33.0,761.3616943359375,205.40472412109375,12.575358390808105,51.519187927246094,24,24
129,car,9,False,False,357,2026-03-02 15:54:58.519,34.0,756.1417236328125,203.5985107421875,12.557083129882812,50.86483383178711,24,24
129,car,9,False,False,358,2026-03-02 15:54:58.879,34.0,751.26904296875,201.97512817382812,12.535897254943848,50.260009765625,24,24
129,car,9,False,False,359,2026-03-02 15:54:59.239,35.0,746.9122924804688,199.9835968017578,12.550081253051758,49.57054901123047,24,24
129,car,9,False,False,360,2026-03-02 15:54:59.599,34.0,742.7914428710938,198.48638916015625,12.53958511352539,49.0093879699707,24,24
131,car,9,False,False,328,2026-03-02 15:54:47.495,0.0,1149.438720703125,338.1546630859375,13.466705322265625,81.14397430419922,1,1
131,car,9,False,False,329,2026-03-02 15:54:47.864,31.0,1138.2894287109375,333.646240234375,13.478663444519043,80.55753326416016,2,2
131,car,9,False,False,330,2026-03-02 15:54:48.311,31.0,1127.3988037109375,329.37249755859375,13.485325813293457,79.98029327392578,3,3
131,car,9,False,False,331,2026-03-02 15:54:48.763,31.0,1116.61279296875,325.2200927734375,13.488765716552734,79.40090942382812,4,4
131,car,9,False,False,332,2026-03-02 15:54:49.142,31.0,1100.3193359375,318.9309387207031,13.494820594787598,78.49683380126953,5,5
131,car,9,False,False,333,2026-03-02 15:54:49.521,31.0,1088.57763671875,314.2808532714844,13.504373550415039,77.81324768066406,6,6
131,car,9,False,False,334,2026-03-02 15:54:49.901,32.0,1078.6326904296875,310.20599365234375,13.51859188079834,77.20631408691406,7,7
131,car,9,False,False,335,2026-03-02 15:54:50.283,31.0,1069.274169921875,306.827880859375,13.512267112731934,76.66468048095703,8,8
131,car,9,False,False,336,2026-03-02 15:54:50.672,31.0,1059.6666259765625,303.6243896484375,13.493925094604492,76.12246704101562,9,9
131,car,9,False,False,337,2026-03-02 15:54:51.046,31.0,1041.089111328125,295.69915771484375,13.535680770874023,74.86274719238281,10,10
131,car,9,False,False,338,2026-03-02 15:54:51.537,32.0,1028.5745849609375,290.71490478515625,13.548611640930176,74.01587677001953,11,11
131,car,9,False,False,339,2026-03-02 15:54:51.909,32.0,1019.4840087890625,287.2169189453125,13.552532196044922,73.39683532714844,12,12
131,car,9,False,False,340,2026-03-02 15:54:52.267,32.0,1011.0860595703125,284.212646484375,13.545491218566895,72.83802795410156,13,13
131,car,9,False,False,341,2026-03-02 15:54:52.627,32.0,998.5800170898438,278.89874267578125,13.575122833251953,71.88450622558594,14,14
131,car,9,False,False,342,2026-03-02 15:54:52.993,32.0,989.0166015625,275.2603759765625,13.577726364135742,71.18425750732422,15,15
131,car,9,False,False,343,2026-03-02 15:54:53.357,32.0,981.1141357421875,272.3482360839844,13.575275421142578,70.60408782958984,16,16
131,car,9,False,False,344,2026-03-02 15:54:53.721,32.0,973.853271484375,269.5736999511719,13.577898979187012,70.04769897460938,17,17
131,car,9,False,False,345,2026-03-02 15:54:54.085,31.0,967.2813110351562,266.9254150390625,13.587206840515137,69.51651000976562,18,18
131,car,9,False,False,346,2026-03-02 15:54:54.461,32.0,953.8756103515625,261.8826599121094,13.588316917419434,68.45112609863281,19,19
131,car,10,True,False,347,2026-03-02 15:54:54.826,32.0,945.0469970703125,258.0912170410156,13.613504409790039,67.66082763671875,20,20
131,car,10,True,False,348,2026-03-02 15:54:55.187,32.0,937.69775390625,255.32679748535156,13.61439323425293,67.04351806640625,21,21
131,car,10,True,False,349,2026-03-02 15:54:55.555,32.0,931.4619750976562,253.0770263671875,13.610082626342773,66.52400207519531,22,22
131,car,10,True,False,350,2026-03-02 15:54:55.930,32.0,925.372314453125,250.40040588378906,13.631461143493652,65.93485260009766,23,23
131,car,10,True,False,351,2026-03-02 15:54:56.290,32.0,914.1705932617188,246.6051788330078,13.610403060913086,64.99928283691406,24,24
131,car,10,True,False,352,2026-03-02 15:54:56.655,33.0,906.3524169921875,243.3003387451172,13.631380081176758,64.22290802001953,24,24
131,car,10,True,False,353,2026-03-02 15:54:57.018,33.0,900.272216796875,240.93319702148438,13.63676929473877,63.63920974731445,24,24
131,car,10,True,False,354,2026-03-02 15:54:57.431,33.0,894.2161254882812,238.8709716796875,13.62566089630127,63.09733963012695,24,24
131,car,10,True,False,355,2026-03-02 15:54:57.793,32.0,887.8018798828125,237.00318908691406,13.595846176147461,62.568572998046875,24,24
131,car,10,True,False,356,2026-03-02 15:54:58.151,32.0,878.063232421875,233.13307189941406,13.608709335327148,61.56464767456055,24,24
131,car,10,True,False,357,2026-03-02 15:54:58.519,33.0,871.182373046875,230.60830688476562,13.605901718139648,60.87489700317383,24,24
131,car,10,True,False,358,2026-03-02 15:54:58.879,33.0,864.9534301757812,228.10736083984375,13.615897178649902,60.19736862182617,24,24
131,car,10,True,False,359,2026-03-02 15:54:59.239,33.0,858.961669921875,226.17034912109375,13.598051071166992,59.62282180786133,24,24
131,car,10,True,False,360,2026-03-02 15:54:59.599,33.0,853.2138671875,224.6240997314453,13.562179565429688,59.12392807006836,24,24
135,car,9,False,False,342,2026-03-02 15:54:52.993,0.0,1151.72900390625,338.59698486328125,13.4835205078125,81.22645568847656,1,1
135,car,9,False,False,343,2026-03-02 15:54:53.357,32.0,1139.29296875,334.16912841796875,13.472855567932129,80.6199951171875,2,2
135,car,9,False,False,344,2026-03-02 15:54:53.721,32.0,1127.87255859375,329.65826416015625,13.480953216552734,80.0136947631836,3,3
135,car,9,False,False,345,2026-03-02 15:54:54.085,32.0,1117.193359375,325.43402099609375,13.488974571228027,79.4316635131836,4,4
135,car,9,False,False,346,2026-03-02 15:54:54.461,32.0,1098.0791015625,318.2528076171875,13.48778247833252,78.38613891601562,5,5
135,car,9,False,False,347,2026-03-02 15:54:54.826,32.0,1085.47265625,313.22314453125,13.499556541442871,77.64483642578125,6,6
135,car,9,False,False,348,2026-03-02 15:54:55.187,33.0,1074.357421875,309.1748046875,13.493431091308594,77.00830841064453,7,7
135,car,9,False,False,349,2026-03-02 15:54:55.555,32.0,1065.03271484375,305.4891052246094,13.500894546508789,76.43394470214844,8,8
135,car,9,False,False,350,2026-03-02 15:54:55.930,32.0,1055.4188232421875,301.5909423828125,13.513145446777344,75.8179931640625,9,9
135,car,9,False,False,351,2026-03-02 15:54:56.290,33.0,1039.52783203125,295.7819519042969,13.505228042602539,74.83212280273438,10,10
135,car,9,False,False,352,2026-03-02 15:54:56.655,33.0,1028.56201171875,290.80047607421875,13.544435501098633,74.02482604980469,11,11
135,car,9,False,False,353,2026-03-02 15:54:57.073,34.0,1019.44921875,287.13214111328125,13.555890083312988,73.386474609375,12,12
135,car,9,False,False,354,2026-03-02 15:54:57.431,33.0,1010.4100341796875,283.8021240234375,13.552900314331055,72.7732162475586,13,13
135,car,9,False,False,355,2026-03-02 15:54:57.793,33.0,1002.122314453125,280.7091064453125,13.552005767822266,72.19402313232422,14,14
135,car,9,False,False,356,2026-03-02 15:54:58.151,33.0,988.6688232421875,275.19342041015625,13.574630737304688,71.16651916503906,15,15
135,car,9,False,False,357,2026-03-02 15:54:58.519,34.0,978.799560546875,271.48834228515625,13.574891090393066,70.43102264404297,16,16
135,car,9,False,False,358,2026-03-02 15:54:58.879,34.0,970.2745361328125,267.750244140625,13.60206413269043,69.7096939086914,17,17
135,car,10,True,False,359,2026-03-02 15:54:59.239,34.0,961.921875,264.4635009765625,13.610270500183105,69.03511047363281,18,18
135,car,10,True,False,360,2026-03-02 15:54:59.599,34.0,954.357666015625,261.7132568359375,13.606252670288086,68.441650390625,19,19
